QKEY,F_INC_SDT1,F_EDUCCAT,F_AGECAT,F_GENDER,F_RACECMB,F_RACETHNMOD,CHATUSE_W152,USEAI_W152
100314,7.0,2.0,4.0,1.0,1.0,1.0,,5.0
103379,9.0,2.0,4.0,1.0,1.0,1.0,,5.0
104727,,3.0,3.0,1.0,1.0,1.0,,5.0
106590,8.0,1.0,3.0,2.0,1.0,1.0,,5.0
107668,9.0,1.0,3.0,2.0,1.0,1.0,0.0,3.0
108435,9.0,1.0,4.0,2.0,1.0,1.0,0.0,2.0
108592,5.0,2.0,4.0,2.0,2.0,2.0,0.0,3.0
112238,6.0,3.0,4.0,2.0,1.0,1.0,,5.0
112371,3.0,2.0,3.0,2.0,1.0,3.0,0.0,5.0
116422,5.0,3.0,4.0,2.0,1.0,1.0,,5.0
116591,2.0,3.0,4.0,2.0,1.0,1.0,,5.0
118110,,3.0,3.0,2.0,1.0,1.0,,5.0
118218,3.0,2.0,4.0,2.0,1.0,1.0,0.0,2.0
126211,2.0,3.0,4.0,1.0,1.0,1.0,0.0,2.0
127160,5.0,1.0,2.0,2.0,5.0,4.0,0.0,5.0
127284,6.0,2.0,3.0,2.0,1.0,1.0,0.0,2.0
133700,2.0,3.0,4.0,2.0,1.0,1.0,,5.0
144736,9.0,1.0,3.0,2.0,1.0,1.0,1.0,2.0
145364,9.0,3.0,3.0,1.0,1.0,1.0,0.0,2.0
145447,9.0,1.0,4.0,2.0,1.0,1.0,1.0,4.0
145887,,1.0,4.0,2.0,1.0,1.0,0.0,4.0
146434,,3.0,4.0,2.0,1.0,1.0,,5.0
149866,2.0,3.0,4.0,2.0,1.0,1.0,0.0,5.0
152957,1.0,3.0,4.0,2.0,1.0,1.0,,5.0
154578,1.0,3.0,4.0,2.0,1.0,3.0,,5.0
156660,6.0,1.0,3.0,1.0,1.0,1.0,0.0,2.0
159075,1.0,2.0,4.0,1.0,4.0,4.0,0.0,2.0
161820,3.0,1.0,3.0,2.0,1.0,1.0,,5.0
162119,1.0,1.0,4.0,2.0,1.0,1.0,0.0,2.0
164425,2.0,3.0,4.0,1.0,1.0,1.0,0.0,5.0
175192,5.0,2.0,3.0,1.0,1.0,1.0,0.0,5.0
175363,9.0,1.0,3.0,1.0,4.0,4.0,,4.0
176680,3.0,2.0,3.0,2.0,1.0,1.0,1.0,5.0
176940,9.0,3.0,4.0,2.0,1.0,1.0,1.0,3.0
178470,1.0,2.0,3.0,2.0,2.0,2.0,1.0,5.0
179979,1.0,3.0,4.0,2.0,1.0,1.0,,4.0
185944,3.0,3.0,4.0,2.0,4.0,4.0,,5.0
186444,1.0,2.0,3.0,2.0,1.0,1.0,0.0,4.0
186980,1.0,1.0,3.0,2.0,1.0,1.0,0.0,5.0
188109,9.0,1.0,4.0,1.0,2.0,2.0,0.0,5.0
191336,3.0,3.0,3.0,1.0,1.0,1.0,1.0,3.0
192568,6.0,1.0,4.0,1.0,1.0,1.0,0.0,5.0
194477,3.0,3.0,3.0,2.0,1.0,3.0,,1.0
196610,9.0,1.0,3.0,2.0,3.0,5.0,1.0,3.0
198176,5.0,2.0,4.0,2.0,1.0,1.0,1.0,2.0
198205,4.0,2.0,4.0,1.0,1.0,1.0,0.0,2.0
201095,9.0,1.0,4.0,1.0,1.0,3.0,,5.0
204164,7.0,2.0,4.0,1.0,1.0,3.0,,3.0
204329,5.0,1.0,4.0,2.0,1.0,1.0,,5.0
205459,1.0,3.0,4.0,2.0,1.0,1.0,,5.0
207436,9.0,2.0,4.0,2.0,1.0,1.0,,5.0
208237,3.0,1.0,4.0,2.0,1.0,1.0,0.0,5.0
210306,9.0,2.0,4.0,1.0,1.0,1.0,,3.0
212492,7.0,2.0,4.0,1.0,1.0,1.0,,5.0
213161,9.0,1.0,4.0,2.0,4.0,4.0,0.0,4.0
213541,8.0,3.0,3.0,2.0,1.0,1.0,0.0,2.0
215767,8.0,2.0,2.0,2.0,1.0,1.0,,5.0
224561,1.0,2.0,4.0,2.0,2.0,2.0,,5.0
230587,1.0,3.0,3.0,1.0,1.0,1.0,,5.0
232685,,2.0,3.0,1.0,2.0,2.0,,2.0
236140,9.0,1.0,2.0,2.0,1.0,1.0,,4.0
236265,7.0,1.0,4.0,2.0,1.0,1.0,,5.0
239268,1.0,2.0,3.0,2.0,1.0,1.0,0.0,2.0
244539,4.0,3.0,4.0,2.0,1.0,1.0,,5.0
245863,2.0,2.0,4.0,2.0,1.0,1.0,,5.0
247321,3.0,2.0,4.0,2.0,1.0,1.0,0.0,5.0
247860,4.0,2.0,4.0,1.0,1.0,1.0,0.0,5.0
274825,9.0,1.0,2.0,1.0,1.0,1.0,0.0,2.0
276645,1.0,3.0,2.0,2.0,1.0,3.0,,5.0
278114,5.0,1.0,2.0,2.0,1.0,1.0,,5.0
280165,9.0,2.0,4.0,1.0,1.0,1.0,0.0,5.0
281372,4.0,2.0,4.0,2.0,1.0,1.0,0.0,2.0
283898,9.0,2.0,3.0,1.0,5.0,3.0,1.0,5.0
283988,9.0,1.0,3.0,1.0,1.0,1.0,1.0,4.0
285723,2.0,2.0,4.0,2.0,1.0,1.0,,5.0
286551,5.0,2.0,4.0,2.0,1.0,1.0,0.0,2.0
289390,1.0,2.0,3.0,1.0,1.0,1.0,,4.0
289477,,1.0,3.0,2.0,5.0,4.0,,5.0
291468,9.0,1.0,4.0,1.0,1.0,1.0,,4.0
292740,5.0,3.0,4.0,1.0,1.0,1.0,,3.0
292849,1.0,2.0,3.0,1.0,1.0,1.0,0.0,4.0
295064,9.0,2.0,3.0,1.0,1.0,1.0,0.0,5.0
296850,9.0,1.0,4.0,1.0,1.0,1.0,0.0,5.0
300234,4.0,2.0,4.0,2.0,1.0,1.0,,5.0
302389,1.0,3.0,4.0,2.0,1.0,1.0,,5.0
302693,9.0,2.0,4.0,2.0,1.0,1.0,,5.0
302919,,2.0,4.0,2.0,1.0,1.0,,5.0
303072,,3.0,4.0,1.0,1.0,1.0,0.0,5.0
303646,9.0,1.0,4.0,2.0,1.0,1.0,0.0,2.0
305771,2.0,3.0,4.0,1.0,1.0,1.0,0.0,5.0
306597,2.0,3.0,3.0,1.0,1.0,1.0,,5.0
307284,6.0,1.0,4.0,2.0,1.0,1.0,0.0,3.0
307317,9.0,1.0,3.0,1.0,1.0,1.0,0.0,4.0
307718,1.0,1.0,3.0,1.0,3.0,5.0,1.0,2.0
308926,,1.0,3.0,1.0,,,0.0,3.0
309053,7.0,1.0,1.0,1.0,1.0,1.0,0.0,3.0
310985,3.0,1.0,4.0,2.0,1.0,1.0,,2.0
314113,5.0,3.0,4.0,2.0,1.0,1.0,,5.0
314294,9.0,1.0,4.0,2.0,1.0,1.0,0.0,5.0
314546,8.0,1.0,3.0,1.0,1.0,1.0,1.0,2.0
315155,8.0,1.0,4.0,2.0,1.0,1.0,0.0,2.0
317737,,2.0,4.0,2.0,1.0,1.0,0.0,2.0
318542,9.0,1.0,4.0,1.0,1.0,1.0,,4.0
323595,9.0,3.0,3.0,2.0,1.0,1.0,,2.0
324919,2.0,2.0,4.0,1.0,1.0,1.0,,5.0
324930,9.0,1.0,3.0,1.0,4.0,4.0,1.0,2.0
326974,2.0,2.0,2.0,2.0,2.0,2.0,0.0,1.0
329545,7.0,2.0,4.0,2.0,1.0,1.0,0.0,2.0
330324,9.0,2.0,4.0,1.0,4.0,3.0,,4.0
331946,9.0,3.0,3.0,1.0,1.0,1.0,0.0,5.0
333245,3.0,3.0,4.0,2.0,1.0,1.0,,5.0
336843,1.0,2.0,3.0,2.0,2.0,2.0,1.0,3.0
339183,5.0,3.0,3.0,2.0,1.0,1.0,,3.0
339573,5.0,2.0,3.0,2.0,1.0,3.0,,5.0
340705,9.0,2.0,3.0,2.0,1.0,1.0,0.0,2.0
341538,2.0,2.0,4.0,1.0,2.0,2.0,,5.0
341801,9.0,2.0,4.0,2.0,1.0,1.0,0.0,5.0
342298,8.0,1.0,4.0,1.0,1.0,1.0,,2.0
600116,6.0,3.0,4.0,1.0,1.0,1.0,0.0,2.0
600226,5.0,2.0,4.0,1.0,1.0,1.0,0.0,3.0
600312,1.0,3.0,4.0,2.0,5.0,3.0,,5.0
600325,5.0,2.0,3.0,2.0,2.0,2.0,0.0,5.0
600689,9.0,1.0,4.0,1.0,1.0,1.0,,4.0
600775,7.0,3.0,3.0,1.0,2.0,2.0,1.0,5.0
601158,1.0,1.0,4.0,2.0,1.0,1.0,0.0,4.0
601394,6.0,2.0,1.0,1.0,1.0,1.0,1.0,3.0
601493,6.0,2.0,2.0,1.0,1.0,1.0,1.0,3.0
601754,9.0,2.0,2.0,1.0,1.0,3.0,0.0,2.0
603590,9.0,2.0,2.0,1.0,4.0,4.0,1.0,1.0
603718,2.0,1.0,3.0,1.0,2.0,2.0,,5.0
603769,6.0,1.0,4.0,1.0,5.0,4.0,0.0,4.0
604753,2.0,3.0,2.0,1.0,5.0,3.0,,5.0
605031,6.0,3.0,2.0,1.0,1.0,1.0,0.0,3.0
605493,7.0,1.0,2.0,2.0,5.0,4.0,,2.0
606046,9.0,2.0,3.0,1.0,1.0,1.0,1.0,2.0
606210,,2.0,3.0,1.0,2.0,2.0,,3.0
606454,4.0,2.0,4.0,1.0,1.0,1.0,,5.0
606761,8.0,1.0,4.0,1.0,1.0,1.0,,4.0
607371,1.0,2.0,2.0,2.0,5.0,3.0,1.0,4.0
608960,9.0,1.0,2.0,2.0,1.0,1.0,0.0,4.0
609379,1.0,3.0,4.0,2.0,1.0,3.0,,5.0
610035,9.0,1.0,2.0,1.0,1.0,3.0,1.0,
610190,9.0,1.0,4.0,2.0,1.0,3.0,1.0,2.0
610217,4.0,1.0,2.0,1.0,1.0,1.0,0.0,3.0
610281,4.0,2.0,4.0,1.0,1.0,1.0,,4.0
610814,1.0,1.0,3.0,2.0,2.0,2.0,,5.0
610816,8.0,1.0,2.0,2.0,1.0,1.0,0.0,2.0
611890,7.0,2.0,3.0,1.0,2.0,2.0,0.0,4.0
612401,9.0,1.0,2.0,2.0,1.0,1.0,0.0,5.0
612650,1.0,2.0,4.0,2.0,1.0,1.0,0.0,5.0
613053,3.0,3.0,4.0,1.0,1.0,1.0,,5.0
613070,5.0,2.0,4.0,1.0,1.0,1.0,0.0,3.0
613169,9.0,1.0,4.0,2.0,1.0,1.0,0.0,5.0
613898,2.0,2.0,4.0,2.0,1.0,1.0,0.0,5.0
614200,4.0,3.0,3.0,2.0,3.0,5.0,,5.0
614506,6.0,1.0,3.0,1.0,1.0,1.0,0.0,2.0
614926,9.0,2.0,3.0,1.0,1.0,1.0,1.0,2.0
615441,6.0,3.0,2.0,1.0,1.0,1.0,1.0,5.0
615814,9.0,1.0,4.0,1.0,1.0,3.0,,2.0
615859,6.0,1.0,2.0,1.0,1.0,1.0,0.0,5.0
616019,1.0,3.0,4.0,2.0,1.0,1.0,0.0,3.0
616040,,2.0,2.0,1.0,1.0,1.0,0.0,2.0
616473,1.0,3.0,4.0,1.0,1.0,1.0,,5.0
616524,9.0,2.0,2.0,1.0,1.0,1.0,1.0,2.0
617060,9.0,3.0,2.0,1.0,1.0,1.0,0.0,4.0
617352,9.0,1.0,3.0,2.0,1.0,1.0,,5.0
617761,9.0,1.0,2.0,1.0,1.0,1.0,1.0,2.0
617915,1.0,2.0,2.0,1.0,1.0,1.0,0.0,3.0
617960,3.0,2.0,2.0,1.0,1.0,1.0,1.0,2.0
619244,1.0,3.0,2.0,2.0,2.0,2.0,,5.0
619452,5.0,1.0,4.0,1.0,1.0,1.0,0.0,4.0
619716,1.0,3.0,2.0,2.0,2.0,2.0,,5.0
620279,3.0,3.0,2.0,1.0,1.0,1.0,,5.0
621140,5.0,1.0,2.0,1.0,1.0,1.0,1.0,2.0
622345,7.0,1.0,2.0,1.0,1.0,1.0,0.0,2.0
622422,1.0,2.0,2.0,2.0,1.0,1.0,1.0,4.0
622962,9.0,1.0,2.0,1.0,1.0,1.0,1.0,4.0
623771,9.0,3.0,2.0,1.0,1.0,1.0,,5.0
623809,7.0,1.0,2.0,2.0,1.0,1.0,,5.0
624681,4.0,3.0,4.0,1.0,1.0,1.0,0.0,2.0
624877,9.0,2.0,2.0,1.0,1.0,1.0,0.0,3.0
625088,5.0,3.0,2.0,2.0,1.0,1.0,0.0,5.0
625237,3.0,1.0,2.0,1.0,1.0,1.0,1.0,2.0
626046,9.0,1.0,2.0,1.0,1.0,1.0,1.0,3.0
626204,5.0,3.0,2.0,2.0,1.0,1.0,,3.0
626287,6.0,1.0,2.0,2.0,1.0,1.0,0.0,2.0
626293,9.0,2.0,2.0,1.0,4.0,3.0,1.0,2.0
626361,7.0,1.0,4.0,2.0,1.0,1.0,,5.0
626763,5.0,1.0,4.0,2.0,1.0,1.0,,5.0
627600,9.0,1.0,2.0,1.0,3.0,5.0,1.0,2.0
627963,9.0,1.0,2.0,2.0,4.0,4.0,1.0,2.0
628369,9.0,1.0,2.0,2.0,1.0,1.0,0.0,2.0
628500,4.0,2.0,4.0,1.0,1.0,1.0,,3.0
630394,6.0,3.0,4.0,2.0,1.0,1.0,,3.0
630914,6.0,2.0,2.0,1.0,1.0,1.0,0.0,5.0
632259,8.0,1.0,4.0,2.0,1.0,1.0,0.0,2.0
632751,9.0,1.0,2.0,1.0,2.0,2.0,1.0,2.0
633032,4.0,1.0,4.0,2.0,1.0,1.0,0.0,2.0
633508,9.0,1.0,3.0,1.0,1.0,1.0,0.0,4.0
633591,6.0,3.0,2.0,1.0,1.0,3.0,0.0,2.0
633723,5.0,1.0,2.0,1.0,4.0,4.0,0.0,5.0
634778,5.0,2.0,4.0,1.0,1.0,1.0,0.0,4.0
637024,8.0,1.0,1.0,1.0,2.0,2.0,1.0,5.0
637832,7.0,1.0,3.0,1.0,1.0,1.0,1.0,3.0
638201,9.0,2.0,4.0,2.0,2.0,2.0,,2.0
639274,6.0,1.0,4.0,1.0,1.0,1.0,,5.0
639392,9.0,2.0,2.0,1.0,1.0,3.0,1.0,3.0
642550,4.0,3.0,4.0,1.0,1.0,1.0,,5.0
642888,9.0,1.0,2.0,2.0,4.0,4.0,1.0,2.0
644610,8.0,3.0,2.0,1.0,1.0,1.0,1.0,3.0
644744,7.0,1.0,3.0,2.0,1.0,1.0,0.0,5.0
645663,1.0,2.0,4.0,1.0,1.0,1.0,0.0,1.0
645909,6.0,2.0,2.0,2.0,1.0,1.0,,5.0
646079,7.0,1.0,2.0,2.0,1.0,1.0,0.0,3.0
648143,7.0,3.0,3.0,2.0,1.0,1.0,1.0,5.0
649196,2.0,2.0,4.0,1.0,2.0,2.0,0.0,2.0
649236,1.0,2.0,2.0,2.0,2.0,2.0,0.0,5.0
649446,9.0,1.0,3.0,1.0,1.0,1.0,0.0,4.0
649640,7.0,2.0,4.0,1.0,,,0.0,
649965,5.0,3.0,4.0,1.0,1.0,1.0,0.0,5.0
650035,7.0,3.0,4.0,2.0,1.0,1.0,,2.0
650620,9.0,1.0,2.0,2.0,3.0,5.0,1.0,1.0
651047,7.0,3.0,4.0,1.0,1.0,1.0,,5.0
651102,3.0,1.0,2.0,2.0,1.0,3.0,,4.0
651256,9.0,1.0,2.0,2.0,3.0,5.0,0.0,3.0
651351,6.0,1.0,2.0,3.0,1.0,1.0,1.0,4.0
651541,,3.0,4.0,1.0,1.0,1.0,,5.0
651697,5.0,1.0,3.0,2.0,1.0,3.0,,4.0
652882,9.0,2.0,3.0,1.0,1.0,1.0,0.0,5.0
653320,3.0,2.0,2.0,1.0,1.0,1.0,0.0,5.0
653382,9.0,2.0,2.0,2.0,1.0,3.0,1.0,3.0
653972,6.0,2.0,2.0,1.0,5.0,3.0,1.0,5.0
654117,8.0,2.0,4.0,1.0,1.0,1.0,,5.0
654339,4.0,2.0,3.0,2.0,5.0,3.0,0.0,5.0
654956,9.0,1.0,2.0,1.0,1.0,1.0,1.0,5.0
654983,1.0,1.0,2.0,2.0,1.0,1.0,0.0,5.0
655082,9.0,2.0,4.0,2.0,1.0,1.0,,5.0
655262,,3.0,4.0,1.0,1.0,1.0,0.0,5.0
655988,2.0,1.0,4.0,1.0,3.0,5.0,1.0,3.0
656538,9.0,1.0,4.0,1.0,1.0,1.0,0.0,4.0
656829,1.0,1.0,2.0,1.0,1.0,1.0,0.0,5.0
657074,9.0,1.0,3.0,1.0,1.0,1.0,0.0,5.0
657458,6.0,1.0,4.0,1.0,1.0,1.0,0.0,3.0
657763,8.0,1.0,2.0,1.0,1.0,1.0,1.0,1.0
657883,4.0,2.0,2.0,2.0,1.0,1.0,1.0,4.0
658382,9.0,2.0,2.0,1.0,4.0,3.0,0.0,2.0
658853,9.0,1.0,3.0,1.0,1.0,1.0,0.0,3.0
659049,9.0,1.0,2.0,1.0,1.0,1.0,1.0,4.0
659421,8.0,1.0,3.0,1.0,1.0,1.0,0.0,4.0
659504,9.0,1.0,2.0,2.0,1.0,1.0,0.0,2.0
659809,2.0,3.0,2.0,2.0,5.0,3.0,,5.0
661080,1.0,2.0,4.0,2.0,1.0,1.0,,5.0
661138,9.0,1.0,3.0,1.0,2.0,2.0,0.0,5.0
661214,9.0,1.0,2.0,1.0,1.0,1.0,1.0,2.0
661671,4.0,3.0,4.0,2.0,1.0,1.0,1.0,2.0
662041,9.0,1.0,2.0,1.0,1.0,1.0,1.0,2.0
662351,1.0,3.0,1.0,2.0,1.0,1.0,0.0,4.0
662436,9.0,1.0,4.0,1.0,1.0,1.0,0.0,3.0
662836,5.0,2.0,3.0,1.0,1.0,1.0,0.0,5.0
662893,9.0,1.0,4.0,2.0,1.0,1.0,1.0,4.0
663701,9.0,1.0,2.0,1.0,1.0,1.0,0.0,2.0
663796,9.0,1.0,2.0,1.0,4.0,3.0,1.0,2.0
664031,9.0,1.0,2.0,1.0,1.0,1.0,1.0,1.0
664057,7.0,2.0,4.0,1.0,1.0,1.0,0.0,5.0
664150,5.0,2.0,3.0,1.0,1.0,3.0,0.0,3.0
664445,7.0,1.0,1.0,2.0,1.0,1.0,1.0,2.0
664790,1.0,2.0,3.0,1.0,1.0,1.0,1.0,1.0
664850,7.0,2.0,3.0,1.0,1.0,1.0,1.0,4.0
665456,9.0,1.0,2.0,2.0,1.0,1.0,1.0,3.0
665982,1.0,2.0,3.0,2.0,4.0,3.0,,
666122,4.0,1.0,2.0,2.0,1.0,1.0,1.0,3.0
666547,9.0,2.0,3.0,1.0,1.0,3.0,0.0,4.0
667336,4.0,2.0,4.0,1.0,3.0,5.0,,5.0
667828,2.0,3.0,3.0,1.0,5.0,3.0,0.0,2.0
668019,9.0,1.0,2.0,1.0,1.0,1.0,1.0,2.0
668132,6.0,2.0,2.0,1.0,1.0,1.0,1.0,4.0
668249,6.0,1.0,2.0,1.0,1.0,1.0,1.0,4.0
668325,1.0,3.0,2.0,2.0,5.0,4.0,0.0,5.0
668723,6.0,1.0,2.0,1.0,1.0,1.0,,2.0
669732,5.0,1.0,3.0,2.0,2.0,2.0,0.0,2.0
669967,6.0,2.0,4.0,2.0,1.0,1.0,0.0,5.0
670311,9.0,2.0,2.0,1.0,3.0,5.0,,4.0
671577,9.0,2.0,2.0,2.0,1.0,1.0,1.0,2.0
672012,9.0,1.0,2.0,1.0,1.0,1.0,1.0,2.0
672514,9.0,2.0,2.0,1.0,1.0,1.0,0.0,5.0
672516,5.0,1.0,2.0,1.0,1.0,1.0,1.0,2.0
672976,7.0,2.0,2.0,1.0,1.0,1.0,0.0,5.0
673054,1.0,1.0,3.0,2.0,1.0,1.0,0.0,4.0
673096,4.0,3.0,4.0,1.0,2.0,2.0,0.0,5.0
673644,4.0,1.0,3.0,1.0,1.0,1.0,1.0,4.0
674011,9.0,1.0,3.0,2.0,3.0,5.0,1.0,2.0
674200,7.0,1.0,2.0,1.0,1.0,1.0,1.0,2.0
674255,4.0,2.0,4.0,1.0,4.0,4.0,0.0,5.0
674682,9.0,1.0,2.0,1.0,2.0,2.0,1.0,3.0
674960,3.0,2.0,2.0,2.0,4.0,4.0,1.0,2.0
675257,9.0,2.0,2.0,1.0,1.0,1.0,1.0,2.0
676644,5.0,1.0,3.0,2.0,1.0,1.0,,4.0
677397,8.0,1.0,4.0,1.0,1.0,1.0,,5.0
677553,9.0,1.0,2.0,2.0,1.0,1.0,1.0,3.0
677559,2.0,3.0,3.0,1.0,5.0,3.0,,5.0
678074,9.0,1.0,2.0,2.0,1.0,1.0,0.0,2.0
678383,1.0,3.0,3.0,2.0,1.0,3.0,,5.0
678783,9.0,1.0,2.0,2.0,1.0,1.0,1.0,4.0
678920,3.0,2.0,4.0,2.0,1.0,1.0,,5.0
679176,7.0,2.0,2.0,1.0,3.0,5.0,0.0,5.0
679496,6.0,2.0,4.0,1.0,4.0,3.0,0.0,5.0
680275,3.0,2.0,4.0,1.0,2.0,2.0,,5.0
680458,6.0,3.0,2.0,2.0,1.0,3.0,,5.0
680547,3.0,1.0,2.0,2.0,1.0,1.0,1.0,2.0
680585,9.0,2.0,3.0,1.0,1.0,1.0,1.0,4.0
680766,8.0,1.0,4.0,1.0,1.0,1.0,0.0,2.0
681508,2.0,3.0,2.0,2.0,1.0,1.0,,5.0
682887,9.0,1.0,2.0,1.0,1.0,1.0,0.0,2.0
683500,3.0,1.0,2.0,1.0,1.0,1.0,0.0,2.0
684598,2.0,2.0,2.0,2.0,1.0,1.0,0.0,5.0
685156,7.0,1.0,2.0,2.0,1.0,1.0,,5.0
685341,4.0,1.0,3.0,2.0,1.0,1.0,0.0,5.0
685770,6.0,1.0,4.0,1.0,1.0,1.0,1.0,4.0
686774,1.0,3.0,4.0,1.0,1.0,1.0,0.0,4.0
686950,9.0,1.0,2.0,2.0,1.0,1.0,,2.0
687555,8.0,1.0,2.0,2.0,1.0,1.0,0.0,5.0
687565,5.0,2.0,3.0,1.0,2.0,2.0,1.0,5.0
688022,9.0,1.0,1.0,1.0,3.0,5.0,0.0,3.0
688663,5.0,3.0,2.0,2.0,1.0,1.0,0.0,5.0
689257,9.0,1.0,2.0,2.0,1.0,1.0,0.0,2.0
690065,9.0,1.0,2.0,1.0,1.0,1.0,1.0,2.0
690122,9.0,1.0,4.0,1.0,1.0,1.0,0.0,4.0
690640,6.0,1.0,2.0,1.0,1.0,1.0,1.0,2.0
690650,5.0,1.0,2.0,2.0,2.0,2.0,0.0,5.0
690653,3.0,2.0,4.0,1.0,1.0,1.0,0.0,2.0
691480,1.0,2.0,2.0,1.0,4.0,3.0,,1.0
691647,8.0,1.0,4.0,2.0,1.0,1.0,,5.0
692394,8.0,3.0,2.0,1.0,1.0,1.0,1.0,4.0
692468,3.0,3.0,4.0,2.0,1.0,1.0,,5.0
692848,9.0,3.0,3.0,1.0,1.0,1.0,,5.0
694740,5.0,2.0,4.0,2.0,1.0,1.0,,5.0
694952,6.0,1.0,3.0,1.0,5.0,3.0,1.0,2.0
695017,9.0,1.0,2.0,1.0,1.0,1.0,0.0,3.0
695649,9.0,1.0,2.0,2.0,1.0,1.0,0.0,3.0
697609,2.0,3.0,4.0,1.0,1.0,1.0,,5.0
698477,1.0,3.0,2.0,3.0,1.0,3.0,1.0,4.0
698713,9.0,2.0,2.0,1.0,4.0,3.0,1.0,4.0
698957,8.0,2.0,2.0,1.0,1.0,3.0,,5.0
699458,7.0,1.0,2.0,1.0,1.0,1.0,,2.0
699479,9.0,1.0,4.0,1.0,1.0,1.0,,2.0
699679,7.0,2.0,2.0,1.0,1.0,1.0,0.0,2.0
699716,9.0,2.0,4.0,1.0,1.0,1.0,0.0,5.0
699982,9.0,1.0,2.0,1.0,1.0,3.0,1.0,2.0
701811,4.0,3.0,3.0,2.0,1.0,1.0,0.0,4.0
702321,4.0,3.0,3.0,1.0,2.0,2.0,,5.0
702342,9.0,3.0,3.0,2.0,1.0,1.0,0.0,4.0
702398,2.0,2.0,3.0,1.0,1.0,3.0,0.0,3.0
702867,2.0,2.0,4.0,2.0,1.0,3.0,,5.0
703189,1.0,1.0,3.0,2.0,1.0,1.0,1.0,2.0
703244,7.0,1.0,2.0,1.0,3.0,5.0,1.0,2.0
703526,3.0,2.0,4.0,2.0,1.0,1.0,,2.0
703590,7.0,2.0,4.0,2.0,1.0,1.0,0.0,2.0
703867,4.0,3.0,4.0,2.0,1.0,1.0,,5.0
703882,4.0,3.0,4.0,1.0,2.0,2.0,0.0,5.0
705066,8.0,1.0,2.0,2.0,1.0,1.0,1.0,5.0
705522,9.0,1.0,3.0,1.0,2.0,2.0,1.0,2.0
705563,7.0,2.0,1.0,1.0,5.0,3.0,1.0,4.0
705647,3.0,2.0,2.0,2.0,1.0,1.0,0.0,5.0
706169,5.0,3.0,2.0,2.0,1.0,1.0,0.0,3.0
706347,9.0,2.0,3.0,1.0,4.0,4.0,1.0,2.0
706967,2.0,2.0,2.0,1.0,1.0,1.0,1.0,2.0
707466,5.0,1.0,3.0,2.0,1.0,1.0,1.0,2.0
707619,2.0,3.0,2.0,1.0,1.0,3.0,1.0,1.0
707861,5.0,1.0,4.0,1.0,2.0,2.0,0.0,2.0
707980,8.0,2.0,3.0,2.0,1.0,1.0,1.0,1.0
708536,1.0,3.0,4.0,1.0,2.0,2.0,,3.0
708734,9.0,1.0,3.0,2.0,1.0,1.0,0.0,3.0
709593,1.0,3.0,4.0,1.0,1.0,1.0,0.0,2.0
709781,3.0,1.0,4.0,2.0,1.0,1.0,1.0,2.0
710339,6.0,2.0,4.0,,1.0,1.0,0.0,5.0
710918,9.0,1.0,2.0,1.0,1.0,1.0,1.0,3.0
710952,8.0,2.0,2.0,1.0,1.0,1.0,,5.0
711936,9.0,1.0,4.0,2.0,1.0,3.0,0.0,2.0
712301,1.0,3.0,3.0,2.0,2.0,2.0,0.0,5.0
712906,9.0,1.0,3.0,1.0,1.0,1.0,1.0,1.0
714086,9.0,1.0,3.0,2.0,1.0,1.0,0.0,2.0
714196,9.0,1.0,2.0,1.0,3.0,5.0,1.0,4.0
714715,8.0,2.0,3.0,1.0,1.0,1.0,0.0,2.0
715250,9.0,1.0,2.0,2.0,1.0,1.0,0.0,3.0
715393,1.0,2.0,4.0,2.0,5.0,3.0,,5.0
715655,9.0,2.0,2.0,1.0,3.0,3.0,0.0,5.0
716158,3.0,2.0,3.0,2.0,1.0,3.0,,5.0
716589,9.0,1.0,3.0,2.0,1.0,1.0,0.0,2.0
716777,6.0,1.0,3.0,1.0,1.0,1.0,1.0,4.0
717762,9.0,1.0,2.0,2.0,1.0,1.0,1.0,2.0
718173,9.0,1.0,3.0,1.0,1.0,1.0,1.0,2.0
718333,5.0,1.0,3.0,1.0,3.0,5.0,0.0,5.0
718594,2.0,2.0,4.0,1.0,1.0,1.0,,4.0
718806,9.0,1.0,2.0,2.0,1.0,1.0,1.0,2.0
720429,9.0,1.0,2.0,1.0,1.0,1.0,1.0,5.0
721482,9.0,1.0,2.0,1.0,1.0,1.0,1.0,4.0
722222,5.0,2.0,3.0,1.0,1.0,1.0,,2.0
723240,2.0,1.0,4.0,2.0,1.0,1.0,,5.0
723561,9.0,2.0,3.0,1.0,1.0,1.0,1.0,4.0
723634,4.0,1.0,3.0,1.0,1.0,1.0,0.0,5.0
724172,2.0,1.0,4.0,2.0,1.0,1.0,0.0,5.0
724791,9.0,1.0,3.0,1.0,1.0,1.0,1.0,5.0
726121,4.0,3.0,4.0,1.0,2.0,2.0,0.0,5.0
726963,5.0,3.0,4.0,1.0,1.0,1.0,0.0,5.0
727271,9.0,1.0,2.0,2.0,3.0,5.0,1.0,4.0
201501116636,8.0,1.0,4.0,2.0,1.0,1.0,0.0,4.0
201501121312,3.0,3.0,4.0,2.0,1.0,1.0,0.0,5.0
201501122831,3.0,3.0,4.0,2.0,1.0,1.0,,5.0
201501123118,4.0,2.0,3.0,1.0,2.0,2.0,,5.0
201501125638,5.0,3.0,4.0,2.0,2.0,2.0,0.0,3.0
201501126328,9.0,1.0,4.0,2.0,1.0,1.0,0.0,5.0
201501127185,3.0,3.0,4.0,1.0,1.0,1.0,,5.0
201501127373,7.0,1.0,4.0,1.0,1.0,1.0,,5.0
201501128639,9.0,1.0,3.0,2.0,1.0,1.0,1.0,5.0
201501130661,1.0,2.0,4.0,1.0,2.0,2.0,0.0,3.0
201501135465,1.0,3.0,3.0,1.0,1.0,1.0,,5.0
201501136478,8.0,3.0,2.0,1.0,4.0,4.0,1.0,2.0
201501136603,9.0,2.0,3.0,2.0,2.0,2.0,0.0,3.0
201501136677,3.0,3.0,3.0,1.0,1.0,1.0,,5.0
201501137284,8.0,1.0,3.0,1.0,2.0,2.0,1.0,2.0
201501137351,3.0,2.0,4.0,1.0,1.0,1.0,,5.0
201501141262,1.0,1.0,3.0,2.0,1.0,1.0,0.0,1.0
201501142584,8.0,2.0,3.0,2.0,2.0,2.0,,1.0
201501144662,9.0,1.0,4.0,2.0,1.0,1.0,0.0,4.0
201501144719,1.0,3.0,4.0,2.0,1.0,1.0,0.0,4.0
201501145170,3.0,1.0,4.0,1.0,1.0,1.0,0.0,5.0
201501160555,9.0,2.0,3.0,2.0,1.0,1.0,0.0,3.0
201501175156,7.0,3.0,4.0,1.0,1.0,1.0,0.0,4.0
201501175652,7.0,1.0,4.0,1.0,2.0,2.0,0.0,5.0
201501177961,8.0,1.0,4.0,2.0,4.0,4.0,0.0,2.0
201501178474,1.0,3.0,3.0,1.0,1.0,1.0,0.0,5.0
201501179962,2.0,1.0,4.0,2.0,1.0,1.0,,5.0
201501181026,9.0,3.0,3.0,1.0,1.0,1.0,,4.0
201501184279,7.0,2.0,4.0,1.0,1.0,3.0,0.0,5.0
201501188906,1.0,2.0,4.0,1.0,1.0,1.0,,5.0
201501188973,6.0,2.0,4.0,1.0,1.0,1.0,0.0,4.0
201501191504,1.0,3.0,4.0,1.0,1.0,1.0,0.0,5.0
201501209439,6.0,1.0,4.0,1.0,5.0,3.0,0.0,2.0
201501209614,9.0,2.0,2.0,3.0,1.0,1.0,1.0,2.0
201501210043,9.0,2.0,4.0,2.0,1.0,1.0,0.0,4.0
201501210850,9.0,1.0,3.0,1.0,2.0,2.0,1.0,5.0
201501211764,5.0,3.0,4.0,2.0,1.0,1.0,0.0,5.0
201501215131,4.0,3.0,4.0,2.0,2.0,2.0,,5.0
201501216517,6.0,1.0,4.0,1.0,2.0,2.0,1.0,2.0
201501218600,4.0,1.0,4.0,1.0,2.0,2.0,0.0,2.0
201501218898,2.0,2.0,4.0,2.0,2.0,2.0,,5.0
201501220071,1.0,3.0,3.0,1.0,1.0,1.0,0.0,2.0
201501222086,6.0,2.0,4.0,2.0,1.0,1.0,1.0,2.0
201501222377,5.0,2.0,4.0,1.0,1.0,1.0,,2.0
201501222410,,2.0,4.0,1.0,2.0,2.0,,5.0
201501222530,3.0,3.0,3.0,2.0,1.0,1.0,,4.0
201501223286,8.0,1.0,4.0,1.0,1.0,1.0,0.0,5.0
201501223663,4.0,1.0,2.0,2.0,1.0,1.0,,5.0
201501226033,,3.0,4.0,1.0,2.0,2.0,,4.0
201501227553,3.0,1.0,2.0,2.0,1.0,1.0,0.0,2.0
201501229134,3.0,3.0,4.0,2.0,1.0,1.0,,
201501229317,2.0,1.0,2.0,2.0,2.0,2.0,0.0,5.0
201501230065,2.0,3.0,4.0,2.0,2.0,2.0,,5.0
201501231823,9.0,1.0,3.0,1.0,1.0,1.0,0.0,5.0
201501232842,5.0,1.0,3.0,2.0,1.0,1.0,0.0,5.0
201501235637,2.0,2.0,4.0,2.0,1.0,1.0,0.0,5.0
201501254771,4.0,3.0,1.0,1.0,2.0,2.0,0.0,2.0
201501266522,1.0,3.0,2.0,2.0,1.0,1.0,0.0,5.0
201501267422,,1.0,4.0,2.0,1.0,1.0,0.0,4.0
201501268222,2.0,3.0,3.0,1.0,1.0,1.0,0.0,3.0
201501272036,,2.0,2.0,2.0,4.0,3.0,1.0,2.0
201501274506,1.0,1.0,4.0,2.0,1.0,1.0,1.0,4.0
201501274936,3.0,3.0,4.0,1.0,1.0,1.0,1.0,2.0
201501275680,1.0,2.0,4.0,1.0,2.0,2.0,0.0,5.0
201501276178,9.0,1.0,3.0,2.0,1.0,1.0,0.0,3.0
201501280846,6.0,1.0,4.0,2.0,1.0,1.0,0.0,5.0
201501280893,3.0,2.0,4.0,2.0,1.0,1.0,,5.0
201501282208,7.0,1.0,3.0,2.0,1.0,1.0,1.0,2.0
201501363221,2.0,1.0,2.0,2.0,2.0,2.0,1.0,5.0
201501414200,8.0,2.0,3.0,1.0,3.0,5.0,0.0,3.0
201501459735,7.0,2.0,3.0,1.0,1.0,1.0,,2.0
201501509937,1.0,3.0,4.0,1.0,1.0,1.0,,5.0
201501510512,6.0,3.0,4.0,2.0,1.0,1.0,,5.0
201501600458,9.0,1.0,2.0,1.0,2.0,2.0,1.0,4.0
201501600500,8.0,1.0,2.0,2.0,1.0,1.0,0.0,2.0
201501600624,2.0,2.0,2.0,2.0,2.0,2.0,1.0,2.0
201501601049,1.0,3.0,4.0,2.0,,,,5.0
201501601377,3.0,3.0,4.0,2.0,1.0,1.0,1.0,5.0
201501602650,9.0,1.0,2.0,1.0,3.0,5.0,1.0,2.0
201501602911,1.0,2.0,4.0,2.0,1.0,1.0,,5.0
201501603510,9.0,1.0,2.0,2.0,1.0,1.0,1.0,4.0
201501603687,6.0,2.0,4.0,1.0,1.0,1.0,,5.0
201501603893,9.0,1.0,3.0,2.0,1.0,1.0,0.0,1.0
201501603993,9.0,1.0,2.0,2.0,1.0,1.0,0.0,4.0
201501604928,4.0,2.0,4.0,2.0,1.0,1.0,,5.0
201501605257,2.0,3.0,3.0,1.0,1.0,1.0,1.0,2.0
201501605317,3.0,1.0,2.0,1.0,4.0,4.0,,5.0
201501606569,1.0,1.0,2.0,1.0,3.0,5.0,0.0,2.0
201501606632,1.0,2.0,2.0,1.0,1.0,1.0,1.0,2.0
201501606644,6.0,1.0,2.0,1.0,1.0,1.0,1.0,4.0
201501606876,3.0,1.0,3.0,2.0,1.0,1.0,1.0,2.0
201501607965,3.0,3.0,2.0,2.0,1.0,3.0,,5.0
201501608939,6.0,2.0,2.0,2.0,1.0,1.0,0.0,2.0
201501611392,4.0,1.0,2.0,1.0,2.0,2.0,0.0,5.0
201501611923,,3.0,4.0,2.0,1.0,1.0,0.0,5.0
201501612249,2.0,1.0,4.0,2.0,1.0,1.0,,2.0
201501612338,1.0,3.0,2.0,1.0,1.0,1.0,,5.0
201501613005,1.0,1.0,4.0,1.0,2.0,2.0,0.0,5.0
201501613692,,1.0,4.0,2.0,1.0,1.0,0.0,2.0
201501613699,9.0,1.0,2.0,2.0,1.0,1.0,1.0,2.0
201501613809,1.0,1.0,3.0,1.0,1.0,1.0,1.0,3.0
201501613977,7.0,1.0,2.0,2.0,5.0,3.0,1.0,3.0
201501614270,4.0,2.0,4.0,1.0,1.0,1.0,,5.0
201501615153,6.0,3.0,3.0,1.0,1.0,1.0,0.0,4.0
201501615347,9.0,1.0,4.0,1.0,2.0,2.0,0.0,4.0
201501615608,6.0,2.0,2.0,1.0,1.0,1.0,0.0,5.0
201501615624,5.0,2.0,4.0,2.0,1.0,1.0,0.0,2.0
201501615629,9.0,2.0,3.0,1.0,1.0,1.0,,2.0
201501615820,2.0,3.0,4.0,1.0,1.0,3.0,,5.0
201501616087,6.0,1.0,4.0,2.0,1.0,1.0,0.0,2.0
201501616297,9.0,1.0,2.0,1.0,1.0,1.0,1.0,2.0
201501616464,5.0,3.0,2.0,1.0,2.0,2.0,0.0,3.0
201501616979,9.0,2.0,2.0,1.0,1.0,1.0,0.0,1.0
201501617219,7.0,2.0,3.0,1.0,2.0,2.0,1.0,3.0
201501617329,5.0,3.0,4.0,2.0,1.0,1.0,,5.0
201501617649,9.0,1.0,2.0,1.0,1.0,3.0,0.0,5.0
201501618307,1.0,3.0,4.0,1.0,1.0,1.0,,5.0
201501618962,9.0,1.0,2.0,1.0,1.0,1.0,1.0,5.0
201501619063,1.0,1.0,4.0,2.0,2.0,2.0,0.0,3.0
201501619815,6.0,1.0,3.0,1.0,1.0,1.0,1.0,2.0
201501620080,3.0,3.0,3.0,1.0,1.0,1.0,,
201501620631,9.0,1.0,2.0,2.0,1.0,1.0,0.0,2.0
201501620999,3.0,2.0,4.0,2.0,1.0,1.0,,5.0
201501621546,9.0,1.0,3.0,3.0,1.0,1.0,0.0,4.0
201501622126,9.0,1.0,3.0,1.0,3.0,5.0,0.0,4.0
201501622215,4.0,2.0,4.0,2.0,1.0,1.0,,5.0
201501622472,9.0,2.0,1.0,2.0,1.0,1.0,1.0,5.0
201501622506,2.0,2.0,3.0,2.0,4.0,4.0,0.0,5.0
201501622724,8.0,2.0,2.0,1.0,1.0,1.0,0.0,2.0
201501623001,8.0,3.0,2.0,2.0,1.0,1.0,1.0,2.0
201501623142,5.0,1.0,4.0,1.0,1.0,1.0,,2.0
201501623251,4.0,2.0,3.0,1.0,1.0,1.0,,3.0
201501623794,4.0,2.0,2.0,2.0,2.0,2.0,1.0,5.0
201501624218,6.0,2.0,2.0,1.0,1.0,1.0,0.0,2.0
201501624671,9.0,1.0,2.0,1.0,1.0,1.0,1.0,5.0
201501625134,1.0,3.0,4.0,1.0,2.0,2.0,,5.0
201501625415,9.0,1.0,4.0,2.0,1.0,1.0,0.0,2.0
201501625764,9.0,1.0,2.0,1.0,1.0,3.0,0.0,4.0
201501625871,9.0,1.0,2.0,2.0,1.0,1.0,1.0,4.0
201501626095,9.0,1.0,2.0,2.0,1.0,1.0,1.0,2.0
201501626548,5.0,1.0,4.0,1.0,2.0,2.0,1.0,3.0
201501626928,9.0,1.0,2.0,2.0,1.0,1.0,1.0,1.0
201501627067,1.0,2.0,2.0,1.0,1.0,1.0,0.0,4.0
201501627803,9.0,1.0,3.0,1.0,1.0,1.0,1.0,2.0
201501628362,9.0,1.0,2.0,2.0,1.0,1.0,1.0,2.0
201501633958,9.0,1.0,3.0,1.0,1.0,1.0,1.0,3.0
201501636380,8.0,3.0,3.0,1.0,1.0,1.0,0.0,2.0
201501637194,3.0,3.0,3.0,2.0,1.0,3.0,0.0,5.0
201501641816,3.0,2.0,1.0,1.0,1.0,3.0,1.0,2.0
201501642191,6.0,2.0,2.0,1.0,1.0,3.0,1.0,5.0
201501642238,,3.0,3.0,1.0,4.0,4.0,0.0,5.0
201501644034,9.0,3.0,3.0,1.0,1.0,1.0,0.0,5.0
201501644990,8.0,2.0,2.0,1.0,1.0,1.0,0.0,4.0
201501646045,1.0,1.0,3.0,1.0,1.0,1.0,0.0,2.0
201501648401,9.0,1.0,2.0,1.0,1.0,1.0,1.0,4.0
201501649465,1.0,1.0,1.0,2.0,2.0,2.0,0.0,3.0
201501649817,8.0,2.0,3.0,1.0,2.0,2.0,,4.0
201501650723,8.0,1.0,3.0,2.0,1.0,1.0,0.0,5.0
201501651199,9.0,2.0,3.0,2.0,1.0,1.0,1.0,2.0
201501651295,9.0,1.0,2.0,2.0,1.0,1.0,0.0,2.0
201501651624,5.0,2.0,2.0,1.0,4.0,3.0,1.0,3.0
201501651867,1.0,2.0,4.0,1.0,5.0,3.0,0.0,2.0
201501652039,,3.0,3.0,1.0,1.0,1.0,,2.0
201501653278,9.0,1.0,2.0,1.0,1.0,3.0,0.0,3.0
201501655673,1.0,2.0,3.0,1.0,4.0,3.0,1.0,2.0
201501655718,9.0,1.0,1.0,2.0,1.0,1.0,1.0,2.0
201501655994,9.0,1.0,2.0,1.0,1.0,3.0,1.0,3.0
201501656172,1.0,3.0,3.0,1.0,1.0,1.0,1.0,5.0
201501656404,4.0,1.0,2.0,1.0,1.0,1.0,1.0,2.0
201501656958,9.0,1.0,3.0,1.0,1.0,1.0,,4.0
201501657128,9.0,2.0,3.0,1.0,1.0,1.0,0.0,5.0
201501657511,9.0,1.0,2.0,1.0,1.0,1.0,0.0,5.0
201501658068,3.0,3.0,3.0,2.0,1.0,1.0,,3.0
201501658192,9.0,2.0,2.0,1.0,1.0,3.0,,5.0
201501660632,9.0,2.0,2.0,1.0,4.0,3.0,0.0,2.0
201501661283,9.0,1.0,4.0,1.0,1.0,3.0,1.0,2.0
201501664260,9.0,1.0,2.0,2.0,1.0,1.0,0.0,2.0
201501667434,2.0,3.0,2.0,2.0,1.0,1.0,0.0,5.0
201501672680,9.0,1.0,2.0,2.0,1.0,1.0,0.0,5.0
201501675331,9.0,1.0,2.0,1.0,2.0,2.0,1.0,4.0
201501675454,,3.0,4.0,2.0,1.0,1.0,0.0,5.0
201501675794,9.0,1.0,3.0,1.0,1.0,1.0,1.0,2.0
201501676079,9.0,1.0,1.0,1.0,1.0,1.0,1.0,3.0
201501676648,9.0,1.0,1.0,1.0,1.0,1.0,1.0,4.0
201501677098,3.0,2.0,3.0,1.0,1.0,1.0,1.0,4.0
201501677127,9.0,1.0,2.0,1.0,1.0,1.0,1.0,3.0
201501677679,9.0,1.0,3.0,1.0,1.0,1.0,0.0,5.0
201501677921,8.0,1.0,2.0,1.0,3.0,5.0,0.0,5.0
201501677982,4.0,1.0,2.0,1.0,1.0,1.0,1.0,3.0
201501678471,3.0,1.0,1.0,2.0,1.0,1.0,1.0,2.0
201501678530,3.0,3.0,3.0,1.0,1.0,1.0,,5.0
201501680124,8.0,2.0,1.0,2.0,3.0,5.0,1.0,2.0
201501680191,4.0,1.0,4.0,2.0,1.0,1.0,,5.0
201501680331,9.0,1.0,4.0,1.0,1.0,1.0,0.0,2.0
201501681482,1.0,3.0,4.0,2.0,1.0,1.0,,5.0
201501681510,2.0,2.0,3.0,2.0,1.0,1.0,0.0,2.0
201501681593,7.0,2.0,4.0,2.0,1.0,1.0,,5.0
201501681893,6.0,2.0,4.0,1.0,1.0,1.0,0.0,5.0
201501682321,9.0,1.0,2.0,1.0,1.0,1.0,1.0,2.0
201501682703,5.0,1.0,2.0,1.0,1.0,1.0,1.0,4.0
201501683046,1.0,2.0,4.0,1.0,1.0,1.0,,2.0
201501683144,9.0,1.0,2.0,2.0,1.0,1.0,1.0,1.0
201501683817,1.0,3.0,2.0,1.0,3.0,5.0,0.0,3.0
201501683849,9.0,1.0,2.0,1.0,2.0,2.0,1.0,2.0
201501683916,9.0,1.0,2.0,1.0,1.0,1.0,1.0,2.0
201501685836,7.0,1.0,2.0,2.0,1.0,1.0,,5.0
201501685981,3.0,3.0,2.0,1.0,5.0,3.0,0.0,2.0
201501686078,8.0,1.0,1.0,2.0,1.0,1.0,1.0,4.0
201501686450,1.0,3.0,4.0,2.0,1.0,1.0,0.0,5.0
201501687377,9.0,1.0,2.0,1.0,1.0,1.0,1.0,2.0
201501687391,8.0,1.0,2.0,2.0,1.0,1.0,1.0,2.0
201501687650,5.0,1.0,2.0,2.0,1.0,1.0,0.0,4.0
201501687662,9.0,1.0,2.0,1.0,1.0,1.0,1.0,2.0
201501689057,6.0,1.0,2.0,1.0,1.0,1.0,0.0,2.0
201501689087,1.0,3.0,4.0,1.0,2.0,3.0,0.0,5.0
201501689159,9.0,1.0,3.0,1.0,1.0,1.0,0.0,3.0
201501689348,9.0,2.0,2.0,2.0,1.0,1.0,1.0,3.0
201501689562,1.0,3.0,2.0,2.0,1.0,3.0,0.0,5.0
201501689912,5.0,1.0,2.0,1.0,1.0,1.0,0.0,4.0
201501690936,7.0,2.0,2.0,1.0,1.0,1.0,1.0,3.0
201501691138,3.0,3.0,4.0,1.0,1.0,1.0,0.0,3.0
201501691562,4.0,2.0,2.0,1.0,5.0,3.0,0.0,5.0
201501691614,5.0,1.0,2.0,1.0,2.0,2.0,1.0,4.0
201501692036,9.0,1.0,2.0,1.0,1.0,1.0,0.0,2.0
201501692883,9.0,1.0,3.0,2.0,1.0,1.0,0.0,1.0
201501693598,5.0,3.0,4.0,1.0,1.0,1.0,1.0,4.0
201501693784,1.0,3.0,4.0,1.0,1.0,1.0,,
201501694354,9.0,3.0,3.0,1.0,1.0,1.0,1.0,3.0
201501694402,9.0,1.0,2.0,2.0,1.0,1.0,1.0,2.0
201501694693,9.0,1.0,4.0,1.0,1.0,1.0,1.0,5.0
201501694953,9.0,1.0,2.0,2.0,1.0,1.0,1.0,2.0
201501695248,2.0,3.0,3.0,2.0,1.0,1.0,,5.0
201501695603,,1.0,4.0,1.0,1.0,1.0,0.0,2.0
201501695858,3.0,3.0,4.0,1.0,1.0,1.0,,3.0
201501696105,5.0,2.0,3.0,1.0,1.0,1.0,1.0,3.0
201501698189,9.0,1.0,2.0,1.0,1.0,1.0,1.0,5.0
201501699339,4.0,2.0,3.0,1.0,1.0,1.0,0.0,2.0
201501699667,9.0,1.0,3.0,1.0,1.0,1.0,1.0,4.0
201501700365,2.0,2.0,2.0,1.0,2.0,2.0,1.0,2.0
201501700755,3.0,1.0,2.0,1.0,1.0,3.0,1.0,3.0
201501701072,3.0,3.0,2.0,2.0,1.0,3.0,1.0,3.0
201501701163,9.0,1.0,3.0,1.0,1.0,3.0,0.0,3.0
201501701979,1.0,3.0,2.0,1.0,1.0,1.0,1.0,4.0
201501702153,1.0,3.0,3.0,1.0,1.0,3.0,0.0,2.0
201501725531,1.0,3.0,3.0,2.0,2.0,2.0,,5.0
201501725816,5.0,2.0,4.0,2.0,1.0,1.0,,2.0
201501725890,9.0,1.0,3.0,1.0,1.0,1.0,0.0,4.0
201501726403,1.0,1.0,2.0,1.0,1.0,1.0,0.0,5.0
201501726762,9.0,1.0,2.0,1.0,1.0,3.0,0.0,4.0
201501727917,1.0,3.0,3.0,2.0,1.0,1.0,0.0,4.0
201501728687,7.0,3.0,2.0,1.0,1.0,1.0,0.0,4.0
201501729156,,1.0,3.0,1.0,,,,4.0
201501729167,9.0,1.0,2.0,1.0,1.0,1.0,1.0,2.0
201501729806,5.0,2.0,2.0,1.0,5.0,3.0,0.0,5.0
201501731054,9.0,1.0,2.0,1.0,4.0,4.0,1.0,2.0
201501731289,1.0,3.0,3.0,2.0,2.0,2.0,,4.0
201501731455,,3.0,4.0,1.0,2.0,2.0,0.0,3.0
201501733261,1.0,2.0,4.0,2.0,1.0,1.0,0.0,2.0
201501733270,2.0,1.0,3.0,1.0,1.0,3.0,,4.0
201501733490,9.0,1.0,3.0,1.0,1.0,1.0,1.0,2.0
201501734824,4.0,2.0,3.0,1.0,3.0,5.0,,3.0
201501735501,7.0,1.0,2.0,1.0,3.0,5.0,0.0,5.0
201501735861,1.0,2.0,1.0,2.0,1.0,1.0,0.0,4.0
201501735882,6.0,2.0,3.0,2.0,1.0,1.0,,5.0
201501736475,7.0,1.0,2.0,1.0,1.0,1.0,1.0,3.0
201501736864,9.0,3.0,3.0,1.0,1.0,1.0,0.0,2.0
201501737852,9.0,1.0,3.0,1.0,2.0,2.0,,5.0
201501738220,9.0,1.0,2.0,1.0,5.0,4.0,1.0,3.0
201501738649,9.0,1.0,2.0,1.0,1.0,1.0,0.0,5.0
201501738686,4.0,2.0,4.0,1.0,1.0,1.0,,5.0
201501739024,9.0,2.0,2.0,1.0,1.0,1.0,1.0,2.0
201501739462,8.0,1.0,2.0,2.0,2.0,2.0,1.0,4.0
201501739514,9.0,1.0,4.0,1.0,1.0,1.0,0.0,5.0
201501739549,2.0,3.0,4.0,1.0,1.0,1.0,0.0,5.0
201501739617,9.0,3.0,3.0,1.0,1.0,1.0,,5.0
201501786563,5.0,1.0,2.0,1.0,1.0,1.0,0.0,3.0
201501786595,9.0,1.0,3.0,1.0,1.0,3.0,1.0,2.0
201501794040,1.0,2.0,4.0,1.0,1.0,1.0,,2.0
201501794286,9.0,1.0,4.0,2.0,1.0,1.0,1.0,4.0
201501798171,1.0,3.0,4.0,2.0,1.0,1.0,,5.0
201501798368,9.0,1.0,4.0,1.0,1.0,1.0,1.0,4.0
201701202982,1.0,3.0,3.0,1.0,5.0,3.0,,5.0
201701204112,9.0,3.0,4.0,1.0,1.0,1.0,,5.0
201701206374,9.0,1.0,3.0,1.0,1.0,1.0,0.0,4.0
201701206619,9.0,1.0,4.0,2.0,1.0,1.0,,5.0
201701209591,2.0,2.0,4.0,2.0,1.0,3.0,,4.0
201701211015,9.0,2.0,4.0,2.0,1.0,1.0,,5.0
201701212768,2.0,2.0,4.0,2.0,2.0,2.0,,4.0
201701216349,9.0,1.0,3.0,1.0,4.0,3.0,0.0,4.0
201701218985,9.0,2.0,1.0,1.0,5.0,3.0,1.0,2.0
201701219184,9.0,1.0,4.0,2.0,1.0,1.0,0.0,5.0
201701219942,9.0,1.0,4.0,1.0,1.0,1.0,1.0,5.0
201701225006,3.0,3.0,4.0,1.0,1.0,1.0,0.0,5.0
201701226591,9.0,3.0,3.0,1.0,1.0,1.0,1.0,5.0
201701231007,5.0,1.0,2.0,1.0,1.0,1.0,1.0,2.0
201701235924,,,4.0,2.0,1.0,1.0,,5.0
201701237000,3.0,1.0,2.0,2.0,2.0,2.0,1.0,2.0
201701239132,1.0,3.0,3.0,1.0,1.0,1.0,0.0,1.0
201701242147,,3.0,4.0,2.0,1.0,1.0,,5.0
201701250933,8.0,3.0,3.0,1.0,1.0,1.0,,5.0
201701251888,9.0,1.0,4.0,2.0,1.0,1.0,,5.0
201701254556,1.0,2.0,4.0,1.0,1.0,1.0,,2.0
201701255880,4.0,1.0,4.0,2.0,1.0,1.0,,3.0
201701257013,9.0,2.0,3.0,1.0,1.0,1.0,,2.0
201701260940,2.0,1.0,4.0,1.0,4.0,4.0,0.0,4.0
201701265692,4.0,3.0,2.0,1.0,5.0,4.0,0.0,4.0
201701268247,1.0,3.0,4.0,2.0,1.0,1.0,,
201701271927,4.0,2.0,4.0,1.0,1.0,1.0,,4.0
201701273413,3.0,2.0,3.0,1.0,1.0,1.0,0.0,4.0
201701289895,3.0,3.0,4.0,2.0,1.0,1.0,,5.0
201701290295,3.0,2.0,4.0,,,,0.0,5.0
201701294921,5.0,3.0,2.0,1.0,1.0,1.0,0.0,5.0
201701600231,9.0,1.0,4.0,1.0,1.0,1.0,0.0,4.0
201701601003,6.0,2.0,4.0,1.0,1.0,1.0,,5.0
201701601497,3.0,1.0,3.0,2.0,1.0,1.0,,5.0
201701602394,9.0,1.0,3.0,2.0,3.0,5.0,1.0,3.0
201701603310,8.0,1.0,4.0,1.0,2.0,2.0,,5.0
201701603484,1.0,3.0,3.0,2.0,2.0,2.0,,5.0
201701605699,9.0,3.0,2.0,2.0,1.0,1.0,0.0,5.0
201701606150,1.0,1.0,1.0,2.0,4.0,4.0,0.0,2.0
201701606521,9.0,1.0,3.0,2.0,1.0,1.0,0.0,4.0
201701607480,1.0,1.0,2.0,2.0,1.0,1.0,1.0,4.0
201701608109,9.0,1.0,4.0,2.0,1.0,1.0,1.0,2.0
201701610536,9.0,1.0,1.0,2.0,1.0,3.0,0.0,1.0
201701610930,9.0,1.0,2.0,2.0,5.0,3.0,,2.0
201701616369,9.0,1.0,2.0,1.0,1.0,3.0,1.0,3.0
201701617387,8.0,3.0,2.0,1.0,1.0,1.0,,5.0
201701617953,9.0,1.0,4.0,2.0,1.0,1.0,0.0,
201701618301,1.0,3.0,4.0,2.0,1.0,3.0,0.0,5.0
201701618677,2.0,3.0,2.0,1.0,1.0,1.0,,5.0
201701620576,9.0,1.0,3.0,1.0,1.0,3.0,1.0,3.0
201701621782,8.0,1.0,4.0,2.0,1.0,1.0,1.0,
201701621929,9.0,3.0,4.0,1.0,1.0,1.0,0.0,5.0
201701622285,9.0,3.0,2.0,1.0,4.0,4.0,0.0,3.0
201701622446,1.0,3.0,4.0,1.0,2.0,2.0,0.0,5.0
201701622976,5.0,3.0,2.0,2.0,1.0,3.0,,5.0
201701624259,1.0,3.0,3.0,2.0,4.0,3.0,,1.0
201701625140,7.0,2.0,2.0,2.0,1.0,1.0,0.0,2.0
201701626179,1.0,3.0,4.0,2.0,1.0,1.0,,5.0
201701627727,9.0,1.0,4.0,2.0,2.0,2.0,0.0,5.0
201701628100,4.0,2.0,2.0,1.0,1.0,3.0,0.0,2.0
201701629027,9.0,1.0,1.0,1.0,1.0,1.0,,2.0
201701629223,9.0,1.0,4.0,1.0,4.0,4.0,0.0,4.0
201701629496,4.0,1.0,2.0,1.0,1.0,1.0,1.0,2.0
201701630536,1.0,2.0,4.0,2.0,1.0,1.0,,4.0
201701631071,9.0,1.0,2.0,1.0,1.0,1.0,1.0,5.0
201701631683,,3.0,3.0,2.0,1.0,3.0,,5.0
201701635779,9.0,2.0,2.0,1.0,1.0,3.0,1.0,4.0
201701636901,5.0,1.0,4.0,2.0,1.0,1.0,,4.0
201701639224,9.0,1.0,3.0,1.0,1.0,1.0,0.0,4.0
201701640523,9.0,2.0,2.0,1.0,1.0,3.0,0.0,5.0
201701641473,8.0,1.0,2.0,1.0,3.0,5.0,1.0,2.0
201701643053,1.0,3.0,1.0,2.0,2.0,2.0,1.0,5.0
201701643850,3.0,3.0,4.0,2.0,1.0,1.0,,5.0
201701645957,1.0,3.0,4.0,1.0,2.0,2.0,0.0,5.0
201701646732,5.0,1.0,3.0,2.0,2.0,2.0,1.0,3.0
201701652109,6.0,2.0,4.0,1.0,1.0,1.0,0.0,4.0
201701653417,9.0,1.0,2.0,1.0,3.0,5.0,1.0,2.0
201701653727,9.0,1.0,2.0,1.0,1.0,3.0,1.0,2.0
201701655314,4.0,2.0,3.0,2.0,2.0,2.0,,5.0
201701656157,3.0,2.0,4.0,1.0,5.0,4.0,0.0,5.0
201701657354,1.0,3.0,4.0,1.0,1.0,1.0,,5.0
201701658716,8.0,1.0,4.0,1.0,2.0,2.0,1.0,4.0
201701659002,1.0,3.0,2.0,2.0,,3.0,,5.0
201701659298,9.0,1.0,3.0,1.0,1.0,1.0,0.0,2.0
201701660622,3.0,3.0,4.0,2.0,1.0,1.0,,5.0
201701662558,9.0,2.0,2.0,1.0,1.0,1.0,1.0,2.0
201701663692,1.0,3.0,3.0,1.0,1.0,1.0,,2.0
201701664641,1.0,3.0,4.0,2.0,1.0,1.0,,5.0
201701664888,6.0,2.0,3.0,1.0,2.0,2.0,0.0,5.0
201701665582,9.0,1.0,2.0,1.0,5.0,3.0,1.0,2.0
201701665628,1.0,2.0,3.0,2.0,1.0,3.0,1.0,2.0
201701665651,1.0,2.0,4.0,2.0,1.0,1.0,,5.0
201701666392,2.0,3.0,4.0,1.0,2.0,2.0,,5.0
201701667125,3.0,2.0,3.0,1.0,1.0,3.0,1.0,4.0
201701667233,6.0,1.0,3.0,2.0,1.0,1.0,0.0,5.0
201701668073,2.0,3.0,2.0,2.0,2.0,2.0,,5.0
201701669600,7.0,3.0,1.0,1.0,5.0,3.0,0.0,5.0
201701671884,9.0,1.0,2.0,2.0,1.0,1.0,1.0,2.0
201701675153,1.0,3.0,4.0,1.0,1.0,1.0,,5.0
201701677542,9.0,1.0,3.0,1.0,1.0,1.0,0.0,3.0
201701679157,1.0,1.0,4.0,2.0,1.0,1.0,0.0,4.0
201701682414,4.0,3.0,3.0,1.0,1.0,1.0,0.0,5.0
201701682656,6.0,2.0,4.0,2.0,1.0,1.0,,5.0
201701684661,1.0,3.0,4.0,1.0,2.0,2.0,,4.0
201701684785,,3.0,2.0,1.0,,,,5.0
201701687014,1.0,3.0,3.0,2.0,1.0,3.0,,4.0
201701688857,9.0,3.0,3.0,1.0,2.0,2.0,1.0,2.0
201701690119,1.0,3.0,4.0,1.0,1.0,1.0,,5.0
201701690935,7.0,1.0,2.0,2.0,1.0,1.0,1.0,5.0
201701691779,1.0,3.0,1.0,1.0,1.0,1.0,,2.0
201701692063,1.0,2.0,4.0,2.0,1.0,1.0,,5.0
201701693435,9.0,3.0,3.0,1.0,1.0,1.0,0.0,3.0
201701694636,9.0,1.0,2.0,1.0,1.0,1.0,1.0,2.0
201701697127,5.0,3.0,3.0,1.0,1.0,1.0,0.0,5.0
201701698723,1.0,3.0,2.0,1.0,1.0,3.0,,5.0
201701699002,9.0,1.0,2.0,1.0,3.0,5.0,1.0,5.0
201701699356,3.0,3.0,2.0,1.0,4.0,3.0,,5.0
201701701371,4.0,3.0,1.0,1.0,1.0,1.0,0.0,5.0
201701704220,9.0,1.0,3.0,2.0,1.0,1.0,1.0,2.0
201701704989,4.0,2.0,2.0,1.0,1.0,1.0,1.0,2.0
201701707240,3.0,2.0,3.0,1.0,1.0,1.0,0.0,1.0
201701707483,9.0,1.0,2.0,1.0,1.0,1.0,1.0,5.0
201701708598,4.0,2.0,3.0,1.0,1.0,3.0,,4.0
201701710347,1.0,3.0,3.0,2.0,1.0,1.0,0.0,4.0
201701711715,1.0,3.0,4.0,1.0,4.0,3.0,,5.0
201701712447,1.0,3.0,4.0,1.0,4.0,3.0,,
201701713201,1.0,3.0,4.0,1.0,1.0,1.0,,4.0
201701713232,1.0,3.0,3.0,1.0,2.0,2.0,1.0,4.0
201701715235,1.0,3.0,3.0,2.0,2.0,2.0,,
201701717168,7.0,1.0,3.0,1.0,2.0,2.0,1.0,2.0
201701717300,9.0,1.0,2.0,1.0,1.0,1.0,0.0,5.0
201701717806,2.0,3.0,3.0,1.0,1.0,1.0,1.0,5.0
201701719226,1.0,3.0,3.0,2.0,2.0,2.0,,5.0
201701722580,1.0,1.0,2.0,1.0,3.0,5.0,,2.0
201701723603,3.0,3.0,1.0,2.0,1.0,1.0,,5.0
201701723640,9.0,2.0,3.0,1.0,1.0,3.0,0.0,2.0
201701724134,9.0,1.0,3.0,2.0,3.0,5.0,0.0,5.0
201701724208,1.0,3.0,3.0,1.0,5.0,4.0,,4.0
201701724617,9.0,2.0,2.0,1.0,4.0,3.0,0.0,2.0
201701725198,9.0,1.0,2.0,1.0,1.0,1.0,1.0,2.0
201701726110,9.0,2.0,2.0,1.0,1.0,1.0,1.0,2.0
201701727296,9.0,1.0,3.0,2.0,1.0,1.0,0.0,2.0
201701728973,9.0,2.0,3.0,1.0,2.0,2.0,0.0,3.0
201701729596,9.0,1.0,2.0,1.0,1.0,1.0,1.0,3.0
201701730250,2.0,3.0,3.0,1.0,5.0,3.0,1.0,1.0
201701730585,1.0,2.0,4.0,2.0,1.0,1.0,1.0,3.0
201701734148,6.0,1.0,1.0,1.0,1.0,1.0,1.0,2.0
201801000154,3.0,3.0,4.0,1.0,1.0,1.0,,5.0
201801000984,9.0,3.0,3.0,2.0,1.0,3.0,0.0,5.0
201801001147,8.0,1.0,1.0,2.0,1.0,3.0,0.0,3.0
201801001376,7.0,2.0,3.0,1.0,5.0,3.0,1.0,1.0
201801001456,1.0,3.0,2.0,2.0,1.0,3.0,1.0,4.0
201801001857,9.0,2.0,3.0,2.0,1.0,3.0,,4.0
201801001977,2.0,3.0,3.0,1.0,1.0,1.0,0.0,5.0
201801002185,5.0,3.0,1.0,1.0,5.0,3.0,0.0,5.0
201801002212,5.0,3.0,1.0,2.0,4.0,4.0,0.0,3.0
201801002372,9.0,1.0,3.0,1.0,1.0,3.0,1.0,2.0
201801002884,5.0,1.0,2.0,1.0,1.0,3.0,1.0,3.0
201801002962,2.0,2.0,2.0,1.0,,3.0,1.0,4.0
201801003838,4.0,3.0,3.0,1.0,1.0,3.0,0.0,3.0
201801004146,3.0,3.0,2.0,1.0,1.0,3.0,,5.0
201801005075,2.0,2.0,2.0,2.0,5.0,3.0,0.0,5.0
201801005441,1.0,3.0,4.0,2.0,1.0,3.0,,4.0
201801005490,1.0,3.0,2.0,2.0,2.0,2.0,,5.0
201801005504,7.0,2.0,2.0,2.0,5.0,3.0,1.0,5.0
201801005675,9.0,1.0,2.0,1.0,1.0,3.0,1.0,1.0
201801005905,9.0,3.0,3.0,1.0,4.0,3.0,,5.0
201801006202,9.0,1.0,1.0,2.0,,3.0,1.0,3.0
201801006376,9.0,3.0,2.0,1.0,1.0,1.0,,3.0
201801006552,5.0,1.0,2.0,2.0,1.0,3.0,1.0,5.0
201801006729,9.0,1.0,2.0,2.0,5.0,4.0,0.0,5.0
201801007000,9.0,2.0,1.0,,1.0,1.0,0.0,5.0
201801007426,9.0,3.0,3.0,1.0,5.0,3.0,,5.0
201801007526,1.0,3.0,3.0,2.0,2.0,2.0,,5.0
201801007690,4.0,1.0,1.0,2.0,1.0,3.0,0.0,5.0
201801007706,3.0,3.0,4.0,2.0,4.0,3.0,,5.0
201801007933,1.0,3.0,2.0,1.0,1.0,3.0,1.0,2.0
201801008227,2.0,3.0,3.0,2.0,1.0,1.0,1.0,5.0
201801008286,2.0,2.0,3.0,1.0,5.0,3.0,,5.0
201801008522,4.0,1.0,2.0,2.0,,,,5.0
201801008745,9.0,2.0,3.0,1.0,1.0,3.0,0.0,4.0
201801009064,9.0,3.0,2.0,1.0,1.0,3.0,0.0,5.0
201801010446,9.0,1.0,3.0,1.0,4.0,3.0,,5.0
201801010530,9.0,1.0,4.0,2.0,1.0,1.0,0.0,2.0
201801010864,1.0,3.0,4.0,2.0,2.0,2.0,,5.0
201801011030,9.0,2.0,2.0,1.0,1.0,3.0,1.0,4.0
201801011142,9.0,2.0,3.0,1.0,1.0,3.0,0.0,4.0
201801011196,9.0,2.0,2.0,1.0,1.0,3.0,1.0,1.0
201801011224,2.0,3.0,2.0,2.0,1.0,1.0,0.0,5.0
201801012477,1.0,2.0,1.0,2.0,1.0,3.0,0.0,2.0
201801012544,9.0,1.0,2.0,1.0,1.0,1.0,1.0,5.0
201801012568,9.0,1.0,4.0,1.0,1.0,1.0,,2.0
201801012654,1.0,3.0,2.0,,1.0,3.0,,5.0
201801012748,9.0,1.0,4.0,1.0,1.0,3.0,0.0,3.0
201801012794,4.0,1.0,4.0,2.0,3.0,5.0,0.0,4.0
201801012890,1.0,1.0,2.0,1.0,5.0,3.0,1.0,2.0
201801013132,9.0,1.0,4.0,2.0,1.0,3.0,0.0,3.0
201801013161,2.0,2.0,4.0,1.0,1.0,3.0,,5.0
201801013184,9.0,1.0,3.0,1.0,2.0,2.0,,4.0
201801013189,2.0,1.0,4.0,1.0,1.0,3.0,1.0,2.0
201801013339,6.0,3.0,3.0,1.0,2.0,2.0,0.0,2.0
201801013592,2.0,1.0,1.0,1.0,1.0,3.0,0.0,3.0
201801013929,9.0,2.0,4.0,1.0,1.0,3.0,1.0,1.0
201801014053,9.0,2.0,3.0,1.0,1.0,3.0,,1.0
201801014093,6.0,2.0,4.0,2.0,1.0,3.0,,5.0
201801014647,9.0,3.0,2.0,1.0,1.0,3.0,1.0,2.0
201801015678,6.0,3.0,1.0,2.0,1.0,1.0,0.0,2.0
201801016496,6.0,1.0,4.0,1.0,2.0,2.0,,1.0
201801016575,9.0,2.0,3.0,2.0,3.0,5.0,0.0,5.0
201801016724,3.0,2.0,1.0,1.0,1.0,1.0,1.0,2.0
201801016880,6.0,2.0,4.0,1.0,,3.0,1.0,5.0
201801017247,9.0,3.0,2.0,1.0,5.0,3.0,1.0,5.0
201801017429,4.0,1.0,4.0,1.0,1.0,3.0,0.0,4.0
201801017510,3.0,1.0,1.0,1.0,5.0,3.0,0.0,5.0
201801017810,1.0,2.0,4.0,2.0,1.0,1.0,,2.0
201801017893,2.0,3.0,2.0,2.0,1.0,3.0,1.0,2.0
201801017913,2.0,3.0,3.0,2.0,1.0,1.0,0.0,2.0
201801018360,9.0,3.0,4.0,2.0,1.0,3.0,0.0,5.0
201801018370,,1.0,2.0,1.0,,,1.0,4.0
201801018472,4.0,3.0,1.0,2.0,5.0,3.0,,5.0
201801018787,1.0,2.0,3.0,1.0,1.0,3.0,0.0,5.0
201801018863,7.0,2.0,2.0,2.0,1.0,1.0,0.0,4.0
201801018888,6.0,3.0,2.0,1.0,1.0,3.0,0.0,5.0
201801018913,4.0,3.0,4.0,2.0,1.0,3.0,0.0,5.0
201801019064,5.0,3.0,2.0,1.0,1.0,3.0,1.0,5.0
201801019166,9.0,2.0,2.0,1.0,1.0,3.0,1.0,2.0
201801019417,9.0,1.0,1.0,1.0,1.0,3.0,1.0,4.0
201801019588,3.0,3.0,2.0,2.0,1.0,3.0,0.0,3.0
201801019645,1.0,1.0,1.0,2.0,5.0,3.0,1.0,5.0
201801019754,9.0,1.0,3.0,1.0,1.0,3.0,1.0,3.0
201801019778,4.0,2.0,3.0,2.0,1.0,3.0,,5.0
201801019889,2.0,2.0,3.0,1.0,1.0,3.0,,5.0
201801020088,9.0,1.0,3.0,2.0,1.0,1.0,0.0,5.0
201801020091,9.0,1.0,2.0,2.0,1.0,3.0,1.0,2.0
201801020291,1.0,3.0,2.0,2.0,5.0,3.0,0.0,3.0
201801020386,2.0,2.0,4.0,1.0,1.0,3.0,0.0,4.0
201801020446,4.0,2.0,3.0,1.0,1.0,3.0,,5.0
201801020566,5.0,3.0,3.0,1.0,1.0,3.0,0.0,2.0
201801021315,9.0,1.0,2.0,1.0,1.0,3.0,1.0,4.0
201801021438,,1.0,2.0,1.0,3.0,5.0,1.0,1.0
201801021448,5.0,1.0,3.0,1.0,1.0,3.0,1.0,2.0
201801021693,4.0,1.0,1.0,2.0,1.0,3.0,1.0,5.0
201801021788,3.0,3.0,4.0,2.0,1.0,3.0,,
201801021976,3.0,3.0,2.0,2.0,1.0,3.0,0.0,4.0
201801021986,9.0,2.0,2.0,1.0,1.0,3.0,1.0,2.0
201801022067,1.0,3.0,2.0,1.0,1.0,3.0,1.0,5.0
201801022207,1.0,3.0,2.0,2.0,1.0,3.0,,4.0
201801022366,6.0,2.0,4.0,2.0,1.0,3.0,,5.0
201801022519,9.0,1.0,2.0,2.0,1.0,1.0,1.0,3.0
201801022649,3.0,2.0,4.0,1.0,5.0,3.0,,5.0
201801022862,5.0,3.0,2.0,1.0,1.0,3.0,1.0,2.0
201801023145,9.0,2.0,2.0,2.0,1.0,3.0,0.0,4.0
201801023469,3.0,2.0,2.0,2.0,1.0,3.0,0.0,5.0
201801023941,7.0,2.0,2.0,2.0,1.0,1.0,0.0,5.0
201801023984,3.0,3.0,4.0,2.0,5.0,3.0,,5.0
201801024051,9.0,2.0,3.0,1.0,1.0,3.0,0.0,5.0
201801024200,2.0,3.0,3.0,1.0,1.0,3.0,1.0,5.0
201801024214,9.0,1.0,4.0,2.0,1.0,1.0,1.0,2.0
201801024628,9.0,2.0,3.0,2.0,1.0,3.0,0.0,2.0
201801024944,8.0,2.0,2.0,2.0,1.0,1.0,0.0,2.0
201801025006,4.0,3.0,2.0,2.0,3.0,5.0,1.0,2.0
201801025064,4.0,1.0,3.0,2.0,1.0,3.0,0.0,5.0
201801025078,6.0,1.0,2.0,2.0,1.0,1.0,,5.0
201801025089,1.0,2.0,2.0,1.0,5.0,4.0,0.0,3.0
201801025482,3.0,2.0,4.0,2.0,1.0,1.0,0.0,5.0
201801025673,1.0,3.0,2.0,2.0,5.0,3.0,0.0,5.0
201801025725,1.0,3.0,3.0,1.0,,3.0,0.0,4.0
201801025817,5.0,3.0,3.0,2.0,3.0,5.0,,5.0
201801025873,4.0,1.0,2.0,2.0,1.0,3.0,0.0,5.0
201801026068,5.0,2.0,4.0,2.0,1.0,1.0,0.0,5.0
201801026107,1.0,3.0,2.0,2.0,1.0,1.0,0.0,5.0
201801026228,4.0,2.0,2.0,1.0,5.0,3.0,0.0,2.0
201801026461,5.0,1.0,1.0,1.0,1.0,3.0,1.0,5.0
201801026547,9.0,1.0,3.0,1.0,1.0,3.0,1.0,2.0
201801026612,8.0,1.0,2.0,2.0,1.0,3.0,0.0,4.0
201801026702,3.0,3.0,3.0,1.0,4.0,3.0,0.0,2.0
201801027461,9.0,2.0,2.0,1.0,5.0,3.0,,1.0
201801027477,9.0,1.0,2.0,1.0,1.0,1.0,1.0,1.0
201801027652,8.0,1.0,3.0,1.0,1.0,1.0,0.0,5.0
201801027665,8.0,2.0,4.0,1.0,5.0,3.0,1.0,1.0
201801027874,6.0,3.0,3.0,2.0,5.0,3.0,,5.0
201801027888,6.0,1.0,4.0,1.0,3.0,5.0,1.0,3.0
201801028040,9.0,1.0,3.0,1.0,3.0,5.0,0.0,5.0
201801028082,7.0,2.0,2.0,1.0,1.0,3.0,1.0,1.0
201801028152,9.0,1.0,2.0,1.0,1.0,3.0,1.0,3.0
201801028171,1.0,3.0,2.0,2.0,1.0,1.0,,5.0
201801028392,9.0,1.0,4.0,2.0,1.0,1.0,0.0,2.0
201801028536,8.0,2.0,3.0,1.0,1.0,3.0,1.0,5.0
201801028677,1.0,3.0,4.0,2.0,1.0,3.0,,5.0
201801028720,9.0,1.0,2.0,2.0,5.0,3.0,1.0,3.0
201801028729,9.0,1.0,2.0,2.0,1.0,3.0,,3.0
201801028812,,2.0,2.0,1.0,,3.0,,5.0
201801028869,8.0,3.0,4.0,2.0,1.0,1.0,1.0,5.0
201801029055,1.0,3.0,2.0,2.0,1.0,3.0,1.0,2.0
201801029241,6.0,2.0,2.0,2.0,1.0,1.0,,5.0
201801029259,9.0,1.0,1.0,2.0,1.0,3.0,1.0,2.0
201801029389,9.0,1.0,2.0,2.0,1.0,3.0,1.0,4.0
201801029633,1.0,3.0,3.0,2.0,1.0,3.0,0.0,1.0
201801029679,6.0,3.0,3.0,2.0,1.0,3.0,,3.0
201801029773,1.0,3.0,2.0,2.0,5.0,3.0,1.0,5.0
201801029985,9.0,1.0,2.0,1.0,1.0,3.0,1.0,2.0
201801030104,9.0,1.0,2.0,2.0,1.0,1.0,1.0,5.0
201801030120,7.0,2.0,3.0,1.0,5.0,3.0,0.0,5.0
201801030142,1.0,3.0,2.0,1.0,5.0,3.0,,5.0
201801030467,1.0,2.0,2.0,2.0,1.0,3.0,1.0,5.0
201801030609,1.0,2.0,2.0,1.0,1.0,3.0,,2.0
201801030717,8.0,2.0,2.0,2.0,1.0,3.0,,4.0
201801030770,9.0,1.0,4.0,2.0,1.0,3.0,0.0,2.0
201801030843,4.0,1.0,2.0,2.0,1.0,3.0,0.0,5.0
201801030891,1.0,2.0,2.0,1.0,1.0,3.0,1.0,4.0
201801030954,6.0,1.0,1.0,1.0,5.0,3.0,1.0,1.0
201801031124,3.0,2.0,3.0,2.0,1.0,3.0,1.0,4.0
201801031418,7.0,3.0,3.0,2.0,5.0,3.0,0.0,4.0
201801031509,,1.0,2.0,2.0,3.0,5.0,1.0,4.0
201801031591,9.0,1.0,3.0,1.0,5.0,3.0,1.0,1.0
201801031979,9.0,1.0,3.0,1.0,1.0,3.0,1.0,4.0
201801032024,8.0,2.0,3.0,1.0,5.0,3.0,1.0,2.0
201801032119,3.0,3.0,3.0,2.0,1.0,3.0,0.0,4.0
201801032456,5.0,1.0,4.0,2.0,3.0,5.0,1.0,4.0
201801032528,3.0,2.0,4.0,1.0,1.0,3.0,,5.0
201801032635,9.0,1.0,2.0,2.0,1.0,1.0,1.0,3.0
201801032779,7.0,1.0,2.0,1.0,5.0,3.0,0.0,5.0
201801032876,9.0,3.0,2.0,2.0,3.0,5.0,1.0,3.0
201801032954,7.0,2.0,2.0,2.0,1.0,3.0,0.0,4.0
201801033001,1.0,1.0,2.0,2.0,1.0,1.0,1.0,2.0
201801033150,9.0,1.0,2.0,1.0,1.0,1.0,1.0,2.0
201801034847,3.0,2.0,2.0,2.0,2.0,2.0,1.0,2.0
201801035061,9.0,1.0,2.0,1.0,1.0,3.0,1.0,4.0
201801035067,9.0,1.0,3.0,2.0,2.0,2.0,1.0,2.0
201801035347,1.0,3.0,2.0,2.0,2.0,2.0,0.0,1.0
201801035717,7.0,3.0,2.0,1.0,2.0,2.0,0.0,5.0
201801036208,,1.0,3.0,2.0,2.0,2.0,1.0,5.0
201801036406,2.0,1.0,1.0,2.0,2.0,2.0,1.0,1.0
201801036666,9.0,2.0,2.0,1.0,1.0,1.0,1.0,2.0
201801037812,6.0,3.0,3.0,1.0,2.0,2.0,,5.0
201801037927,3.0,2.0,4.0,1.0,1.0,1.0,0.0,5.0
201801038195,6.0,1.0,1.0,1.0,2.0,2.0,1.0,4.0
201801038998,8.0,3.0,4.0,2.0,2.0,2.0,,5.0
201801039611,9.0,1.0,2.0,2.0,2.0,2.0,0.0,5.0
201801039663,1.0,2.0,4.0,1.0,2.0,2.0,0.0,5.0
201801039676,9.0,1.0,4.0,1.0,2.0,2.0,1.0,2.0
201801040000,9.0,1.0,1.0,1.0,1.0,3.0,1.0,4.0
201801040140,6.0,2.0,4.0,2.0,2.0,2.0,,
201801040152,5.0,2.0,2.0,1.0,5.0,3.0,0.0,2.0
201801040275,,1.0,4.0,2.0,2.0,2.0,0.0,1.0
201801040326,9.0,1.0,4.0,2.0,1.0,1.0,,3.0
201801041130,2.0,3.0,3.0,1.0,2.0,2.0,0.0,2.0
201801041371,8.0,1.0,1.0,1.0,1.0,1.0,1.0,2.0
201801041549,8.0,2.0,3.0,1.0,1.0,1.0,,5.0
201801041578,1.0,2.0,1.0,3.0,1.0,1.0,1.0,4.0
201801042494,6.0,2.0,3.0,2.0,2.0,2.0,,5.0
201801042702,9.0,1.0,2.0,1.0,2.0,2.0,1.0,2.0
201801042867,3.0,1.0,2.0,1.0,2.0,2.0,0.0,5.0
201801042910,9.0,1.0,3.0,1.0,2.0,2.0,0.0,5.0
201801043101,2.0,2.0,4.0,1.0,2.0,2.0,,5.0
201801043268,,2.0,4.0,2.0,2.0,2.0,,5.0
201801043276,1.0,2.0,3.0,1.0,1.0,1.0,,
201801043289,9.0,3.0,2.0,2.0,4.0,4.0,0.0,2.0
201801043412,9.0,1.0,2.0,1.0,2.0,2.0,1.0,1.0
201801043580,9.0,1.0,2.0,1.0,1.0,1.0,1.0,2.0
201801043637,9.0,1.0,4.0,2.0,5.0,4.0,1.0,4.0
201801043781,9.0,2.0,2.0,1.0,2.0,2.0,1.0,4.0
201801043917,5.0,1.0,3.0,2.0,2.0,2.0,,5.0
201801044170,3.0,3.0,4.0,1.0,2.0,2.0,,5.0
201801044777,4.0,2.0,4.0,1.0,2.0,2.0,0.0,3.0
201801044861,4.0,2.0,3.0,2.0,2.0,2.0,,5.0
201801044917,9.0,1.0,2.0,1.0,4.0,3.0,1.0,5.0
201801045109,9.0,2.0,2.0,1.0,2.0,2.0,0.0,5.0
201801045369,9.0,1.0,3.0,1.0,1.0,1.0,0.0,5.0
201801045493,1.0,1.0,3.0,1.0,1.0,1.0,0.0,2.0
201801045718,5.0,2.0,2.0,2.0,1.0,1.0,0.0,2.0
201801045918,1.0,3.0,2.0,2.0,1.0,1.0,0.0,4.0
201801046063,5.0,2.0,2.0,1.0,2.0,2.0,1.0,3.0
201801046147,3.0,1.0,4.0,2.0,1.0,3.0,0.0,2.0
201801046152,,1.0,4.0,1.0,1.0,1.0,1.0,2.0
201801046156,7.0,1.0,2.0,1.0,5.0,3.0,1.0,1.0
201801046176,5.0,3.0,1.0,2.0,2.0,2.0,0.0,5.0
201801046194,6.0,2.0,4.0,2.0,2.0,2.0,0.0,5.0
201801046279,2.0,3.0,3.0,1.0,1.0,3.0,0.0,5.0
201801046833,9.0,1.0,1.0,2.0,1.0,1.0,1.0,2.0
201801046937,3.0,3.0,4.0,1.0,2.0,2.0,,5.0
201801047200,2.0,2.0,2.0,1.0,1.0,1.0,1.0,3.0
201801047223,3.0,2.0,3.0,2.0,1.0,1.0,0.0,3.0
201801047406,,2.0,3.0,1.0,1.0,1.0,,3.0
201801047453,4.0,2.0,3.0,2.0,1.0,1.0,1.0,3.0
201801047656,9.0,1.0,2.0,2.0,1.0,1.0,1.0,3.0
201801047992,6.0,1.0,2.0,1.0,1.0,3.0,1.0,3.0
201801048111,,2.0,4.0,1.0,2.0,2.0,,5.0
201801048193,2.0,3.0,3.0,2.0,1.0,1.0,,5.0
201801048506,4.0,2.0,1.0,1.0,2.0,2.0,1.0,5.0
201801048507,1.0,3.0,2.0,2.0,2.0,2.0,,5.0
201801048646,3.0,3.0,3.0,1.0,2.0,2.0,,5.0
201801048936,5.0,2.0,3.0,1.0,1.0,1.0,1.0,3.0
201801048996,5.0,3.0,3.0,2.0,1.0,1.0,0.0,5.0
201801049162,4.0,1.0,2.0,2.0,,3.0,,5.0
201801049370,5.0,2.0,2.0,2.0,2.0,2.0,,2.0
201801049419,4.0,1.0,3.0,2.0,1.0,1.0,,3.0
201801049572,4.0,2.0,3.0,1.0,1.0,1.0,1.0,5.0
201801049653,9.0,1.0,2.0,1.0,2.0,2.0,1.0,1.0
201801049850,3.0,2.0,2.0,1.0,5.0,4.0,0.0,2.0
201801049966,3.0,2.0,2.0,1.0,5.0,3.0,,5.0
201801050090,,1.0,4.0,2.0,,,0.0,4.0
201801050627,1.0,3.0,3.0,2.0,2.0,2.0,,5.0
201801050789,6.0,3.0,3.0,1.0,3.0,5.0,0.0,3.0
201801050928,6.0,2.0,2.0,1.0,1.0,1.0,1.0,3.0
201801051220,3.0,1.0,2.0,2.0,3.0,5.0,0.0,5.0
201801051365,1.0,3.0,3.0,2.0,2.0,2.0,0.0,5.0
201801051392,5.0,3.0,2.0,2.0,1.0,1.0,0.0,5.0
201801051515,1.0,2.0,2.0,2.0,2.0,2.0,0.0,5.0
201801051627,5.0,2.0,2.0,2.0,4.0,4.0,,2.0
201801051753,3.0,2.0,3.0,2.0,5.0,4.0,0.0,2.0
201801051939,,1.0,3.0,2.0,2.0,2.0,,2.0
201801052484,2.0,1.0,2.0,2.0,2.0,2.0,,4.0
201801052791,9.0,3.0,3.0,2.0,1.0,1.0,0.0,2.0
201801052874,3.0,2.0,4.0,1.0,1.0,1.0,,3.0
201801053306,9.0,3.0,3.0,2.0,1.0,1.0,,5.0
201801054626,6.0,2.0,3.0,2.0,1.0,1.0,0.0,3.0
201801054672,9.0,3.0,3.0,1.0,1.0,1.0,0.0,2.0
201801054864,9.0,1.0,3.0,1.0,2.0,2.0,1.0,2.0
201801054987,2.0,1.0,1.0,1.0,2.0,2.0,0.0,4.0
201801055311,9.0,1.0,2.0,1.0,1.0,1.0,1.0,1.0
201801056019,7.0,1.0,4.0,1.0,1.0,1.0,0.0,5.0
201801056052,2.0,2.0,4.0,1.0,2.0,2.0,0.0,2.0
201801056246,8.0,3.0,3.0,1.0,1.0,1.0,,4.0
201801056668,1.0,1.0,3.0,2.0,2.0,2.0,,5.0
201801057037,8.0,1.0,4.0,1.0,1.0,1.0,1.0,2.0
201801057086,9.0,2.0,2.0,2.0,2.0,2.0,1.0,2.0
201801057572,2.0,1.0,2.0,2.0,2.0,2.0,,5.0
201801057894,9.0,1.0,2.0,1.0,3.0,5.0,1.0,4.0
201801057956,7.0,2.0,2.0,2.0,2.0,2.0,1.0,5.0
201801058059,1.0,2.0,4.0,3.0,4.0,4.0,,5.0
201801058077,9.0,1.0,3.0,1.0,1.0,1.0,0.0,3.0
201801058496,7.0,1.0,2.0,1.0,3.0,5.0,1.0,5.0
201801058545,8.0,2.0,2.0,2.0,2.0,2.0,0.0,4.0
201801058984,9.0,1.0,2.0,2.0,1.0,1.0,1.0,2.0
201801059020,7.0,3.0,2.0,2.0,1.0,3.0,1.0,2.0
201801059332,3.0,2.0,2.0,2.0,1.0,1.0,,5.0
201801059362,6.0,2.0,2.0,2.0,1.0,3.0,0.0,5.0
201801059412,4.0,2.0,4.0,2.0,1.0,1.0,,5.0
201801059595,9.0,2.0,2.0,2.0,1.0,1.0,0.0,2.0
201801060084,9.0,1.0,3.0,2.0,3.0,5.0,1.0,2.0
201801060511,1.0,3.0,2.0,1.0,1.0,1.0,0.0,5.0
201801060539,7.0,2.0,2.0,1.0,1.0,1.0,1.0,2.0
201801060644,1.0,2.0,3.0,1.0,1.0,1.0,0.0,2.0
201801060802,6.0,3.0,1.0,1.0,4.0,4.0,0.0,5.0
201801060810,9.0,1.0,4.0,1.0,1.0,1.0,0.0,2.0
201801060845,1.0,1.0,2.0,2.0,1.0,1.0,0.0,3.0
201801060898,3.0,3.0,3.0,1.0,1.0,1.0,,3.0
201801061142,8.0,1.0,1.0,1.0,1.0,1.0,0.0,2.0
201801061325,,2.0,3.0,2.0,1.0,1.0,1.0,5.0
201801061714,2.0,1.0,1.0,2.0,3.0,5.0,0.0,5.0
201801061814,6.0,3.0,4.0,1.0,1.0,1.0,1.0,5.0
201801062012,3.0,2.0,3.0,2.0,1.0,1.0,,5.0
201801062072,8.0,1.0,3.0,1.0,1.0,1.0,1.0,5.0
201801062179,7.0,2.0,1.0,2.0,1.0,1.0,0.0,5.0
201801062221,4.0,3.0,1.0,3.0,4.0,3.0,1.0,3.0
201801062327,3.0,2.0,1.0,1.0,1.0,1.0,1.0,5.0
201801062334,,3.0,2.0,2.0,1.0,1.0,,5.0
201801062481,7.0,1.0,2.0,2.0,1.0,1.0,0.0,5.0
201801062562,9.0,1.0,3.0,2.0,1.0,1.0,0.0,3.0
201801062596,6.0,2.0,2.0,2.0,1.0,1.0,,5.0
201801062729,7.0,2.0,4.0,2.0,1.0,1.0,0.0,5.0
201801062813,9.0,1.0,3.0,2.0,1.0,1.0,1.0,2.0
201801062978,7.0,3.0,4.0,3.0,1.0,1.0,1.0,2.0
201801062998,9.0,1.0,4.0,2.0,1.0,1.0,0.0,5.0
201801063305,4.0,1.0,2.0,2.0,2.0,3.0,1.0,4.0
201801063504,6.0,2.0,1.0,2.0,1.0,1.0,0.0,5.0
201801063523,,2.0,2.0,1.0,1.0,1.0,1.0,4.0
201801063677,1.0,1.0,3.0,2.0,1.0,1.0,,4.0
201801063894,3.0,2.0,3.0,2.0,1.0,1.0,0.0,3.0
201801064024,5.0,2.0,3.0,2.0,1.0,1.0,,3.0
201801064526,2.0,2.0,1.0,2.0,4.0,4.0,,5.0
201801064631,5.0,1.0,3.0,2.0,1.0,1.0,0.0,5.0
201801064718,8.0,3.0,3.0,1.0,2.0,2.0,,5.0
201801064853,9.0,1.0,3.0,1.0,1.0,1.0,1.0,3.0
201801064913,6.0,1.0,3.0,1.0,1.0,1.0,1.0,2.0
201801065102,8.0,1.0,3.0,2.0,1.0,1.0,1.0,2.0
201801065189,6.0,2.0,3.0,2.0,1.0,1.0,0.0,5.0
201801065336,9.0,2.0,3.0,1.0,1.0,1.0,0.0,5.0
201801065487,9.0,2.0,3.0,2.0,1.0,1.0,0.0,2.0
201801065525,1.0,3.0,3.0,2.0,2.0,2.0,,5.0
201801065739,9.0,2.0,4.0,1.0,1.0,1.0,0.0,4.0
201801065741,7.0,1.0,3.0,1.0,1.0,1.0,0.0,3.0
201801065890,3.0,2.0,3.0,1.0,1.0,1.0,0.0,4.0
201801066109,2.0,3.0,3.0,2.0,1.0,1.0,0.0,2.0
201801066275,7.0,2.0,3.0,2.0,1.0,1.0,0.0,3.0
201801066314,6.0,3.0,3.0,1.0,1.0,1.0,,4.0
201801066362,9.0,3.0,3.0,1.0,1.0,1.0,,4.0
201801066373,9.0,2.0,3.0,2.0,1.0,1.0,1.0,5.0
201801066404,2.0,2.0,4.0,1.0,1.0,1.0,0.0,3.0
201801066779,,1.0,1.0,2.0,1.0,1.0,0.0,2.0
201801066858,7.0,2.0,3.0,2.0,1.0,1.0,,4.0
201801066860,2.0,1.0,4.0,2.0,1.0,1.0,0.0,2.0
201801066901,9.0,1.0,1.0,2.0,1.0,1.0,0.0,2.0
201801066948,9.0,2.0,4.0,1.0,1.0,1.0,0.0,1.0
201801066975,9.0,3.0,3.0,1.0,1.0,1.0,0.0,3.0
201801066988,9.0,2.0,4.0,1.0,1.0,1.0,1.0,3.0
201801067082,1.0,2.0,2.0,2.0,1.0,1.0,,5.0
201801067349,8.0,2.0,3.0,2.0,1.0,1.0,0.0,2.0
201801067366,9.0,1.0,2.0,1.0,1.0,1.0,1.0,2.0
201801067428,9.0,1.0,3.0,2.0,1.0,1.0,1.0,4.0
201801067429,4.0,1.0,1.0,2.0,3.0,5.0,1.0,2.0
201801067511,5.0,3.0,2.0,2.0,1.0,1.0,0.0,5.0
201801067788,9.0,1.0,2.0,2.0,1.0,1.0,1.0,2.0
201801068005,,2.0,2.0,1.0,1.0,1.0,,2.0
201801068056,1.0,3.0,2.0,1.0,1.0,1.0,0.0,2.0
201801068069,,2.0,3.0,2.0,4.0,4.0,,5.0
201801068101,9.0,1.0,2.0,1.0,1.0,1.0,0.0,5.0
201801068270,3.0,2.0,3.0,2.0,1.0,1.0,,5.0
201801068360,7.0,1.0,4.0,2.0,3.0,5.0,0.0,2.0
201801068636,3.0,2.0,1.0,1.0,1.0,1.0,0.0,3.0
201801068736,9.0,1.0,1.0,2.0,1.0,1.0,,3.0
201801068784,1.0,3.0,2.0,2.0,5.0,4.0,,5.0
201801069017,4.0,3.0,1.0,2.0,1.0,1.0,,4.0
201801069022,9.0,1.0,4.0,2.0,1.0,1.0,0.0,2.0
201801069222,6.0,2.0,3.0,1.0,1.0,1.0,,3.0
201801069434,3.0,2.0,2.0,2.0,1.0,3.0,,5.0
201801069482,4.0,1.0,2.0,2.0,,3.0,,4.0
201801069511,9.0,3.0,3.0,1.0,1.0,1.0,0.0,4.0
201801069577,9.0,2.0,3.0,2.0,1.0,1.0,,4.0
201801069803,4.0,2.0,2.0,1.0,1.0,1.0,0.0,4.0
201801069894,5.0,2.0,2.0,2.0,3.0,5.0,0.0,2.0
201801069954,9.0,3.0,3.0,1.0,4.0,3.0,1.0,4.0
201801070062,9.0,1.0,3.0,1.0,1.0,1.0,,2.0
201801070175,9.0,3.0,2.0,1.0,1.0,1.0,1.0,2.0
201801070178,2.0,2.0,4.0,2.0,2.0,2.0,,5.0
201801070185,3.0,3.0,1.0,2.0,1.0,1.0,,3.0
201801070194,,2.0,3.0,2.0,1.0,1.0,,4.0
201801070288,3.0,3.0,3.0,1.0,2.0,2.0,1.0,5.0
201801070419,,2.0,4.0,1.0,3.0,5.0,,4.0
201801070459,4.0,2.0,3.0,2.0,3.0,5.0,0.0,3.0
201801070466,7.0,1.0,2.0,2.0,3.0,5.0,1.0,2.0
201801070504,4.0,3.0,1.0,2.0,1.0,1.0,0.0,5.0
201801070547,7.0,1.0,2.0,2.0,3.0,5.0,1.0,3.0
201801070574,2.0,2.0,3.0,2.0,1.0,1.0,0.0,2.0
201801070706,9.0,2.0,3.0,1.0,1.0,1.0,0.0,2.0
201801070745,9.0,1.0,4.0,1.0,3.0,5.0,0.0,2.0
201801070769,9.0,1.0,4.0,2.0,3.0,5.0,0.0,5.0
201801070942,4.0,1.0,1.0,2.0,4.0,4.0,1.0,5.0
201801070979,,1.0,4.0,1.0,1.0,1.0,,3.0
201801071113,9.0,1.0,4.0,2.0,1.0,1.0,1.0,1.0
201801071122,1.0,2.0,3.0,2.0,1.0,1.0,0.0,2.0
201801071165,8.0,2.0,3.0,1.0,1.0,1.0,0.0,1.0
201801071417,,1.0,1.0,1.0,3.0,5.0,1.0,2.0
201801071618,9.0,1.0,1.0,1.0,1.0,1.0,1.0,5.0
201801071658,9.0,1.0,4.0,2.0,1.0,1.0,0.0,5.0
201801071894,1.0,3.0,2.0,1.0,1.0,1.0,0.0,5.0
201801071964,9.0,1.0,3.0,2.0,1.0,1.0,0.0,2.0
201801071968,8.0,2.0,4.0,1.0,1.0,1.0,0.0,5.0
201801072056,9.0,2.0,4.0,1.0,1.0,1.0,1.0,2.0
201801072218,9.0,1.0,3.0,1.0,1.0,1.0,1.0,4.0
201801072490,3.0,1.0,2.0,1.0,1.0,1.0,1.0,2.0
201801072594,9.0,1.0,3.0,1.0,3.0,5.0,1.0,2.0
201801072663,9.0,1.0,2.0,1.0,1.0,1.0,1.0,5.0
201801072737,9.0,1.0,2.0,2.0,1.0,1.0,0.0,5.0
201801072773,,3.0,2.0,2.0,1.0,1.0,1.0,2.0
201801073245,9.0,1.0,2.0,2.0,1.0,1.0,1.0,5.0
201801073543,6.0,1.0,2.0,2.0,1.0,1.0,0.0,3.0
201801073604,9.0,2.0,2.0,2.0,2.0,2.0,0.0,5.0
201801073850,9.0,1.0,1.0,1.0,3.0,5.0,1.0,5.0
201801073934,7.0,1.0,2.0,2.0,1.0,1.0,,5.0
201801074332,1.0,3.0,2.0,2.0,1.0,1.0,,2.0
201801074456,9.0,1.0,3.0,1.0,1.0,1.0,1.0,3.0
201801074671,9.0,2.0,4.0,1.0,1.0,1.0,1.0,5.0
201801074678,8.0,3.0,2.0,2.0,1.0,1.0,,5.0
201801074698,2.0,2.0,3.0,2.0,1.0,1.0,,2.0
201801074710,9.0,1.0,4.0,1.0,1.0,1.0,1.0,4.0
201801074916,2.0,1.0,3.0,2.0,1.0,1.0,,5.0
201801074961,9.0,1.0,2.0,2.0,1.0,1.0,1.0,2.0
201801075345,5.0,3.0,4.0,2.0,1.0,1.0,0.0,5.0
201801075543,3.0,2.0,3.0,2.0,1.0,1.0,,5.0
201801075613,8.0,1.0,3.0,2.0,4.0,4.0,,4.0
201801075650,9.0,1.0,2.0,2.0,1.0,1.0,1.0,2.0
201801075662,4.0,1.0,4.0,1.0,1.0,1.0,0.0,2.0
201801075681,5.0,1.0,4.0,1.0,1.0,1.0,0.0,4.0
201801076049,9.0,1.0,3.0,2.0,1.0,1.0,1.0,4.0
201801076051,9.0,2.0,3.0,1.0,1.0,1.0,0.0,2.0
201801076144,,1.0,3.0,2.0,1.0,1.0,0.0,5.0
201801076154,6.0,2.0,3.0,1.0,4.0,4.0,,4.0
201801076175,9.0,1.0,4.0,1.0,1.0,1.0,1.0,3.0
201801076285,3.0,3.0,3.0,1.0,1.0,1.0,1.0,5.0
201801076424,5.0,3.0,3.0,1.0,1.0,1.0,,2.0
201801076563,5.0,2.0,4.0,2.0,1.0,1.0,0.0,5.0
201801076847,9.0,2.0,3.0,2.0,1.0,1.0,0.0,3.0
201801076947,1.0,2.0,4.0,2.0,1.0,1.0,,4.0
201801076984,9.0,1.0,4.0,1.0,1.0,1.0,,3.0
201801077098,9.0,1.0,3.0,2.0,1.0,1.0,1.0,2.0
201801077133,9.0,1.0,1.0,1.0,5.0,3.0,0.0,5.0
201801077685,9.0,1.0,2.0,1.0,3.0,5.0,1.0,2.0
201801077868,4.0,1.0,4.0,2.0,1.0,1.0,1.0,4.0
201801078198,3.0,3.0,2.0,2.0,1.0,3.0,,5.0
201801078430,9.0,1.0,4.0,2.0,1.0,1.0,,4.0
201801078652,9.0,1.0,2.0,1.0,1.0,1.0,0.0,5.0
201801078773,1.0,2.0,3.0,2.0,1.0,3.0,0.0,3.0
201801079121,9.0,1.0,2.0,1.0,3.0,5.0,0.0,1.0
201801079137,4.0,2.0,4.0,2.0,1.0,1.0,,5.0
201801079157,6.0,3.0,4.0,2.0,1.0,1.0,1.0,3.0
201801079278,,1.0,4.0,1.0,1.0,1.0,0.0,4.0
201801079322,9.0,3.0,4.0,1.0,1.0,1.0,,5.0
201801079611,9.0,2.0,4.0,2.0,1.0,1.0,0.0,5.0
201801079675,6.0,2.0,3.0,2.0,2.0,2.0,0.0,4.0
201801079775,9.0,1.0,4.0,1.0,1.0,1.0,0.0,5.0
201801079809,9.0,3.0,3.0,2.0,1.0,1.0,,3.0
201801080084,7.0,1.0,4.0,1.0,1.0,1.0,0.0,1.0
201801080085,,1.0,4.0,1.0,1.0,1.0,,2.0
201801080258,9.0,3.0,2.0,2.0,1.0,1.0,,5.0
201801080347,9.0,1.0,3.0,1.0,1.0,1.0,1.0,5.0
201801080453,5.0,2.0,2.0,1.0,1.0,3.0,0.0,2.0
201801080556,9.0,1.0,2.0,2.0,3.0,5.0,,3.0
201801080718,9.0,1.0,2.0,2.0,3.0,5.0,1.0,2.0
201801081041,8.0,1.0,1.0,1.0,1.0,1.0,1.0,3.0
201801081269,9.0,1.0,2.0,2.0,3.0,5.0,1.0,5.0
201801081563,5.0,3.0,3.0,2.0,1.0,1.0,,2.0
201801082007,,1.0,4.0,2.0,1.0,1.0,0.0,5.0
201801082145,1.0,3.0,2.0,1.0,2.0,2.0,,5.0
201801082597,5.0,1.0,2.0,2.0,1.0,1.0,0.0,2.0
201801082627,4.0,3.0,4.0,2.0,3.0,5.0,0.0,5.0
201801083071,9.0,1.0,1.0,1.0,1.0,1.0,1.0,1.0
201801083276,7.0,1.0,3.0,2.0,3.0,5.0,1.0,2.0
201801083305,2.0,2.0,4.0,1.0,1.0,1.0,,5.0
201801083419,8.0,2.0,1.0,1.0,1.0,3.0,,5.0
201801083964,2.0,3.0,3.0,2.0,2.0,2.0,0.0,4.0
201801083973,3.0,2.0,4.0,1.0,1.0,1.0,0.0,4.0
201801084122,9.0,1.0,4.0,2.0,1.0,1.0,,3.0
201801084160,9.0,2.0,4.0,1.0,1.0,3.0,1.0,4.0
201801084182,5.0,2.0,3.0,2.0,1.0,1.0,1.0,4.0
201801084317,9.0,2.0,3.0,1.0,1.0,1.0,1.0,5.0
201801084555,2.0,1.0,4.0,2.0,1.0,1.0,,5.0
201801084596,8.0,2.0,2.0,2.0,1.0,1.0,,2.0
201801084844,9.0,1.0,1.0,1.0,1.0,1.0,1.0,4.0
201801084899,1.0,3.0,2.0,2.0,4.0,4.0,,4.0
201801084937,3.0,1.0,4.0,2.0,1.0,1.0,,
201801085041,7.0,1.0,4.0,1.0,1.0,1.0,0.0,3.0
201801085112,9.0,1.0,4.0,2.0,1.0,1.0,0.0,2.0
201801085261,9.0,1.0,3.0,2.0,1.0,1.0,,4.0
201801085379,3.0,2.0,3.0,2.0,1.0,1.0,,2.0
201801085405,3.0,1.0,3.0,1.0,1.0,1.0,0.0,4.0
201801085559,9.0,1.0,2.0,2.0,1.0,1.0,1.0,5.0
201801085687,3.0,1.0,2.0,1.0,1.0,1.0,1.0,3.0
201801085726,9.0,1.0,4.0,2.0,1.0,1.0,,4.0
201801085731,1.0,3.0,4.0,2.0,1.0,1.0,,5.0
201801086018,6.0,2.0,4.0,2.0,1.0,1.0,0.0,5.0
201801086110,9.0,1.0,3.0,1.0,1.0,1.0,0.0,5.0
201801086209,5.0,2.0,4.0,1.0,1.0,1.0,1.0,5.0
201801086329,2.0,3.0,2.0,2.0,1.0,3.0,0.0,4.0
201801086389,7.0,3.0,3.0,2.0,1.0,1.0,1.0,2.0
201801086522,,2.0,3.0,1.0,1.0,1.0,,4.0
201801086555,3.0,3.0,4.0,1.0,1.0,1.0,0.0,4.0
201801086699,,3.0,3.0,2.0,1.0,1.0,0.0,5.0
201801086937,4.0,3.0,4.0,1.0,1.0,1.0,0.0,5.0
201801087154,4.0,1.0,2.0,2.0,1.0,1.0,,5.0
201801087181,9.0,2.0,3.0,2.0,1.0,1.0,1.0,2.0
201801087244,9.0,1.0,2.0,1.0,3.0,5.0,0.0,2.0
201801087334,2.0,2.0,4.0,2.0,1.0,1.0,0.0,2.0
201801087452,6.0,2.0,3.0,2.0,1.0,1.0,0.0,1.0
201801087456,1.0,2.0,3.0,2.0,2.0,2.0,,5.0
201801087698,6.0,3.0,3.0,2.0,2.0,2.0,,5.0
201801088018,9.0,1.0,2.0,1.0,1.0,1.0,1.0,2.0
201801088076,3.0,2.0,2.0,2.0,1.0,1.0,1.0,3.0
201801088145,,1.0,2.0,1.0,1.0,1.0,1.0,2.0
201801088242,1.0,2.0,4.0,1.0,2.0,2.0,1.0,2.0
201801088347,2.0,2.0,2.0,2.0,1.0,1.0,,5.0
201801088381,7.0,3.0,4.0,1.0,1.0,1.0,0.0,5.0
201801088407,1.0,2.0,3.0,1.0,1.0,1.0,0.0,5.0
201801088441,9.0,1.0,4.0,2.0,1.0,1.0,0.0,4.0
201801088483,5.0,1.0,3.0,2.0,1.0,1.0,1.0,4.0
201801088536,9.0,2.0,4.0,1.0,1.0,1.0,0.0,2.0
201801088623,,3.0,4.0,2.0,1.0,1.0,0.0,5.0
201801088644,9.0,1.0,3.0,2.0,1.0,1.0,,3.0
201801088987,9.0,1.0,2.0,2.0,1.0,1.0,,2.0
201801089028,6.0,3.0,3.0,2.0,1.0,1.0,,2.0
201801089129,9.0,1.0,2.0,2.0,1.0,1.0,1.0,2.0
201801089400,,3.0,4.0,1.0,1.0,1.0,,5.0
201801089467,7.0,2.0,4.0,1.0,1.0,1.0,0.0,2.0
201801089527,1.0,3.0,4.0,2.0,1.0,1.0,,5.0
201801089668,,3.0,2.0,2.0,1.0,1.0,,5.0
201801089703,9.0,1.0,4.0,2.0,1.0,1.0,,2.0
201801089792,1.0,3.0,4.0,1.0,1.0,1.0,0.0,5.0
201801089841,6.0,3.0,4.0,2.0,1.0,1.0,,5.0
201801089861,2.0,2.0,4.0,2.0,1.0,1.0,0.0,5.0
201801089896,9.0,3.0,1.0,2.0,1.0,1.0,0.0,1.0
201801089907,6.0,1.0,4.0,2.0,1.0,1.0,,5.0
201801089914,6.0,1.0,2.0,1.0,1.0,1.0,1.0,5.0
201801089917,9.0,1.0,4.0,1.0,1.0,1.0,0.0,3.0
201801089969,6.0,1.0,3.0,2.0,1.0,1.0,1.0,2.0
201801089993,9.0,1.0,2.0,1.0,1.0,1.0,0.0,4.0
201801089999,8.0,1.0,4.0,2.0,1.0,1.0,,5.0
201801090052,4.0,2.0,4.0,1.0,1.0,1.0,0.0,5.0
201801090083,1.0,3.0,4.0,1.0,1.0,1.0,,5.0
201801090088,9.0,1.0,4.0,1.0,1.0,1.0,0.0,5.0
201801090158,1.0,3.0,2.0,1.0,1.0,1.0,0.0,3.0
201801090232,4.0,1.0,2.0,2.0,1.0,1.0,0.0,
201801090415,9.0,2.0,3.0,1.0,1.0,1.0,0.0,4.0
201801090455,9.0,1.0,3.0,2.0,1.0,1.0,1.0,2.0
201801090487,5.0,3.0,3.0,2.0,1.0,1.0,,5.0
201801090535,9.0,1.0,2.0,2.0,1.0,1.0,1.0,2.0
201801090957,5.0,2.0,4.0,2.0,1.0,1.0,0.0,4.0
201801090974,2.0,3.0,4.0,2.0,1.0,1.0,,5.0
201801091024,6.0,3.0,4.0,1.0,1.0,1.0,,5.0
201801091043,7.0,2.0,3.0,2.0,1.0,1.0,1.0,4.0
201801091114,7.0,1.0,3.0,1.0,1.0,1.0,1.0,2.0
201801091143,9.0,1.0,4.0,2.0,1.0,1.0,0.0,2.0
201801091158,6.0,2.0,4.0,2.0,1.0,1.0,0.0,2.0
201801091180,,3.0,4.0,2.0,1.0,1.0,,5.0
201801091236,1.0,1.0,4.0,2.0,1.0,1.0,0.0,5.0
201801091301,7.0,1.0,4.0,2.0,1.0,1.0,0.0,4.0
201801091303,6.0,2.0,4.0,2.0,1.0,1.0,0.0,2.0
201801091411,5.0,2.0,4.0,1.0,1.0,1.0,0.0,4.0
201801091611,4.0,1.0,4.0,2.0,1.0,1.0,1.0,2.0
201801091796,9.0,2.0,4.0,1.0,1.0,1.0,,3.0
201801092149,9.0,2.0,3.0,1.0,1.0,1.0,,5.0
201801092536,5.0,2.0,2.0,1.0,1.0,3.0,1.0,2.0
201801092602,6.0,2.0,4.0,2.0,1.0,1.0,1.0,2.0
201801092797,5.0,3.0,3.0,2.0,1.0,1.0,,5.0
201801093190,9.0,1.0,4.0,2.0,1.0,1.0,,3.0
201801093401,9.0,1.0,2.0,1.0,1.0,1.0,1.0,2.0
201801093484,9.0,1.0,2.0,1.0,1.0,1.0,1.0,4.0
201801093552,9.0,1.0,2.0,1.0,1.0,1.0,0.0,2.0
201801093593,9.0,1.0,4.0,2.0,1.0,1.0,0.0,2.0
201801093598,9.0,1.0,4.0,2.0,1.0,1.0,1.0,5.0
201801093641,9.0,1.0,2.0,1.0,3.0,5.0,1.0,3.0
201801093790,5.0,1.0,4.0,1.0,3.0,5.0,0.0,5.0
201801093878,9.0,1.0,3.0,1.0,2.0,2.0,1.0,2.0
201801094116,9.0,1.0,3.0,1.0,2.0,2.0,1.0,4.0
201801094282,9.0,1.0,4.0,1.0,1.0,1.0,0.0,3.0
201801094419,,1.0,4.0,2.0,1.0,1.0,0.0,5.0
201801094557,9.0,1.0,3.0,2.0,3.0,5.0,1.0,2.0
201801094569,7.0,2.0,4.0,2.0,2.0,2.0,,3.0
201801094645,3.0,3.0,4.0,1.0,1.0,1.0,,5.0
201801094729,8.0,1.0,4.0,1.0,1.0,1.0,1.0,4.0
201801094824,9.0,1.0,1.0,2.0,1.0,1.0,1.0,2.0
201801094972,9.0,3.0,4.0,1.0,1.0,1.0,,5.0
201801095301,,1.0,4.0,1.0,1.0,1.0,1.0,4.0
201801095313,9.0,1.0,3.0,1.0,3.0,5.0,1.0,4.0
201801095401,9.0,2.0,4.0,2.0,1.0,1.0,0.0,3.0
201801095429,6.0,3.0,2.0,2.0,4.0,4.0,0.0,5.0
201801095647,9.0,1.0,2.0,1.0,2.0,2.0,1.0,2.0
201801095731,7.0,2.0,4.0,2.0,1.0,1.0,,2.0
201801095739,1.0,3.0,4.0,2.0,1.0,1.0,0.0,5.0
201801095786,9.0,2.0,1.0,1.0,1.0,1.0,1.0,2.0
201801096010,9.0,1.0,3.0,2.0,1.0,1.0,0.0,3.0
201801096135,9.0,1.0,2.0,1.0,2.0,2.0,1.0,3.0
201801096144,9.0,1.0,2.0,3.0,1.0,1.0,1.0,5.0
201801096210,9.0,1.0,3.0,2.0,3.0,5.0,1.0,2.0
201801096255,9.0,1.0,4.0,1.0,1.0,1.0,1.0,4.0
201801096421,5.0,2.0,2.0,2.0,2.0,2.0,,4.0
201801096443,9.0,1.0,4.0,1.0,1.0,1.0,0.0,5.0
201801096566,3.0,3.0,4.0,1.0,1.0,1.0,,5.0
201801097225,1.0,2.0,4.0,2.0,1.0,1.0,1.0,5.0
201801097889,9.0,2.0,3.0,2.0,2.0,2.0,0.0,3.0
201801098177,8.0,1.0,2.0,2.0,1.0,1.0,0.0,5.0
201801098248,8.0,1.0,4.0,2.0,1.0,1.0,,2.0
201801098368,3.0,2.0,4.0,1.0,4.0,4.0,,5.0
201801098386,1.0,2.0,2.0,2.0,1.0,1.0,,4.0
201801098392,3.0,1.0,1.0,2.0,1.0,1.0,1.0,2.0
201801098667,2.0,3.0,4.0,1.0,1.0,1.0,1.0,5.0
201801098701,9.0,2.0,3.0,2.0,1.0,1.0,1.0,2.0
201801098831,4.0,1.0,3.0,2.0,1.0,1.0,1.0,3.0
201801098949,4.0,2.0,4.0,2.0,1.0,1.0,0.0,5.0
201801099079,1.0,2.0,3.0,2.0,1.0,1.0,,5.0
201801099252,6.0,2.0,2.0,1.0,1.0,1.0,0.0,5.0
201801099479,2.0,2.0,2.0,2.0,1.0,1.0,,5.0
201801099541,8.0,3.0,3.0,1.0,2.0,2.0,,5.0
201801099611,9.0,1.0,3.0,2.0,1.0,1.0,0.0,2.0
201801099717,9.0,1.0,3.0,1.0,1.0,1.0,0.0,4.0
201801099735,1.0,1.0,2.0,2.0,2.0,2.0,,5.0
201801099911,1.0,2.0,4.0,2.0,1.0,1.0,,5.0
201801099917,1.0,2.0,3.0,2.0,1.0,1.0,,5.0
201801099940,4.0,2.0,2.0,1.0,1.0,1.0,0.0,2.0
201801099996,1.0,3.0,4.0,1.0,2.0,2.0,,5.0
201801100007,7.0,1.0,4.0,2.0,1.0,3.0,1.0,5.0
201801100013,7.0,2.0,2.0,2.0,2.0,2.0,1.0,3.0
201801100141,,,2.0,1.0,,,1.0,2.0
201801100457,6.0,2.0,3.0,2.0,1.0,1.0,,5.0
201801100580,9.0,3.0,4.0,1.0,1.0,1.0,,5.0
201801100725,7.0,1.0,4.0,2.0,1.0,1.0,0.0,4.0
201801100867,3.0,1.0,2.0,2.0,1.0,1.0,0.0,3.0
201801100915,9.0,1.0,3.0,1.0,1.0,1.0,1.0,3.0
201801100986,6.0,1.0,3.0,2.0,1.0,1.0,1.0,4.0
201801101041,9.0,1.0,3.0,1.0,1.0,1.0,1.0,4.0
201801101149,9.0,1.0,3.0,2.0,1.0,1.0,1.0,4.0
201801101186,5.0,2.0,3.0,2.0,1.0,1.0,0.0,2.0
201801101268,9.0,1.0,3.0,1.0,3.0,5.0,0.0,3.0
201801101272,9.0,1.0,2.0,2.0,1.0,1.0,1.0,3.0
201801101377,4.0,2.0,4.0,2.0,1.0,1.0,,2.0
201801101406,1.0,3.0,4.0,2.0,1.0,1.0,0.0,5.0
201801101625,1.0,1.0,1.0,1.0,2.0,2.0,1.0,2.0
201801101691,3.0,3.0,2.0,2.0,1.0,1.0,1.0,4.0
201801101692,6.0,1.0,2.0,2.0,2.0,2.0,,5.0
201801101765,9.0,1.0,2.0,1.0,1.0,1.0,1.0,5.0
201801101878,9.0,1.0,2.0,2.0,1.0,1.0,0.0,3.0
201801101943,1.0,2.0,1.0,2.0,4.0,4.0,0.0,5.0
201801101984,1.0,2.0,4.0,1.0,2.0,2.0,,5.0
201801102026,4.0,3.0,2.0,2.0,1.0,1.0,0.0,5.0
201801102280,9.0,2.0,2.0,1.0,1.0,1.0,0.0,2.0
201801102358,9.0,1.0,4.0,2.0,1.0,1.0,0.0,3.0
201801102431,1.0,3.0,2.0,2.0,1.0,1.0,0.0,3.0
201801102518,,1.0,3.0,2.0,,,,5.0
201801102526,4.0,2.0,3.0,1.0,1.0,1.0,0.0,5.0
201801102549,4.0,1.0,2.0,2.0,1.0,1.0,0.0,2.0
201801103266,3.0,2.0,2.0,2.0,1.0,1.0,0.0,2.0
201801103272,1.0,1.0,2.0,1.0,3.0,3.0,1.0,2.0
201801103279,,2.0,3.0,1.0,2.0,2.0,0.0,3.0
201801103779,8.0,1.0,2.0,2.0,1.0,1.0,0.0,5.0
201801103783,1.0,2.0,4.0,2.0,1.0,1.0,0.0,2.0
201801104013,1.0,1.0,1.0,1.0,1.0,1.0,1.0,2.0
201801104126,2.0,2.0,3.0,2.0,1.0,1.0,,2.0
201801104304,9.0,2.0,3.0,1.0,1.0,1.0,0.0,5.0
201801104323,9.0,2.0,2.0,1.0,1.0,1.0,0.0,4.0
201801104433,5.0,2.0,2.0,2.0,1.0,1.0,,4.0
201801104457,6.0,3.0,2.0,2.0,1.0,1.0,,5.0
201801104597,,1.0,4.0,1.0,1.0,1.0,0.0,5.0
201801104788,6.0,2.0,3.0,2.0,1.0,1.0,0.0,1.0
201801104959,5.0,3.0,4.0,1.0,1.0,1.0,,5.0
201801105005,8.0,2.0,4.0,1.0,2.0,2.0,0.0,5.0
201801105120,4.0,2.0,2.0,2.0,2.0,2.0,,5.0
201801105125,9.0,1.0,3.0,2.0,1.0,1.0,1.0,1.0
201801105271,9.0,1.0,2.0,2.0,1.0,1.0,1.0,3.0
201801105381,9.0,1.0,4.0,1.0,2.0,2.0,0.0,2.0
201801105552,9.0,1.0,2.0,2.0,1.0,1.0,0.0,2.0
201801105659,7.0,1.0,3.0,,,,1.0,1.0
201801105672,9.0,1.0,3.0,2.0,2.0,2.0,1.0,1.0
201801105683,6.0,1.0,3.0,2.0,3.0,5.0,1.0,1.0
201801105695,9.0,1.0,4.0,2.0,1.0,1.0,0.0,5.0
201801105720,9.0,1.0,3.0,2.0,1.0,1.0,1.0,2.0
201801105814,,1.0,3.0,2.0,2.0,2.0,1.0,5.0
201801105864,1.0,3.0,3.0,1.0,2.0,2.0,,5.0
201801106036,7.0,2.0,3.0,1.0,1.0,1.0,0.0,5.0
201801106112,4.0,3.0,3.0,1.0,1.0,1.0,0.0,4.0
201801106249,9.0,1.0,4.0,2.0,,,,2.0
201801106300,7.0,1.0,1.0,2.0,2.0,2.0,1.0,4.0
201801106421,2.0,2.0,4.0,1.0,2.0,2.0,1.0,4.0
201801106695,9.0,1.0,3.0,2.0,1.0,1.0,0.0,2.0
201801106992,9.0,1.0,4.0,1.0,2.0,2.0,0.0,5.0
201801107026,9.0,1.0,3.0,2.0,1.0,1.0,0.0,3.0
201801107104,2.0,1.0,3.0,1.0,2.0,2.0,1.0,2.0
201801107151,5.0,1.0,2.0,2.0,2.0,2.0,1.0,2.0
201801107152,,3.0,3.0,2.0,1.0,1.0,,5.0
201801107256,6.0,1.0,2.0,1.0,1.0,3.0,1.0,1.0
201801107668,1.0,3.0,2.0,2.0,2.0,2.0,1.0,2.0
201801107722,9.0,2.0,2.0,2.0,1.0,1.0,1.0,5.0
201801107852,,2.0,4.0,1.0,1.0,1.0,0.0,5.0
201801107972,6.0,1.0,2.0,2.0,1.0,1.0,1.0,2.0
201801108131,2.0,3.0,1.0,2.0,1.0,1.0,,2.0
201801108141,1.0,1.0,4.0,2.0,1.0,1.0,1.0,3.0
201801108212,7.0,2.0,2.0,1.0,1.0,1.0,0.0,4.0
201801108225,1.0,2.0,4.0,2.0,1.0,1.0,,2.0
201801108372,8.0,1.0,4.0,1.0,1.0,3.0,1.0,3.0
201801108393,4.0,2.0,3.0,1.0,1.0,1.0,1.0,1.0
201801108425,9.0,1.0,2.0,1.0,1.0,1.0,1.0,2.0
201801108547,5.0,1.0,2.0,2.0,2.0,2.0,1.0,3.0
201801108660,9.0,1.0,2.0,1.0,1.0,1.0,1.0,2.0
201801108823,1.0,2.0,4.0,1.0,1.0,1.0,,5.0
201801108879,5.0,1.0,4.0,2.0,1.0,1.0,1.0,4.0
201801109000,7.0,3.0,2.0,2.0,1.0,1.0,1.0,2.0
201801109260,7.0,2.0,2.0,1.0,1.0,1.0,1.0,4.0
201801109377,2.0,1.0,1.0,1.0,1.0,1.0,1.0,4.0
201801109386,3.0,1.0,1.0,1.0,4.0,3.0,1.0,2.0
201801109602,1.0,3.0,2.0,1.0,1.0,1.0,1.0,5.0
201801109743,2.0,2.0,3.0,2.0,2.0,2.0,0.0,5.0
201801109869,9.0,1.0,4.0,2.0,1.0,1.0,0.0,5.0
201801109875,8.0,1.0,4.0,1.0,1.0,1.0,,4.0
201801110439,1.0,2.0,2.0,1.0,1.0,1.0,0.0,3.0
201801110663,6.0,1.0,2.0,2.0,2.0,3.0,,4.0
201801111099,8.0,1.0,2.0,1.0,1.0,3.0,1.0,2.0
201801111789,9.0,1.0,2.0,1.0,1.0,3.0,0.0,4.0
201801112121,6.0,1.0,4.0,1.0,1.0,1.0,1.0,1.0
201801112131,9.0,1.0,4.0,2.0,1.0,1.0,0.0,3.0
201801112468,3.0,1.0,4.0,1.0,1.0,1.0,0.0,5.0
201801112524,2.0,3.0,4.0,2.0,1.0,1.0,0.0,5.0
201801112599,7.0,2.0,3.0,2.0,2.0,2.0,0.0,2.0
201801112674,2.0,3.0,3.0,1.0,1.0,1.0,0.0,2.0
201801112859,5.0,1.0,4.0,2.0,1.0,1.0,0.0,2.0
201801112921,2.0,3.0,4.0,2.0,1.0,1.0,,5.0
201801113220,6.0,2.0,3.0,2.0,2.0,2.0,0.0,5.0
201801113543,4.0,1.0,4.0,1.0,1.0,1.0,1.0,4.0
201801113717,7.0,3.0,2.0,1.0,1.0,1.0,,2.0
201801114079,9.0,1.0,4.0,1.0,4.0,4.0,0.0,
201801114107,,1.0,4.0,1.0,1.0,1.0,1.0,4.0
201801114130,2.0,1.0,4.0,2.0,1.0,1.0,,4.0
201801114192,9.0,3.0,2.0,1.0,1.0,1.0,1.0,2.0
201801114195,3.0,3.0,4.0,2.0,1.0,1.0,,4.0
201801114272,9.0,1.0,4.0,1.0,1.0,1.0,0.0,2.0
201801114416,9.0,1.0,2.0,2.0,4.0,4.0,0.0,5.0
201801114430,6.0,2.0,3.0,1.0,1.0,1.0,1.0,2.0
201801114716,3.0,2.0,4.0,2.0,1.0,1.0,1.0,2.0
201801114898,,,1.0,2.0,,3.0,1.0,4.0
201801114941,9.0,1.0,4.0,1.0,1.0,1.0,0.0,2.0
201801114991,5.0,2.0,4.0,1.0,1.0,1.0,1.0,5.0
201801115315,9.0,1.0,2.0,1.0,1.0,3.0,0.0,5.0
201801115494,5.0,1.0,4.0,1.0,1.0,1.0,,4.0
201801115862,1.0,2.0,3.0,1.0,1.0,1.0,1.0,5.0
201801115919,5.0,1.0,2.0,2.0,1.0,1.0,1.0,2.0
201801116156,9.0,1.0,2.0,1.0,2.0,2.0,1.0,1.0
201801116259,,1.0,3.0,2.0,,,1.0,3.0
201801116351,9.0,1.0,3.0,1.0,1.0,1.0,1.0,5.0
201801116438,2.0,1.0,4.0,2.0,1.0,1.0,0.0,4.0
201801116483,7.0,3.0,3.0,1.0,1.0,1.0,0.0,2.0
201801116493,6.0,1.0,4.0,1.0,1.0,1.0,0.0,2.0
201801116588,3.0,3.0,3.0,1.0,1.0,1.0,1.0,5.0
201801116597,9.0,1.0,2.0,1.0,1.0,1.0,1.0,4.0
201801116673,9.0,2.0,2.0,2.0,1.0,1.0,0.0,5.0
201801116774,7.0,1.0,2.0,2.0,1.0,1.0,1.0,5.0
201801116917,9.0,2.0,1.0,2.0,2.0,2.0,,5.0
201801117373,9.0,1.0,2.0,1.0,1.0,3.0,1.0,4.0
201801117536,1.0,3.0,3.0,2.0,2.0,2.0,,5.0
201801117555,8.0,1.0,2.0,2.0,1.0,1.0,1.0,2.0
201801118120,3.0,2.0,4.0,2.0,1.0,1.0,0.0,5.0
201801118212,9.0,2.0,2.0,2.0,1.0,1.0,1.0,2.0
201801118579,,3.0,4.0,1.0,1.0,1.0,,5.0
201801118611,5.0,2.0,4.0,2.0,1.0,1.0,,5.0
201801118718,5.0,1.0,1.0,2.0,1.0,1.0,0.0,5.0
201801118776,9.0,1.0,2.0,1.0,1.0,1.0,1.0,4.0
201801118856,9.0,1.0,3.0,1.0,2.0,2.0,1.0,4.0
201801119088,8.0,1.0,4.0,2.0,1.0,1.0,,2.0
201801119142,8.0,1.0,3.0,1.0,1.0,1.0,0.0,3.0
201801119202,1.0,2.0,2.0,2.0,1.0,1.0,,5.0
201801119294,9.0,1.0,1.0,2.0,1.0,1.0,1.0,2.0
201801119453,,2.0,2.0,2.0,1.0,1.0,0.0,5.0
201801119562,9.0,1.0,3.0,2.0,1.0,1.0,,5.0
201801119693,9.0,1.0,4.0,1.0,3.0,5.0,1.0,4.0
201801119732,7.0,3.0,2.0,2.0,1.0,1.0,0.0,4.0
201801119943,8.0,1.0,2.0,2.0,2.0,2.0,1.0,2.0
201801120524,5.0,2.0,4.0,1.0,1.0,1.0,1.0,5.0
201801120596,6.0,1.0,4.0,1.0,1.0,1.0,0.0,2.0
201801120820,7.0,3.0,2.0,1.0,1.0,1.0,1.0,5.0
201801121301,2.0,1.0,4.0,2.0,1.0,1.0,,2.0
201801121303,2.0,3.0,3.0,2.0,1.0,1.0,0.0,5.0
201801121404,9.0,1.0,2.0,3.0,1.0,1.0,0.0,2.0
201801121425,1.0,2.0,4.0,1.0,1.0,1.0,0.0,3.0
201801121705,6.0,3.0,1.0,2.0,1.0,1.0,,4.0
201801121752,6.0,2.0,4.0,1.0,1.0,1.0,,4.0
201801122147,3.0,1.0,1.0,2.0,4.0,4.0,1.0,4.0
201801122174,8.0,2.0,4.0,1.0,2.0,2.0,1.0,5.0
201801122366,3.0,3.0,4.0,2.0,1.0,1.0,,2.0
201801122698,9.0,3.0,3.0,1.0,1.0,1.0,0.0,5.0
201801122769,3.0,3.0,4.0,1.0,1.0,1.0,,5.0
201801122980,2.0,3.0,2.0,2.0,1.0,1.0,1.0,2.0
201801123002,8.0,1.0,2.0,2.0,1.0,1.0,1.0,4.0
201801123316,7.0,1.0,4.0,1.0,1.0,1.0,0.0,2.0
201801123361,9.0,1.0,4.0,1.0,1.0,1.0,0.0,5.0
201801123500,,3.0,3.0,2.0,1.0,1.0,,5.0
201801123531,6.0,1.0,4.0,2.0,1.0,1.0,,5.0
201801123794,,1.0,4.0,2.0,1.0,1.0,,5.0
201801123819,6.0,1.0,1.0,2.0,1.0,3.0,1.0,2.0
201801123945,9.0,1.0,2.0,2.0,1.0,1.0,1.0,2.0
201801124020,9.0,1.0,2.0,2.0,1.0,1.0,0.0,2.0
201801124336,4.0,1.0,4.0,2.0,1.0,1.0,0.0,5.0
201801124369,7.0,1.0,2.0,1.0,1.0,1.0,0.0,5.0
201801124390,9.0,1.0,2.0,1.0,1.0,1.0,1.0,2.0
201801124399,5.0,1.0,4.0,1.0,1.0,1.0,,5.0
201801124405,,1.0,4.0,1.0,1.0,1.0,0.0,5.0
201801124418,9.0,2.0,4.0,1.0,1.0,1.0,0.0,5.0
201801124456,7.0,3.0,2.0,2.0,1.0,3.0,0.0,3.0
201801125039,3.0,1.0,4.0,1.0,1.0,1.0,0.0,2.0
201801125137,3.0,2.0,2.0,1.0,2.0,2.0,0.0,3.0
201801125269,2.0,1.0,4.0,2.0,1.0,1.0,,5.0
201801125691,7.0,1.0,2.0,1.0,1.0,1.0,1.0,4.0
201801125732,9.0,1.0,1.0,1.0,2.0,2.0,1.0,1.0
201801125755,7.0,1.0,4.0,2.0,1.0,1.0,0.0,4.0
201801125764,9.0,2.0,2.0,1.0,1.0,1.0,0.0,2.0
201801125784,,3.0,4.0,2.0,1.0,1.0,,5.0
201801126040,1.0,3.0,4.0,2.0,1.0,1.0,,5.0
201801126045,1.0,2.0,2.0,1.0,1.0,1.0,0.0,2.0
201801126282,8.0,1.0,2.0,2.0,1.0,1.0,,4.0
201801126656,1.0,3.0,2.0,2.0,1.0,1.0,0.0,1.0
201801126667,9.0,3.0,2.0,2.0,1.0,1.0,0.0,5.0
201801126729,6.0,2.0,3.0,2.0,1.0,1.0,,5.0
201801126915,8.0,1.0,2.0,2.0,1.0,1.0,0.0,5.0
201801127407,,2.0,3.0,1.0,4.0,4.0,0.0,3.0
201801127436,1.0,2.0,4.0,2.0,1.0,1.0,0.0,4.0
201801127552,7.0,2.0,3.0,2.0,1.0,3.0,0.0,2.0
201801127712,,2.0,2.0,2.0,1.0,1.0,0.0,2.0
201801128104,9.0,2.0,2.0,2.0,1.0,1.0,1.0,5.0
201801128173,1.0,2.0,4.0,2.0,1.0,1.0,,5.0
201801128311,9.0,1.0,2.0,2.0,1.0,1.0,1.0,2.0
201801128370,6.0,1.0,3.0,1.0,1.0,1.0,,4.0
201801128400,8.0,1.0,4.0,2.0,1.0,1.0,1.0,3.0
201801128487,4.0,2.0,2.0,2.0,1.0,1.0,,3.0
201801128755,9.0,1.0,2.0,1.0,1.0,1.0,1.0,4.0
201801128832,4.0,2.0,2.0,2.0,1.0,1.0,0.0,5.0
201801129250,2.0,3.0,4.0,1.0,1.0,1.0,,2.0
201801129369,3.0,3.0,2.0,2.0,1.0,1.0,1.0,3.0
201801129397,9.0,1.0,2.0,2.0,1.0,1.0,1.0,4.0
201801129483,5.0,1.0,2.0,2.0,2.0,2.0,0.0,5.0
201801129719,5.0,3.0,4.0,1.0,1.0,1.0,1.0,3.0
201801129817,3.0,3.0,3.0,1.0,1.0,1.0,0.0,5.0
201801129918,7.0,1.0,4.0,2.0,1.0,1.0,0.0,2.0
201801129970,1.0,3.0,2.0,1.0,1.0,1.0,0.0,5.0
201801129989,9.0,3.0,2.0,2.0,1.0,1.0,0.0,4.0
201801130116,6.0,2.0,3.0,1.0,1.0,1.0,0.0,5.0
201801130149,2.0,2.0,2.0,1.0,1.0,1.0,,2.0
201801130164,9.0,1.0,4.0,1.0,1.0,1.0,1.0,2.0
201801130199,4.0,2.0,2.0,1.0,1.0,1.0,0.0,4.0
201801130254,9.0,2.0,3.0,1.0,1.0,1.0,0.0,5.0
201801130260,8.0,1.0,2.0,1.0,3.0,5.0,1.0,4.0
201801130986,4.0,2.0,3.0,1.0,1.0,1.0,1.0,3.0
201801131213,6.0,2.0,3.0,1.0,1.0,1.0,,4.0
201801131244,9.0,2.0,4.0,1.0,1.0,1.0,,5.0
201801131668,,1.0,4.0,1.0,1.0,1.0,1.0,4.0
201801131690,4.0,2.0,4.0,1.0,2.0,2.0,0.0,5.0
201801131764,9.0,1.0,3.0,1.0,1.0,1.0,1.0,2.0
201801131775,9.0,1.0,3.0,1.0,1.0,1.0,1.0,2.0
201801132091,1.0,2.0,3.0,1.0,1.0,1.0,0.0,5.0
201801132256,9.0,1.0,3.0,2.0,2.0,2.0,1.0,2.0
201801132622,9.0,2.0,2.0,1.0,1.0,1.0,0.0,5.0
201801132663,9.0,1.0,4.0,1.0,1.0,1.0,0.0,5.0
201801132821,9.0,2.0,3.0,1.0,1.0,1.0,1.0,2.0
201801132871,3.0,3.0,4.0,1.0,1.0,1.0,,4.0
201801132953,2.0,3.0,3.0,1.0,1.0,1.0,0.0,3.0
201801133013,3.0,1.0,4.0,1.0,1.0,1.0,0.0,5.0
201801133036,1.0,2.0,3.0,1.0,2.0,2.0,0.0,5.0
201801133149,3.0,3.0,4.0,1.0,1.0,1.0,0.0,2.0
201801133272,4.0,3.0,3.0,2.0,1.0,1.0,,5.0
201801133651,6.0,1.0,2.0,2.0,3.0,5.0,0.0,5.0
201801133702,2.0,1.0,3.0,2.0,1.0,1.0,,3.0
201801134041,7.0,2.0,2.0,1.0,1.0,1.0,1.0,2.0
201801134242,9.0,1.0,2.0,2.0,1.0,1.0,1.0,2.0
201801134315,4.0,1.0,3.0,1.0,1.0,1.0,0.0,4.0
201801134499,8.0,1.0,4.0,1.0,1.0,1.0,,5.0
201801134603,9.0,1.0,3.0,1.0,1.0,1.0,1.0,2.0
201801134876,8.0,3.0,3.0,1.0,1.0,1.0,,4.0
201801135059,5.0,3.0,4.0,1.0,1.0,1.0,,4.0
201801135108,9.0,1.0,3.0,2.0,1.0,1.0,1.0,3.0
201801135217,1.0,3.0,4.0,2.0,1.0,1.0,,5.0
201801135240,7.0,3.0,2.0,1.0,1.0,1.0,,2.0
201801135363,9.0,1.0,2.0,2.0,1.0,1.0,1.0,5.0
201801135382,5.0,3.0,2.0,1.0,5.0,3.0,0.0,3.0
201801135725,4.0,2.0,4.0,2.0,1.0,1.0,,5.0
201801136041,3.0,3.0,4.0,1.0,1.0,1.0,,5.0
201801136050,6.0,1.0,2.0,1.0,1.0,1.0,0.0,1.0
201801136375,1.0,2.0,3.0,2.0,1.0,1.0,0.0,5.0
201801136409,1.0,2.0,4.0,2.0,1.0,1.0,1.0,3.0
201801136631,1.0,3.0,4.0,1.0,1.0,1.0,,5.0
201801136658,,1.0,3.0,2.0,1.0,1.0,,5.0
201801136924,,2.0,3.0,2.0,1.0,1.0,0.0,2.0
201801137127,9.0,3.0,3.0,2.0,1.0,3.0,,5.0
201801137484,9.0,1.0,1.0,1.0,1.0,1.0,1.0,2.0
201801137504,1.0,1.0,1.0,2.0,1.0,1.0,1.0,4.0
201801137523,9.0,1.0,4.0,2.0,1.0,1.0,0.0,2.0
201801137893,9.0,2.0,3.0,2.0,1.0,1.0,0.0,2.0
201801137978,2.0,3.0,4.0,2.0,1.0,1.0,0.0,4.0
201801137981,8.0,1.0,2.0,1.0,1.0,1.0,0.0,3.0
201801137984,7.0,2.0,3.0,1.0,1.0,1.0,0.0,2.0
201801138203,9.0,1.0,2.0,1.0,3.0,5.0,1.0,4.0
201801138304,6.0,3.0,4.0,2.0,1.0,1.0,,3.0
201801138520,7.0,1.0,2.0,1.0,1.0,1.0,1.0,2.0
201801138919,,3.0,3.0,,,,0.0,4.0
201801138989,9.0,2.0,3.0,2.0,1.0,1.0,,3.0
201801139038,5.0,2.0,3.0,2.0,1.0,1.0,0.0,2.0
201801139200,6.0,1.0,2.0,2.0,1.0,1.0,1.0,3.0
201801139212,6.0,2.0,4.0,1.0,1.0,1.0,1.0,5.0
201801139216,9.0,2.0,3.0,1.0,1.0,1.0,0.0,5.0
201801139337,1.0,1.0,2.0,1.0,1.0,1.0,1.0,2.0
201801139359,7.0,1.0,4.0,1.0,1.0,1.0,,4.0
201801139408,3.0,2.0,2.0,1.0,2.0,2.0,,5.0
201801139470,,1.0,4.0,1.0,1.0,1.0,0.0,2.0
201801139510,4.0,1.0,3.0,2.0,1.0,1.0,0.0,5.0
201801139642,8.0,2.0,4.0,1.0,1.0,1.0,1.0,4.0
201801139651,3.0,1.0,1.0,1.0,3.0,5.0,0.0,5.0
201801139704,6.0,1.0,3.0,1.0,1.0,1.0,0.0,2.0
201801139773,9.0,1.0,2.0,1.0,2.0,2.0,0.0,2.0
201801139819,9.0,1.0,2.0,2.0,1.0,1.0,0.0,3.0
201801139977,5.0,2.0,2.0,2.0,1.0,1.0,1.0,4.0
201801140035,8.0,3.0,3.0,1.0,1.0,1.0,1.0,3.0
201801140198,9.0,1.0,1.0,2.0,1.0,1.0,1.0,3.0
201801140322,4.0,1.0,2.0,1.0,1.0,1.0,0.0,2.0
201801140536,2.0,1.0,4.0,2.0,1.0,1.0,1.0,1.0
201801140658,9.0,2.0,3.0,2.0,1.0,1.0,0.0,2.0
201801140678,4.0,3.0,2.0,2.0,1.0,3.0,0.0,2.0
201801140843,,1.0,4.0,2.0,1.0,1.0,,2.0
201801140882,1.0,3.0,4.0,1.0,1.0,1.0,,5.0
201801140953,9.0,2.0,1.0,2.0,1.0,1.0,,5.0
201801141152,6.0,3.0,2.0,2.0,1.0,1.0,,4.0
201801141215,5.0,1.0,3.0,1.0,1.0,1.0,0.0,3.0
201801141612,,2.0,4.0,2.0,1.0,1.0,,4.0
201801141779,9.0,3.0,4.0,1.0,1.0,1.0,1.0,2.0
201801141958,9.0,2.0,3.0,1.0,1.0,1.0,0.0,5.0
201801141990,4.0,2.0,2.0,2.0,1.0,1.0,0.0,3.0
201801142163,1.0,3.0,4.0,2.0,1.0,1.0,,5.0
201801142276,9.0,1.0,3.0,2.0,1.0,1.0,0.0,3.0
201801142285,5.0,2.0,4.0,2.0,1.0,1.0,0.0,4.0
201801142289,9.0,1.0,2.0,1.0,1.0,1.0,0.0,2.0
201801142370,6.0,1.0,3.0,1.0,1.0,1.0,0.0,5.0
201801142403,1.0,1.0,1.0,2.0,1.0,1.0,0.0,2.0
201801142415,1.0,1.0,4.0,2.0,1.0,1.0,0.0,5.0
201801142461,6.0,3.0,3.0,2.0,1.0,1.0,,5.0
201801142507,5.0,1.0,4.0,2.0,1.0,1.0,,5.0
201801142704,9.0,1.0,1.0,2.0,3.0,5.0,1.0,3.0
201801142739,9.0,1.0,4.0,2.0,1.0,1.0,0.0,2.0
201801142774,9.0,1.0,2.0,1.0,1.0,1.0,1.0,2.0
201801142831,9.0,1.0,4.0,1.0,1.0,1.0,,4.0
201801142863,9.0,1.0,4.0,1.0,1.0,1.0,1.0,5.0
201801142948,5.0,1.0,1.0,2.0,3.0,5.0,1.0,1.0
201801143041,3.0,3.0,4.0,1.0,1.0,1.0,0.0,5.0
201801143311,8.0,2.0,2.0,1.0,1.0,1.0,1.0,3.0
201801143331,9.0,1.0,1.0,1.0,1.0,1.0,1.0,1.0
201801143391,,2.0,4.0,2.0,1.0,1.0,,4.0
201801143639,3.0,2.0,4.0,2.0,1.0,1.0,,5.0
201801143651,2.0,1.0,2.0,2.0,1.0,1.0,0.0,5.0
201801143688,7.0,1.0,2.0,2.0,1.0,1.0,0.0,4.0
201801143732,4.0,1.0,2.0,2.0,1.0,1.0,0.0,2.0
201801143877,5.0,1.0,2.0,1.0,1.0,1.0,1.0,4.0
201801143961,5.0,1.0,2.0,1.0,1.0,1.0,1.0,2.0
201801144006,3.0,3.0,4.0,2.0,1.0,1.0,,3.0
201801144173,4.0,2.0,2.0,1.0,1.0,1.0,0.0,5.0
201801144213,3.0,3.0,1.0,2.0,5.0,3.0,0.0,5.0
201801144377,1.0,2.0,3.0,1.0,1.0,1.0,1.0,1.0
201801144618,4.0,2.0,2.0,1.0,3.0,5.0,0.0,5.0
201801144936,4.0,2.0,3.0,1.0,1.0,3.0,0.0,4.0
201801145285,9.0,1.0,2.0,1.0,3.0,5.0,0.0,2.0
201801145538,3.0,1.0,4.0,2.0,5.0,4.0,0.0,2.0
201801145557,1.0,2.0,4.0,1.0,1.0,1.0,0.0,5.0
201801145861,9.0,2.0,2.0,1.0,1.0,1.0,,3.0
201801146226,1.0,1.0,4.0,2.0,1.0,1.0,0.0,5.0
201801146402,4.0,2.0,3.0,2.0,1.0,1.0,0.0,5.0
201801146425,9.0,1.0,4.0,1.0,1.0,1.0,1.0,2.0
201801146530,3.0,1.0,2.0,1.0,1.0,1.0,0.0,5.0
201801146651,,3.0,2.0,2.0,1.0,1.0,,4.0
201801146853,2.0,2.0,3.0,2.0,1.0,1.0,,5.0
201801147065,9.0,2.0,2.0,1.0,1.0,1.0,0.0,4.0
201801147269,9.0,1.0,1.0,1.0,1.0,1.0,1.0,2.0
201801147397,8.0,1.0,4.0,1.0,1.0,1.0,,5.0
201801147527,9.0,1.0,1.0,2.0,1.0,1.0,1.0,2.0
201801147562,9.0,1.0,2.0,1.0,1.0,1.0,,4.0
201801147567,3.0,2.0,4.0,1.0,2.0,2.0,,2.0
201801147739,,3.0,4.0,1.0,1.0,1.0,,5.0
201801147864,1.0,1.0,3.0,1.0,1.0,1.0,1.0,2.0
201801148011,1.0,2.0,2.0,2.0,1.0,1.0,1.0,2.0
201801148031,8.0,1.0,2.0,1.0,1.0,1.0,0.0,5.0
201801148038,9.0,1.0,3.0,1.0,1.0,1.0,1.0,2.0
201801148100,1.0,2.0,4.0,1.0,1.0,1.0,0.0,5.0
201801148103,6.0,2.0,4.0,2.0,1.0,1.0,0.0,2.0
201801148568,6.0,2.0,3.0,1.0,1.0,1.0,1.0,4.0
201801148647,9.0,1.0,2.0,1.0,1.0,1.0,1.0,3.0
201801148662,9.0,1.0,1.0,1.0,1.0,1.0,1.0,2.0
201801148665,6.0,1.0,2.0,2.0,1.0,1.0,1.0,2.0
201801148773,9.0,1.0,4.0,2.0,1.0,1.0,0.0,5.0
201801148960,3.0,2.0,1.0,2.0,1.0,1.0,,5.0
201801149167,2.0,3.0,1.0,1.0,1.0,1.0,1.0,4.0
201801149200,9.0,3.0,2.0,1.0,1.0,1.0,0.0,2.0
201801149311,7.0,2.0,2.0,1.0,1.0,1.0,,5.0
201801149361,6.0,2.0,4.0,1.0,1.0,1.0,,5.0
201801149546,4.0,2.0,1.0,2.0,1.0,1.0,0.0,3.0
201801149580,5.0,2.0,2.0,2.0,1.0,1.0,1.0,2.0
201801149640,4.0,3.0,3.0,2.0,1.0,1.0,,2.0
201801149858,2.0,2.0,2.0,2.0,1.0,1.0,0.0,3.0
201801150555,2.0,3.0,4.0,1.0,1.0,1.0,0.0,5.0
201801150581,7.0,2.0,4.0,2.0,1.0,1.0,0.0,4.0
201801150743,3.0,3.0,2.0,2.0,4.0,4.0,0.0,5.0
201801150806,1.0,3.0,4.0,1.0,1.0,1.0,,5.0
201801151111,9.0,1.0,2.0,1.0,3.0,5.0,1.0,1.0
201801151195,,2.0,4.0,1.0,1.0,1.0,0.0,2.0
201801151268,,1.0,2.0,1.0,1.0,1.0,1.0,5.0
201801151548,7.0,3.0,2.0,1.0,4.0,3.0,,5.0
201801151574,9.0,1.0,4.0,2.0,1.0,1.0,0.0,2.0
201801151824,9.0,1.0,3.0,2.0,1.0,1.0,0.0,3.0
201801151843,9.0,2.0,4.0,2.0,1.0,1.0,,5.0
201801151900,4.0,1.0,2.0,1.0,3.0,5.0,1.0,2.0
201801152016,7.0,1.0,1.0,2.0,1.0,1.0,,1.0
201801152311,2.0,2.0,4.0,1.0,1.0,1.0,0.0,5.0
201801152403,9.0,1.0,4.0,1.0,1.0,1.0,0.0,5.0
201801152450,9.0,2.0,2.0,1.0,1.0,1.0,,2.0
201801152828,1.0,3.0,3.0,2.0,1.0,1.0,,5.0
201801153001,1.0,3.0,2.0,2.0,2.0,2.0,0.0,5.0
201801153142,4.0,1.0,4.0,1.0,2.0,2.0,0.0,5.0
201801153161,,2.0,3.0,2.0,2.0,2.0,,5.0
201801153188,9.0,2.0,4.0,1.0,1.0,1.0,0.0,5.0
201801153196,9.0,1.0,2.0,1.0,1.0,1.0,1.0,2.0
201801153311,,3.0,4.0,2.0,1.0,1.0,,5.0
201801153340,2.0,2.0,3.0,2.0,2.0,2.0,0.0,5.0
201801153485,1.0,2.0,4.0,2.0,1.0,1.0,,5.0
201801153586,1.0,2.0,4.0,2.0,1.0,1.0,,5.0
201801153632,2.0,3.0,4.0,1.0,1.0,3.0,0.0,3.0
201801153974,9.0,1.0,2.0,2.0,1.0,1.0,0.0,2.0
201801154060,4.0,1.0,3.0,2.0,1.0,1.0,0.0,2.0
201801154307,9.0,1.0,1.0,1.0,1.0,1.0,1.0,2.0
201801154335,7.0,2.0,4.0,2.0,1.0,1.0,,5.0
201801154339,4.0,1.0,3.0,1.0,1.0,1.0,0.0,4.0
201801154412,,1.0,2.0,1.0,1.0,1.0,1.0,2.0
201801154471,2.0,2.0,4.0,1.0,1.0,1.0,0.0,2.0
201801154489,1.0,3.0,4.0,1.0,1.0,1.0,,5.0
201801154846,9.0,2.0,2.0,2.0,2.0,2.0,1.0,2.0
201801154932,1.0,2.0,3.0,2.0,1.0,1.0,,5.0
201801154997,9.0,1.0,2.0,2.0,1.0,1.0,1.0,5.0
201801155235,9.0,2.0,3.0,2.0,2.0,2.0,1.0,5.0
201801155356,9.0,3.0,4.0,2.0,1.0,1.0,,3.0
201801155374,8.0,2.0,2.0,2.0,1.0,3.0,0.0,5.0
201801155599,9.0,1.0,4.0,2.0,1.0,1.0,1.0,5.0
201801156169,2.0,2.0,2.0,2.0,4.0,4.0,1.0,5.0
201801156195,9.0,1.0,2.0,1.0,1.0,1.0,1.0,2.0
201801156332,1.0,3.0,2.0,2.0,1.0,1.0,1.0,2.0
201801156349,9.0,1.0,1.0,1.0,4.0,4.0,1.0,3.0
201801156371,9.0,1.0,3.0,1.0,1.0,1.0,0.0,5.0
201801156397,8.0,1.0,3.0,1.0,5.0,3.0,1.0,5.0
201801156616,3.0,2.0,3.0,2.0,1.0,1.0,,4.0
201801156656,4.0,2.0,2.0,2.0,1.0,1.0,0.0,2.0
201801156754,7.0,2.0,4.0,1.0,1.0,1.0,0.0,2.0
201801156825,8.0,1.0,3.0,1.0,3.0,5.0,1.0,5.0
201801156839,8.0,1.0,4.0,1.0,1.0,1.0,1.0,1.0
201801156873,9.0,1.0,2.0,1.0,1.0,1.0,0.0,3.0
201801156934,8.0,2.0,4.0,2.0,1.0,1.0,,2.0
201801156935,9.0,1.0,3.0,2.0,1.0,1.0,0.0,3.0
201801156957,6.0,2.0,4.0,2.0,1.0,1.0,1.0,4.0
201801157139,4.0,1.0,4.0,2.0,,,0.0,4.0
201801157815,9.0,2.0,4.0,1.0,1.0,1.0,0.0,5.0
201801158020,6.0,1.0,2.0,1.0,1.0,3.0,1.0,5.0
201801158136,9.0,2.0,3.0,1.0,1.0,1.0,1.0,3.0
201801158278,2.0,3.0,4.0,1.0,1.0,1.0,,5.0
201801158352,1.0,3.0,2.0,2.0,,,0.0,5.0
201801158493,9.0,2.0,2.0,1.0,1.0,1.0,1.0,2.0
201801158519,4.0,3.0,4.0,1.0,1.0,1.0,0.0,5.0
201801159011,4.0,1.0,4.0,2.0,1.0,1.0,1.0,4.0
201801159236,9.0,2.0,2.0,1.0,1.0,1.0,1.0,2.0
201801159269,9.0,1.0,2.0,1.0,1.0,1.0,1.0,2.0
201801159478,,2.0,4.0,2.0,1.0,1.0,1.0,2.0
201801159490,,2.0,2.0,2.0,1.0,1.0,,5.0
201801159728,9.0,1.0,2.0,1.0,1.0,1.0,1.0,2.0
201801160052,2.0,2.0,2.0,2.0,2.0,2.0,0.0,4.0
201801160066,9.0,1.0,4.0,1.0,1.0,1.0,0.0,3.0
201801160141,1.0,3.0,4.0,1.0,1.0,1.0,,4.0
201801160405,9.0,1.0,4.0,2.0,1.0,1.0,0.0,5.0
201801160421,,2.0,4.0,1.0,1.0,1.0,0.0,3.0
201801160621,2.0,3.0,2.0,2.0,1.0,1.0,,5.0
201801160629,2.0,3.0,2.0,1.0,1.0,1.0,1.0,3.0
201801160638,3.0,1.0,2.0,2.0,1.0,1.0,0.0,4.0
201801160849,1.0,2.0,2.0,1.0,1.0,1.0,1.0,4.0
201801160970,8.0,3.0,4.0,1.0,1.0,1.0,,5.0
201801161245,4.0,2.0,3.0,1.0,2.0,2.0,1.0,5.0
201801161252,,2.0,4.0,1.0,1.0,1.0,1.0,5.0
201801161481,5.0,2.0,2.0,2.0,1.0,1.0,,5.0
201801161526,3.0,1.0,4.0,2.0,4.0,4.0,0.0,5.0
201801161740,5.0,3.0,2.0,1.0,1.0,3.0,1.0,1.0
201801161750,,1.0,3.0,2.0,1.0,3.0,0.0,5.0
201801161806,5.0,1.0,3.0,2.0,1.0,1.0,1.0,4.0
201801161831,2.0,3.0,2.0,2.0,2.0,2.0,0.0,2.0
201801161859,4.0,3.0,4.0,2.0,1.0,1.0,0.0,5.0
201801161960,4.0,1.0,2.0,1.0,2.0,2.0,0.0,2.0
201801161982,6.0,1.0,2.0,2.0,1.0,3.0,0.0,2.0
201801162129,3.0,2.0,4.0,1.0,1.0,1.0,,4.0
201801162136,7.0,1.0,4.0,2.0,1.0,1.0,0.0,5.0
201801162202,2.0,2.0,2.0,2.0,1.0,1.0,1.0,2.0
201801162837,3.0,2.0,3.0,2.0,1.0,1.0,0.0,5.0
201801162869,7.0,2.0,2.0,2.0,1.0,1.0,1.0,4.0
201801163101,9.0,1.0,3.0,1.0,1.0,1.0,1.0,2.0
201801163268,2.0,3.0,3.0,2.0,1.0,1.0,,5.0
201801163281,9.0,1.0,2.0,1.0,4.0,4.0,0.0,2.0
201801163343,,,3.0,1.0,1.0,1.0,1.0,2.0
201801163458,9.0,1.0,1.0,2.0,1.0,1.0,1.0,2.0
201801163597,9.0,2.0,2.0,1.0,1.0,1.0,1.0,1.0
201801163603,9.0,2.0,4.0,2.0,1.0,1.0,0.0,5.0
201801163678,9.0,1.0,4.0,1.0,1.0,1.0,1.0,1.0
201801163902,7.0,1.0,4.0,2.0,1.0,1.0,,4.0
201801163999,1.0,2.0,4.0,1.0,1.0,1.0,0.0,3.0
201801164085,9.0,1.0,3.0,1.0,1.0,1.0,0.0,2.0
201801164185,3.0,1.0,2.0,1.0,1.0,3.0,,5.0
201801164218,6.0,1.0,2.0,1.0,1.0,1.0,1.0,5.0
201801164291,9.0,2.0,2.0,1.0,1.0,1.0,0.0,1.0
201801164410,2.0,1.0,2.0,2.0,1.0,3.0,1.0,2.0
201801164428,4.0,2.0,4.0,1.0,1.0,1.0,1.0,3.0
201801164594,1.0,2.0,2.0,2.0,,3.0,,5.0
201801164762,9.0,1.0,3.0,2.0,1.0,1.0,1.0,2.0
201801164843,9.0,2.0,4.0,1.0,1.0,1.0,0.0,2.0
201801164848,9.0,1.0,2.0,1.0,1.0,1.0,0.0,5.0
201801164864,9.0,1.0,4.0,1.0,3.0,5.0,0.0,2.0
201801165054,9.0,1.0,3.0,2.0,1.0,1.0,1.0,2.0
201801165439,9.0,3.0,2.0,1.0,5.0,3.0,1.0,5.0
201801165453,6.0,2.0,4.0,2.0,1.0,1.0,1.0,5.0
201801165461,9.0,1.0,3.0,1.0,1.0,1.0,0.0,4.0
201801165566,1.0,1.0,1.0,1.0,1.0,1.0,1.0,3.0
201801165599,4.0,1.0,4.0,1.0,1.0,1.0,0.0,2.0
201801165666,5.0,1.0,4.0,2.0,1.0,1.0,0.0,5.0
201801165867,3.0,2.0,4.0,1.0,1.0,3.0,,2.0
201801166150,5.0,2.0,2.0,1.0,1.0,1.0,0.0,5.0
201801166205,,2.0,4.0,2.0,1.0,1.0,,5.0
201801166263,9.0,1.0,3.0,1.0,1.0,1.0,0.0,3.0
201801166335,5.0,1.0,2.0,2.0,4.0,4.0,1.0,1.0
201801166426,4.0,3.0,4.0,2.0,1.0,1.0,,2.0
201801166591,,2.0,2.0,2.0,,3.0,1.0,2.0
201801166794,7.0,1.0,4.0,2.0,1.0,1.0,,3.0
201801166877,1.0,2.0,3.0,1.0,1.0,1.0,1.0,5.0
201801167031,1.0,2.0,4.0,2.0,1.0,1.0,0.0,3.0
201801167037,3.0,1.0,4.0,1.0,1.0,1.0,0.0,3.0
201801167072,7.0,3.0,1.0,2.0,1.0,3.0,0.0,5.0
201801167168,8.0,2.0,3.0,1.0,1.0,1.0,1.0,4.0
201801167288,2.0,3.0,3.0,1.0,1.0,1.0,1.0,4.0
201801167303,5.0,2.0,2.0,1.0,1.0,1.0,0.0,2.0
201801167315,6.0,1.0,4.0,2.0,1.0,3.0,0.0,4.0
201801167446,1.0,2.0,2.0,2.0,4.0,3.0,0.0,2.0
201801167512,9.0,2.0,2.0,2.0,1.0,1.0,0.0,2.0
201801167527,9.0,1.0,3.0,2.0,1.0,1.0,1.0,2.0
201801167541,7.0,1.0,2.0,1.0,1.0,1.0,1.0,1.0
201801167569,5.0,1.0,2.0,2.0,4.0,4.0,0.0,5.0
201801167653,3.0,1.0,2.0,1.0,1.0,1.0,0.0,4.0
201801167822,9.0,1.0,3.0,2.0,1.0,1.0,0.0,2.0
201801168112,9.0,2.0,3.0,2.0,1.0,1.0,1.0,3.0
201801168147,4.0,2.0,1.0,1.0,1.0,1.0,0.0,1.0
201801168237,3.0,3.0,2.0,2.0,1.0,1.0,,5.0
201801168251,9.0,1.0,2.0,2.0,1.0,1.0,1.0,3.0
201801168310,9.0,1.0,3.0,2.0,1.0,1.0,0.0,3.0
201801168338,1.0,2.0,4.0,1.0,1.0,1.0,,3.0
201801168390,9.0,1.0,1.0,1.0,1.0,1.0,1.0,3.0
201801168619,8.0,1.0,2.0,2.0,3.0,5.0,1.0,2.0
201801168715,7.0,2.0,3.0,2.0,1.0,1.0,1.0,4.0
201801168913,9.0,1.0,2.0,1.0,1.0,1.0,1.0,1.0
201801169105,2.0,2.0,4.0,2.0,1.0,1.0,,2.0
201801169134,4.0,2.0,2.0,1.0,1.0,1.0,1.0,2.0
201801169317,6.0,2.0,3.0,2.0,1.0,1.0,,5.0
201801169534,6.0,2.0,2.0,1.0,1.0,1.0,0.0,2.0
201801169841,,,4.0,2.0,1.0,1.0,1.0,4.0
201801169923,9.0,2.0,4.0,1.0,1.0,1.0,1.0,4.0
201801169948,6.0,2.0,3.0,1.0,1.0,1.0,0.0,4.0
201801169952,9.0,1.0,2.0,2.0,1.0,1.0,1.0,1.0
201801170061,4.0,2.0,4.0,1.0,2.0,2.0,0.0,4.0
201801170173,5.0,1.0,3.0,1.0,1.0,1.0,1.0,5.0
201801170295,1.0,2.0,4.0,2.0,1.0,1.0,,4.0
201801170317,2.0,1.0,4.0,1.0,1.0,1.0,0.0,2.0
201801170369,1.0,2.0,2.0,1.0,1.0,1.0,0.0,1.0
201801170459,1.0,2.0,2.0,2.0,1.0,1.0,0.0,4.0
201801170603,3.0,1.0,3.0,1.0,1.0,1.0,0.0,3.0
201801170832,3.0,2.0,4.0,1.0,1.0,1.0,1.0,4.0
201801170905,3.0,2.0,4.0,2.0,1.0,1.0,,5.0
201801170910,6.0,1.0,2.0,2.0,1.0,1.0,0.0,3.0
201801170923,9.0,2.0,2.0,1.0,1.0,1.0,0.0,5.0
201801171120,8.0,1.0,4.0,1.0,1.0,1.0,1.0,3.0
201801171210,5.0,1.0,2.0,2.0,1.0,3.0,0.0,5.0
201801171454,1.0,2.0,3.0,2.0,1.0,1.0,1.0,2.0
201801171634,9.0,1.0,3.0,1.0,1.0,3.0,0.0,2.0
201801172081,7.0,2.0,4.0,2.0,1.0,1.0,0.0,5.0
201801172105,,3.0,4.0,1.0,1.0,1.0,,5.0
201801172165,9.0,3.0,2.0,1.0,1.0,1.0,0.0,5.0
201801172238,9.0,2.0,4.0,2.0,1.0,1.0,0.0,4.0
201801172290,9.0,1.0,2.0,1.0,1.0,1.0,1.0,2.0
201801172292,,3.0,2.0,2.0,1.0,1.0,0.0,5.0
201801172300,5.0,3.0,4.0,2.0,1.0,1.0,1.0,5.0
201801172442,7.0,3.0,2.0,2.0,1.0,1.0,,5.0
201801172718,1.0,3.0,2.0,1.0,5.0,3.0,,5.0
201801173027,9.0,1.0,2.0,2.0,1.0,3.0,1.0,2.0
201801173050,9.0,1.0,2.0,1.0,1.0,1.0,1.0,2.0
201801173166,1.0,3.0,3.0,2.0,1.0,1.0,1.0,4.0
201801173436,5.0,1.0,4.0,2.0,1.0,1.0,0.0,5.0
201801173546,9.0,1.0,3.0,2.0,1.0,1.0,1.0,4.0
201801173624,1.0,2.0,3.0,1.0,1.0,3.0,,5.0
201801173699,8.0,2.0,3.0,1.0,1.0,1.0,0.0,3.0
201801173744,9.0,1.0,4.0,2.0,3.0,5.0,1.0,2.0
201801173982,9.0,1.0,2.0,2.0,3.0,5.0,1.0,4.0
201801173997,8.0,1.0,3.0,1.0,1.0,3.0,0.0,5.0
201801174067,9.0,1.0,4.0,2.0,1.0,1.0,1.0,2.0
201801174253,7.0,2.0,3.0,1.0,1.0,1.0,1.0,4.0
201801174409,9.0,3.0,2.0,1.0,4.0,4.0,1.0,2.0
201801174684,,2.0,2.0,2.0,1.0,1.0,0.0,5.0
201801174780,9.0,1.0,2.0,2.0,4.0,4.0,1.0,5.0
201801174789,6.0,1.0,4.0,1.0,1.0,1.0,,5.0
201801175214,9.0,1.0,4.0,2.0,1.0,1.0,0.0,5.0
201801175265,,1.0,2.0,1.0,3.0,5.0,0.0,1.0
201801175384,9.0,1.0,3.0,1.0,3.0,5.0,1.0,5.0
201801175529,6.0,3.0,4.0,1.0,1.0,1.0,,5.0
201801175533,9.0,1.0,3.0,1.0,3.0,5.0,0.0,5.0
201801175668,3.0,1.0,4.0,1.0,1.0,1.0,,5.0
201801175703,4.0,2.0,4.0,1.0,4.0,4.0,,5.0
201801175764,2.0,1.0,3.0,2.0,1.0,1.0,,5.0
201801175845,9.0,1.0,3.0,1.0,1.0,1.0,1.0,2.0
201801175863,9.0,1.0,2.0,2.0,1.0,1.0,,1.0
201801175962,5.0,1.0,4.0,1.0,1.0,1.0,0.0,4.0
201801176027,5.0,1.0,4.0,2.0,1.0,1.0,1.0,5.0
201801176121,1.0,3.0,4.0,1.0,1.0,1.0,,5.0
201801176264,,2.0,4.0,2.0,,,0.0,4.0
201801176522,,2.0,4.0,2.0,1.0,1.0,,5.0
201801176560,8.0,1.0,4.0,2.0,1.0,1.0,1.0,2.0
201801176653,4.0,3.0,4.0,1.0,1.0,1.0,,2.0
201801177096,4.0,1.0,4.0,2.0,3.0,5.0,1.0,2.0
201801177178,9.0,1.0,3.0,2.0,1.0,1.0,,5.0
201801177268,2.0,2.0,2.0,2.0,4.0,4.0,,5.0
201801177312,5.0,3.0,4.0,2.0,1.0,1.0,,5.0
201801177349,9.0,2.0,3.0,1.0,1.0,1.0,1.0,2.0
201801177443,9.0,2.0,2.0,1.0,1.0,1.0,1.0,5.0
201801177449,9.0,1.0,1.0,1.0,3.0,5.0,1.0,2.0
201801177467,9.0,2.0,4.0,1.0,3.0,5.0,1.0,2.0
201801177470,1.0,1.0,1.0,1.0,1.0,3.0,1.0,1.0
201801177602,9.0,1.0,4.0,2.0,3.0,5.0,0.0,4.0
201801177699,9.0,1.0,1.0,3.0,1.0,1.0,1.0,5.0
201801177796,9.0,1.0,2.0,2.0,1.0,1.0,1.0,2.0
201801177864,5.0,2.0,4.0,1.0,1.0,3.0,0.0,5.0
201801177910,7.0,2.0,4.0,2.0,3.0,5.0,0.0,3.0
201801178200,9.0,2.0,3.0,1.0,3.0,5.0,0.0,5.0
201801178205,9.0,1.0,2.0,2.0,3.0,5.0,1.0,2.0
201801178334,9.0,1.0,3.0,1.0,3.0,5.0,0.0,3.0
201801178795,9.0,3.0,3.0,1.0,4.0,4.0,1.0,4.0
201801178898,9.0,2.0,3.0,2.0,1.0,1.0,1.0,2.0
201801178944,5.0,3.0,4.0,1.0,1.0,1.0,,5.0
201801179378,4.0,2.0,2.0,1.0,2.0,2.0,0.0,3.0
201801179484,6.0,1.0,1.0,3.0,1.0,1.0,0.0,5.0
201801179582,9.0,1.0,4.0,2.0,1.0,1.0,0.0,2.0
201801179657,9.0,1.0,2.0,,3.0,5.0,1.0,1.0
201801180109,,2.0,4.0,2.0,1.0,1.0,,5.0
201801180326,9.0,1.0,2.0,2.0,1.0,1.0,0.0,5.0
201801180404,9.0,1.0,3.0,1.0,3.0,5.0,0.0,4.0
201801180426,9.0,1.0,4.0,2.0,1.0,1.0,0.0,2.0
201801180487,9.0,1.0,3.0,1.0,3.0,5.0,1.0,2.0
201801180526,3.0,2.0,3.0,2.0,1.0,1.0,1.0,1.0
201801180642,9.0,1.0,2.0,1.0,3.0,5.0,0.0,5.0
201801180666,7.0,1.0,2.0,1.0,3.0,5.0,1.0,2.0
201801180739,8.0,1.0,2.0,2.0,3.0,5.0,0.0,5.0
201801180827,9.0,1.0,2.0,1.0,3.0,5.0,1.0,2.0
201801180858,7.0,1.0,4.0,2.0,1.0,1.0,0.0,2.0
201801180947,9.0,1.0,3.0,1.0,3.0,5.0,1.0,2.0
201801181004,9.0,1.0,3.0,2.0,1.0,1.0,0.0,4.0
201801181034,9.0,1.0,1.0,2.0,4.0,4.0,1.0,1.0
201801181092,9.0,1.0,3.0,1.0,3.0,5.0,1.0,5.0
201801181172,9.0,1.0,2.0,2.0,1.0,1.0,0.0,5.0
201801181298,9.0,2.0,2.0,1.0,1.0,1.0,1.0,3.0
201801181325,9.0,1.0,2.0,1.0,1.0,1.0,0.0,5.0
201801181363,9.0,1.0,2.0,1.0,1.0,1.0,0.0,2.0
201801181409,9.0,1.0,3.0,1.0,1.0,1.0,0.0,1.0
201801181642,6.0,1.0,4.0,2.0,1.0,1.0,1.0,2.0
201801181665,9.0,1.0,2.0,1.0,3.0,5.0,1.0,1.0
201801181892,9.0,3.0,3.0,1.0,1.0,1.0,0.0,2.0
201801181908,9.0,1.0,3.0,1.0,1.0,1.0,1.0,3.0
201801182117,9.0,2.0,4.0,1.0,3.0,5.0,1.0,5.0
201801182135,9.0,1.0,2.0,1.0,4.0,3.0,1.0,1.0
201801182237,9.0,2.0,2.0,1.0,1.0,3.0,1.0,4.0
201801182402,9.0,2.0,3.0,2.0,1.0,1.0,,5.0
201801182559,5.0,3.0,4.0,1.0,2.0,2.0,0.0,1.0
201801182569,3.0,2.0,4.0,1.0,1.0,1.0,0.0,5.0
201801182598,9.0,1.0,2.0,2.0,1.0,1.0,1.0,2.0
201801182616,9.0,1.0,1.0,1.0,5.0,3.0,0.0,5.0
201801182745,5.0,1.0,4.0,2.0,1.0,1.0,,3.0
201801182952,7.0,1.0,1.0,3.0,3.0,5.0,1.0,4.0
201801183049,9.0,1.0,4.0,1.0,1.0,1.0,1.0,4.0
201801183055,1.0,2.0,2.0,2.0,1.0,1.0,0.0,5.0
201801183153,6.0,2.0,4.0,2.0,1.0,1.0,,
201801183163,9.0,1.0,3.0,2.0,1.0,1.0,0.0,1.0
201801183389,9.0,1.0,3.0,2.0,1.0,1.0,0.0,5.0
201801183671,9.0,2.0,2.0,1.0,1.0,1.0,1.0,4.0
201801183676,1.0,2.0,3.0,2.0,1.0,1.0,,5.0
201801184093,9.0,1.0,2.0,1.0,1.0,1.0,1.0,2.0
201801184222,2.0,3.0,2.0,2.0,3.0,5.0,1.0,3.0
201801184464,3.0,2.0,1.0,2.0,3.0,5.0,1.0,1.0
201801184553,3.0,2.0,2.0,1.0,1.0,3.0,1.0,2.0
201801184588,3.0,1.0,3.0,1.0,3.0,5.0,0.0,3.0
201801184638,,2.0,4.0,1.0,1.0,1.0,,2.0
201801184699,9.0,1.0,4.0,2.0,1.0,1.0,0.0,3.0
201801184933,4.0,1.0,4.0,2.0,1.0,1.0,0.0,4.0
201801185053,1.0,1.0,2.0,1.0,1.0,1.0,0.0,5.0
201801185073,9.0,2.0,2.0,1.0,1.0,3.0,1.0,2.0
201801185074,2.0,1.0,3.0,3.0,,,1.0,2.0
201801185202,7.0,2.0,2.0,1.0,1.0,1.0,1.0,5.0
201801185256,8.0,1.0,4.0,2.0,1.0,1.0,0.0,5.0
201801185258,9.0,1.0,2.0,1.0,1.0,1.0,0.0,2.0
201801185286,6.0,1.0,4.0,2.0,1.0,1.0,,5.0
201801185508,3.0,3.0,1.0,3.0,1.0,1.0,1.0,2.0
201801185543,8.0,3.0,3.0,1.0,1.0,1.0,0.0,4.0
201801185591,,2.0,1.0,1.0,1.0,1.0,1.0,3.0
201801185623,3.0,1.0,1.0,2.0,1.0,1.0,,4.0
201801185751,7.0,1.0,2.0,1.0,1.0,1.0,0.0,4.0
201801185791,9.0,2.0,4.0,1.0,1.0,1.0,,5.0
201801186066,1.0,3.0,3.0,2.0,1.0,1.0,,5.0
201801186113,2.0,3.0,4.0,1.0,1.0,1.0,0.0,5.0
201801186171,4.0,2.0,4.0,1.0,1.0,1.0,1.0,2.0
201801186217,4.0,3.0,3.0,2.0,1.0,1.0,,4.0
201801186221,6.0,3.0,4.0,2.0,1.0,1.0,,5.0
201801186237,,1.0,3.0,2.0,1.0,1.0,,2.0
201801186310,,1.0,2.0,2.0,3.0,5.0,0.0,4.0
201801186383,9.0,1.0,2.0,1.0,1.0,1.0,1.0,2.0
201801186396,9.0,1.0,3.0,1.0,1.0,1.0,1.0,5.0
201801186501,7.0,3.0,4.0,2.0,1.0,1.0,,5.0
201801186581,7.0,1.0,1.0,2.0,4.0,4.0,1.0,2.0
201801186674,9.0,1.0,2.0,2.0,1.0,1.0,1.0,2.0
201801186813,9.0,1.0,2.0,1.0,3.0,5.0,1.0,2.0
201801186951,9.0,1.0,2.0,1.0,1.0,1.0,1.0,4.0
201801186968,9.0,1.0,2.0,2.0,1.0,1.0,0.0,4.0
201801187243,9.0,2.0,2.0,1.0,1.0,1.0,0.0,2.0
201801187463,7.0,3.0,2.0,2.0,1.0,1.0,0.0,2.0
201801187616,,2.0,4.0,2.0,1.0,1.0,0.0,5.0
201801187890,9.0,2.0,3.0,1.0,4.0,4.0,0.0,4.0
201801188193,9.0,1.0,1.0,1.0,1.0,3.0,,3.0
201801188249,9.0,3.0,4.0,1.0,1.0,1.0,0.0,4.0
201801188386,7.0,2.0,2.0,1.0,1.0,1.0,0.0,2.0
201801188478,8.0,1.0,3.0,1.0,1.0,1.0,1.0,5.0
201801188626,8.0,1.0,2.0,1.0,1.0,1.0,0.0,2.0
201801188901,3.0,3.0,4.0,2.0,1.0,1.0,1.0,2.0
201801189088,9.0,1.0,2.0,1.0,1.0,1.0,0.0,5.0
201801189171,9.0,1.0,2.0,1.0,1.0,1.0,1.0,1.0
201801189173,6.0,2.0,2.0,1.0,1.0,1.0,1.0,3.0
201801189221,9.0,3.0,2.0,1.0,1.0,1.0,1.0,5.0
201801189235,6.0,1.0,4.0,1.0,1.0,1.0,1.0,2.0
201901000161,8.0,1.0,3.0,2.0,1.0,1.0,1.0,1.0
201901000190,9.0,2.0,2.0,2.0,1.0,3.0,1.0,5.0
201901000318,1.0,1.0,3.0,2.0,5.0,3.0,,5.0
201901000446,5.0,1.0,1.0,2.0,2.0,2.0,1.0,5.0
201901000492,4.0,1.0,1.0,1.0,1.0,1.0,1.0,4.0
201901000504,3.0,1.0,3.0,2.0,4.0,4.0,0.0,3.0
201901000697,,3.0,4.0,2.0,1.0,1.0,0.0,
201901000739,7.0,3.0,3.0,2.0,1.0,1.0,,4.0
201901000788,9.0,2.0,4.0,1.0,1.0,3.0,,5.0
201901000797,1.0,2.0,3.0,1.0,4.0,3.0,,5.0
201901000814,9.0,2.0,4.0,2.0,1.0,1.0,,5.0
201901000848,3.0,3.0,2.0,2.0,1.0,1.0,0.0,3.0
201901000968,9.0,1.0,2.0,2.0,2.0,3.0,0.0,5.0
201901001145,6.0,1.0,2.0,1.0,4.0,4.0,1.0,4.0
201901001175,9.0,1.0,2.0,2.0,1.0,1.0,0.0,4.0
201901001234,7.0,1.0,3.0,2.0,1.0,1.0,0.0,3.0
201901001329,5.0,2.0,3.0,2.0,1.0,1.0,,5.0
201901001408,6.0,3.0,2.0,1.0,4.0,3.0,0.0,5.0
201901001466,2.0,3.0,4.0,1.0,1.0,1.0,0.0,5.0
201901001467,8.0,2.0,3.0,1.0,1.0,1.0,1.0,2.0
201901001546,6.0,3.0,2.0,2.0,1.0,1.0,0.0,5.0
201901001669,6.0,2.0,2.0,1.0,1.0,1.0,1.0,2.0
201901001744,9.0,1.0,2.0,1.0,3.0,5.0,1.0,2.0
201901001822,9.0,2.0,3.0,1.0,1.0,1.0,1.0,3.0
201901001856,6.0,2.0,2.0,2.0,1.0,3.0,1.0,2.0
201901001877,9.0,1.0,1.0,2.0,3.0,5.0,0.0,2.0
201901001916,2.0,2.0,3.0,1.0,,3.0,1.0,5.0
201901001918,9.0,2.0,2.0,1.0,1.0,1.0,0.0,2.0
201901002003,9.0,1.0,3.0,1.0,1.0,1.0,0.0,2.0
201901002008,9.0,2.0,3.0,1.0,1.0,1.0,1.0,4.0
201901002068,9.0,1.0,2.0,1.0,3.0,5.0,0.0,5.0
201901002122,9.0,1.0,2.0,1.0,1.0,1.0,1.0,3.0
201901002170,9.0,1.0,2.0,1.0,1.0,1.0,0.0,2.0
201901002187,8.0,3.0,3.0,1.0,1.0,1.0,0.0,5.0
201901002207,1.0,3.0,2.0,2.0,1.0,1.0,0.0,5.0
201901002281,5.0,1.0,2.0,1.0,2.0,2.0,0.0,4.0
201901002352,9.0,1.0,2.0,2.0,1.0,1.0,1.0,3.0
201901002419,2.0,3.0,4.0,1.0,1.0,1.0,,5.0
201901002437,2.0,1.0,4.0,1.0,1.0,1.0,1.0,4.0
201901002509,9.0,2.0,3.0,2.0,1.0,1.0,1.0,2.0
201901002569,9.0,1.0,3.0,1.0,3.0,5.0,0.0,5.0
201901002570,9.0,1.0,2.0,1.0,3.0,5.0,1.0,4.0
201901002620,,3.0,1.0,2.0,1.0,3.0,1.0,2.0
201901002714,5.0,1.0,4.0,1.0,3.0,5.0,,3.0
201901002718,2.0,3.0,3.0,2.0,1.0,1.0,,4.0
201901002765,3.0,1.0,2.0,1.0,1.0,1.0,0.0,5.0
201901002809,5.0,2.0,1.0,1.0,5.0,3.0,0.0,3.0
201901002844,1.0,2.0,2.0,2.0,5.0,4.0,0.0,5.0
201901002864,3.0,3.0,4.0,2.0,5.0,3.0,0.0,4.0
201901002911,1.0,3.0,3.0,2.0,1.0,1.0,,4.0
201901002964,4.0,1.0,2.0,2.0,2.0,2.0,0.0,3.0
201901003060,1.0,3.0,2.0,2.0,1.0,3.0,,5.0
201901003092,9.0,1.0,2.0,1.0,1.0,1.0,1.0,1.0
201901003096,9.0,1.0,1.0,1.0,1.0,1.0,0.0,2.0
201901003145,8.0,1.0,4.0,1.0,1.0,3.0,,4.0
201901003183,2.0,2.0,4.0,2.0,1.0,1.0,,5.0
201901003368,7.0,1.0,1.0,2.0,1.0,1.0,0.0,4.0
201901003466,1.0,2.0,2.0,2.0,1.0,1.0,,5.0
201901003533,9.0,1.0,1.0,2.0,1.0,1.0,1.0,2.0
201901003551,2.0,3.0,2.0,1.0,2.0,2.0,,2.0
201901003621,4.0,2.0,3.0,1.0,2.0,2.0,1.0,5.0
201901006481,7.0,2.0,3.0,1.0,1.0,3.0,,2.0
201901006918,3.0,2.0,4.0,2.0,1.0,3.0,,5.0
201901007928,2.0,1.0,4.0,2.0,1.0,1.0,,5.0
201901012232,1.0,3.0,2.0,2.0,1.0,3.0,,5.0
201901015688,1.0,2.0,4.0,2.0,1.0,1.0,1.0,5.0
201901015869,2.0,3.0,4.0,1.0,1.0,1.0,,4.0
201901016611,8.0,2.0,4.0,1.0,5.0,3.0,,5.0
201901016693,9.0,1.0,2.0,1.0,1.0,1.0,0.0,2.0
201901016975,7.0,2.0,3.0,2.0,1.0,1.0,0.0,3.0
201901017006,5.0,3.0,2.0,1.0,4.0,4.0,0.0,5.0
201901017488,8.0,1.0,4.0,1.0,1.0,1.0,1.0,3.0
201901017694,,2.0,2.0,2.0,,,0.0,2.0
201901017714,1.0,2.0,3.0,1.0,2.0,2.0,0.0,5.0
201901017861,6.0,1.0,2.0,2.0,1.0,1.0,1.0,3.0
201901017912,3.0,2.0,2.0,1.0,2.0,2.0,0.0,2.0
201901017929,9.0,1.0,4.0,2.0,1.0,1.0,,2.0
201901017993,2.0,2.0,1.0,2.0,5.0,3.0,,5.0
201901018037,9.0,2.0,3.0,2.0,1.0,1.0,,4.0
201901018342,3.0,2.0,2.0,1.0,1.0,1.0,1.0,2.0
201901018371,4.0,3.0,2.0,1.0,1.0,1.0,0.0,1.0
201901018421,1.0,3.0,2.0,2.0,1.0,1.0,,5.0
201901018585,2.0,3.0,4.0,2.0,1.0,1.0,,5.0
201901018644,9.0,3.0,2.0,1.0,5.0,3.0,0.0,5.0
201901018693,1.0,2.0,3.0,1.0,1.0,1.0,0.0,5.0
201901018761,6.0,1.0,2.0,1.0,2.0,2.0,1.0,2.0
201901018768,2.0,3.0,3.0,1.0,2.0,2.0,,5.0
201901018817,9.0,1.0,3.0,1.0,1.0,3.0,0.0,2.0
201901018874,9.0,1.0,4.0,2.0,1.0,1.0,0.0,5.0
201901018886,1.0,1.0,1.0,1.0,1.0,1.0,1.0,2.0
201901018925,5.0,3.0,3.0,1.0,1.0,1.0,0.0,5.0
201901018937,9.0,3.0,4.0,2.0,1.0,1.0,1.0,3.0
201901018942,2.0,2.0,1.0,1.0,3.0,5.0,1.0,3.0
201901018981,9.0,1.0,2.0,2.0,1.0,1.0,0.0,4.0
201901019009,5.0,1.0,3.0,2.0,4.0,4.0,0.0,2.0
201901019034,4.0,2.0,4.0,2.0,2.0,2.0,0.0,4.0
201901019058,1.0,3.0,3.0,1.0,5.0,3.0,0.0,1.0
201901019179,1.0,3.0,4.0,2.0,4.0,3.0,,5.0
201901019264,2.0,3.0,4.0,2.0,1.0,1.0,0.0,5.0
201901019319,9.0,3.0,2.0,1.0,1.0,1.0,1.0,4.0
201901019397,7.0,1.0,2.0,2.0,1.0,3.0,1.0,2.0
201901019576,,2.0,2.0,1.0,,3.0,1.0,2.0
201901019672,9.0,2.0,2.0,1.0,3.0,5.0,1.0,4.0
201901019761,9.0,1.0,3.0,1.0,,,1.0,5.0
201901019802,9.0,2.0,2.0,1.0,1.0,1.0,0.0,5.0
201901019883,7.0,3.0,3.0,1.0,1.0,1.0,1.0,5.0
201901019936,9.0,1.0,3.0,2.0,1.0,1.0,0.0,5.0
201901019955,4.0,1.0,4.0,1.0,1.0,1.0,0.0,3.0
201901019963,1.0,2.0,2.0,2.0,1.0,3.0,0.0,5.0
201901020105,9.0,1.0,2.0,2.0,1.0,1.0,1.0,4.0
201901020110,2.0,2.0,1.0,1.0,1.0,1.0,0.0,5.0
201901020211,9.0,1.0,3.0,2.0,1.0,1.0,,5.0
201901020332,2.0,2.0,4.0,1.0,1.0,1.0,0.0,4.0
201901020369,1.0,2.0,4.0,2.0,1.0,1.0,0.0,5.0
201901020370,8.0,1.0,2.0,2.0,1.0,1.0,1.0,2.0
201901020400,4.0,2.0,4.0,2.0,1.0,1.0,0.0,5.0
201901020434,6.0,3.0,3.0,2.0,1.0,1.0,,5.0
201901020479,6.0,2.0,1.0,2.0,4.0,4.0,1.0,1.0
201901020508,6.0,1.0,4.0,1.0,1.0,1.0,0.0,3.0
201901020514,2.0,3.0,3.0,2.0,1.0,1.0,,4.0
201901020521,9.0,1.0,3.0,1.0,1.0,1.0,1.0,4.0
201901020533,1.0,3.0,3.0,2.0,1.0,1.0,0.0,4.0
201901020617,1.0,2.0,4.0,1.0,1.0,1.0,0.0,3.0
201901020789,4.0,1.0,3.0,1.0,1.0,3.0,0.0,4.0
201901020852,4.0,1.0,4.0,1.0,2.0,2.0,0.0,4.0
201901020854,9.0,1.0,4.0,2.0,1.0,1.0,1.0,3.0
201901021046,4.0,1.0,3.0,1.0,1.0,1.0,1.0,3.0
201901021112,,3.0,3.0,2.0,2.0,2.0,,5.0
201901021355,9.0,1.0,4.0,2.0,4.0,4.0,,1.0
201901021378,8.0,2.0,2.0,1.0,1.0,1.0,1.0,4.0
201901021422,9.0,2.0,3.0,2.0,1.0,1.0,0.0,2.0
201901021466,9.0,3.0,4.0,2.0,1.0,1.0,,5.0
201901021637,5.0,3.0,1.0,1.0,3.0,5.0,,3.0
201901021794,8.0,2.0,2.0,1.0,1.0,1.0,1.0,5.0
201901021861,2.0,2.0,2.0,2.0,1.0,1.0,0.0,2.0
201901021916,3.0,1.0,2.0,2.0,2.0,2.0,,5.0
201901021963,4.0,2.0,1.0,2.0,1.0,3.0,0.0,5.0
201901022063,8.0,1.0,4.0,2.0,1.0,1.0,0.0,5.0
201901022073,4.0,2.0,2.0,2.0,4.0,3.0,0.0,4.0
201901022126,4.0,3.0,4.0,2.0,1.0,1.0,,5.0
201901022144,3.0,3.0,3.0,1.0,1.0,1.0,,5.0
201901022149,6.0,2.0,4.0,1.0,1.0,3.0,,5.0
201901022237,6.0,2.0,3.0,1.0,1.0,1.0,0.0,5.0
201901022244,9.0,1.0,4.0,1.0,3.0,5.0,0.0,3.0
201901022306,6.0,2.0,4.0,1.0,1.0,1.0,1.0,4.0
201901022346,9.0,1.0,4.0,2.0,2.0,2.0,0.0,5.0
201901022372,9.0,1.0,2.0,1.0,4.0,3.0,1.0,2.0
201901022402,4.0,3.0,2.0,2.0,1.0,1.0,0.0,1.0
201901022408,6.0,2.0,4.0,2.0,1.0,1.0,,5.0
201901022506,9.0,1.0,3.0,1.0,1.0,1.0,1.0,4.0
201901022530,9.0,1.0,2.0,1.0,3.0,5.0,1.0,2.0
201901022554,4.0,1.0,1.0,1.0,1.0,1.0,1.0,5.0
201901022628,9.0,1.0,2.0,1.0,2.0,2.0,0.0,4.0
201901022647,1.0,3.0,3.0,1.0,1.0,1.0,,5.0
201901022699,9.0,2.0,3.0,1.0,1.0,1.0,0.0,5.0
201901022702,7.0,3.0,3.0,2.0,1.0,1.0,,5.0
201901022726,3.0,3.0,2.0,2.0,2.0,3.0,1.0,4.0
201901022772,8.0,2.0,4.0,1.0,1.0,1.0,0.0,5.0
201901022806,3.0,1.0,2.0,2.0,1.0,1.0,0.0,2.0
201901022912,1.0,2.0,2.0,1.0,1.0,1.0,0.0,4.0
201901022932,9.0,1.0,2.0,2.0,1.0,1.0,1.0,2.0
201901023028,9.0,1.0,2.0,2.0,2.0,2.0,0.0,2.0
201901023062,9.0,3.0,2.0,1.0,1.0,1.0,0.0,5.0
201901023116,3.0,1.0,2.0,2.0,1.0,1.0,0.0,5.0
201901023246,4.0,2.0,2.0,1.0,1.0,3.0,0.0,5.0
201901023274,6.0,3.0,4.0,1.0,1.0,1.0,,5.0
201901023348,1.0,2.0,2.0,1.0,1.0,1.0,0.0,2.0
201901023632,8.0,1.0,2.0,2.0,2.0,2.0,1.0,2.0
201901023641,9.0,1.0,4.0,1.0,1.0,3.0,1.0,1.0
201901023681,4.0,3.0,2.0,1.0,1.0,3.0,0.0,5.0
201901023853,5.0,1.0,2.0,2.0,1.0,1.0,0.0,2.0
201901024032,8.0,1.0,4.0,2.0,1.0,1.0,,4.0
201901024088,5.0,2.0,2.0,2.0,5.0,3.0,1.0,5.0
201901024207,9.0,2.0,2.0,1.0,1.0,1.0,1.0,3.0
201901024214,1.0,2.0,3.0,2.0,1.0,1.0,,2.0
201901024240,9.0,1.0,1.0,1.0,1.0,1.0,1.0,3.0
201901024408,5.0,2.0,2.0,2.0,1.0,1.0,1.0,2.0
201901024540,7.0,1.0,1.0,1.0,1.0,1.0,1.0,4.0
201901024678,4.0,1.0,1.0,2.0,1.0,3.0,1.0,5.0
201901024723,2.0,2.0,2.0,2.0,1.0,3.0,,5.0
201901024788,9.0,3.0,1.0,2.0,1.0,3.0,1.0,3.0
201901024821,4.0,2.0,3.0,2.0,3.0,5.0,0.0,1.0
201901024913,3.0,2.0,2.0,2.0,2.0,2.0,1.0,3.0
201901024968,6.0,2.0,1.0,1.0,1.0,3.0,1.0,5.0
201901025025,1.0,2.0,4.0,2.0,,,0.0,4.0
201901025137,4.0,3.0,4.0,1.0,1.0,1.0,1.0,2.0
201901025326,9.0,2.0,2.0,2.0,1.0,1.0,0.0,4.0
201901025347,2.0,1.0,4.0,2.0,1.0,1.0,,4.0
201901025371,4.0,1.0,4.0,2.0,4.0,4.0,,5.0
201901025385,2.0,1.0,1.0,1.0,1.0,3.0,1.0,2.0
201901025466,6.0,2.0,1.0,2.0,1.0,3.0,1.0,2.0
201901025493,9.0,1.0,3.0,1.0,1.0,1.0,1.0,1.0
201901025502,4.0,1.0,1.0,2.0,1.0,3.0,1.0,1.0
201901025506,4.0,1.0,2.0,2.0,1.0,1.0,,2.0
201901025618,9.0,1.0,2.0,1.0,3.0,5.0,1.0,1.0
201901025730,8.0,1.0,4.0,2.0,1.0,1.0,,3.0
201901025790,3.0,2.0,1.0,2.0,4.0,4.0,0.0,4.0
201901025832,9.0,1.0,3.0,2.0,3.0,5.0,1.0,1.0
201901025864,1.0,3.0,4.0,2.0,1.0,1.0,,5.0
201901026064,2.0,3.0,3.0,1.0,1.0,1.0,1.0,2.0
201901026123,8.0,1.0,2.0,1.0,1.0,1.0,0.0,5.0
201901026152,7.0,3.0,4.0,1.0,1.0,1.0,,5.0
201901026266,8.0,2.0,2.0,2.0,1.0,3.0,1.0,2.0
201901026286,9.0,2.0,2.0,2.0,1.0,1.0,0.0,2.0
201901026353,4.0,3.0,3.0,1.0,1.0,1.0,,5.0
201901026361,9.0,2.0,2.0,1.0,1.0,1.0,0.0,3.0
201901026363,9.0,1.0,2.0,2.0,1.0,1.0,1.0,4.0
201901026437,9.0,1.0,2.0,1.0,1.0,1.0,1.0,5.0
201901026456,2.0,3.0,2.0,1.0,1.0,1.0,1.0,4.0
201901026500,1.0,1.0,2.0,2.0,1.0,1.0,1.0,5.0
201901026627,1.0,3.0,4.0,1.0,1.0,3.0,,5.0
201901026691,7.0,3.0,2.0,2.0,5.0,3.0,,5.0
201901026697,3.0,2.0,2.0,1.0,1.0,1.0,1.0,5.0
201901026708,9.0,2.0,4.0,1.0,2.0,2.0,0.0,1.0
201901026778,1.0,3.0,3.0,2.0,5.0,4.0,,5.0
201901026833,1.0,3.0,3.0,2.0,1.0,1.0,,4.0
201901026837,1.0,3.0,4.0,2.0,1.0,1.0,,
201901026860,6.0,1.0,1.0,1.0,1.0,3.0,1.0,5.0
201901027000,9.0,1.0,2.0,1.0,1.0,3.0,1.0,2.0
201901027050,9.0,2.0,3.0,2.0,1.0,1.0,,5.0
201901027106,9.0,1.0,3.0,1.0,1.0,1.0,1.0,4.0
201901027166,6.0,2.0,3.0,1.0,1.0,1.0,,5.0
201901027211,8.0,2.0,2.0,2.0,1.0,1.0,0.0,5.0
201901027260,1.0,2.0,2.0,1.0,1.0,1.0,,5.0
201901027398,9.0,3.0,3.0,1.0,1.0,1.0,0.0,5.0
201901027428,9.0,1.0,2.0,1.0,1.0,1.0,1.0,2.0
201901027430,9.0,1.0,3.0,1.0,1.0,3.0,1.0,2.0
201901027601,,1.0,3.0,1.0,1.0,1.0,1.0,5.0
201901027632,9.0,1.0,2.0,1.0,1.0,1.0,1.0,2.0
201901027654,9.0,1.0,3.0,1.0,1.0,1.0,1.0,3.0
201901027694,,3.0,2.0,2.0,1.0,1.0,0.0,5.0
201901027894,6.0,2.0,2.0,1.0,1.0,3.0,1.0,2.0
201901027921,9.0,2.0,2.0,2.0,4.0,4.0,1.0,1.0
201901027926,7.0,2.0,4.0,2.0,1.0,1.0,0.0,2.0
201901027931,,3.0,4.0,2.0,2.0,2.0,,5.0
201901027954,9.0,1.0,3.0,2.0,1.0,1.0,1.0,2.0
201901027980,2.0,2.0,2.0,2.0,1.0,1.0,0.0,5.0
201901028034,6.0,1.0,3.0,1.0,4.0,4.0,1.0,3.0
201901028040,1.0,2.0,4.0,2.0,1.0,1.0,0.0,5.0
201901028047,9.0,2.0,3.0,1.0,5.0,3.0,1.0,4.0
201901028078,9.0,1.0,3.0,1.0,3.0,5.0,0.0,2.0
201901028174,6.0,3.0,2.0,2.0,1.0,3.0,,4.0
201901028197,2.0,2.0,4.0,1.0,5.0,4.0,0.0,4.0
201901028242,9.0,1.0,1.0,1.0,1.0,1.0,1.0,5.0
201901028280,6.0,2.0,3.0,1.0,1.0,1.0,0.0,5.0
201901028313,9.0,1.0,2.0,2.0,1.0,1.0,0.0,2.0
201901028432,4.0,1.0,3.0,2.0,1.0,1.0,0.0,4.0
201901028439,6.0,1.0,3.0,1.0,1.0,1.0,0.0,2.0
201901028482,7.0,1.0,3.0,2.0,1.0,1.0,0.0,2.0
201901028518,5.0,3.0,4.0,1.0,5.0,3.0,,5.0
201901028653,9.0,1.0,3.0,1.0,1.0,1.0,1.0,3.0
201901028681,5.0,1.0,3.0,1.0,1.0,3.0,,5.0
201901028729,1.0,3.0,3.0,1.0,2.0,2.0,,5.0
201901028747,7.0,3.0,2.0,1.0,1.0,1.0,,2.0
201901028778,1.0,3.0,2.0,1.0,2.0,2.0,1.0,5.0
201901028812,9.0,1.0,4.0,1.0,1.0,3.0,0.0,5.0
201901028831,9.0,1.0,3.0,2.0,1.0,1.0,,2.0
201901028916,1.0,3.0,3.0,2.0,1.0,1.0,,5.0
201901029154,3.0,2.0,3.0,2.0,2.0,2.0,0.0,5.0
201901029306,1.0,3.0,4.0,2.0,1.0,1.0,,5.0
201901029372,9.0,1.0,3.0,2.0,1.0,1.0,0.0,5.0
201901029422,3.0,2.0,2.0,1.0,1.0,3.0,1.0,2.0
201901029426,9.0,1.0,2.0,1.0,3.0,5.0,1.0,4.0
201901029559,9.0,1.0,2.0,2.0,1.0,3.0,,5.0
201901029656,9.0,1.0,2.0,1.0,1.0,1.0,0.0,2.0
201901029675,5.0,1.0,2.0,1.0,1.0,1.0,0.0,5.0
201901029697,4.0,1.0,4.0,2.0,1.0,1.0,0.0,2.0
201901029757,3.0,1.0,4.0,2.0,1.0,1.0,,2.0
201901029789,9.0,1.0,2.0,1.0,1.0,1.0,1.0,2.0
201901029828,5.0,1.0,3.0,2.0,1.0,1.0,0.0,3.0
201901029952,9.0,1.0,2.0,1.0,1.0,1.0,1.0,4.0
201901029980,7.0,1.0,3.0,2.0,1.0,1.0,1.0,2.0
201901030154,8.0,2.0,3.0,2.0,1.0,1.0,,3.0
201901030161,1.0,3.0,4.0,2.0,2.0,2.0,,5.0
201901030230,9.0,1.0,4.0,2.0,1.0,1.0,0.0,2.0
201901030358,1.0,2.0,3.0,2.0,1.0,1.0,,5.0
201901030435,7.0,1.0,1.0,2.0,1.0,3.0,1.0,4.0
201901030526,9.0,1.0,3.0,1.0,1.0,1.0,1.0,1.0
201901030554,9.0,2.0,2.0,2.0,1.0,1.0,1.0,5.0
201901030560,6.0,1.0,2.0,1.0,1.0,1.0,1.0,2.0
201901030562,5.0,1.0,3.0,1.0,1.0,1.0,1.0,2.0
201901030575,9.0,1.0,3.0,1.0,1.0,1.0,0.0,2.0
201901030578,9.0,1.0,3.0,1.0,1.0,1.0,0.0,2.0
201901030679,2.0,1.0,4.0,2.0,1.0,1.0,0.0,2.0
201901030807,7.0,1.0,3.0,2.0,1.0,1.0,0.0,5.0
201901030885,2.0,1.0,4.0,2.0,1.0,1.0,0.0,5.0
201901030923,9.0,3.0,4.0,2.0,1.0,1.0,,5.0
201901031287,9.0,1.0,2.0,1.0,1.0,1.0,0.0,4.0
201901031319,2.0,1.0,3.0,2.0,1.0,1.0,0.0,5.0
201901031373,1.0,1.0,2.0,1.0,4.0,4.0,1.0,1.0
201901031513,9.0,1.0,3.0,1.0,1.0,3.0,1.0,4.0
201901031667,7.0,3.0,2.0,2.0,1.0,1.0,0.0,5.0
201901031771,4.0,1.0,4.0,2.0,1.0,1.0,1.0,1.0
201901031804,9.0,1.0,2.0,1.0,2.0,2.0,1.0,3.0
201901036279,2.0,1.0,1.0,2.0,,3.0,1.0,4.0
201901036548,2.0,1.0,4.0,1.0,1.0,1.0,,3.0
201901037764,,1.0,4.0,1.0,1.0,3.0,0.0,5.0
201901039731,9.0,1.0,1.0,1.0,1.0,3.0,1.0,3.0
201901040458,8.0,1.0,4.0,1.0,1.0,3.0,1.0,2.0
201901045787,1.0,2.0,4.0,1.0,1.0,3.0,1.0,4.0
201901047426,6.0,2.0,3.0,1.0,1.0,3.0,,3.0
201901050176,1.0,1.0,4.0,1.0,1.0,1.0,0.0,3.0
201901050467,1.0,3.0,2.0,1.0,5.0,3.0,0.0,5.0
201901051512,5.0,2.0,3.0,1.0,1.0,3.0,,5.0
201901056742,6.0,3.0,3.0,1.0,1.0,3.0,,5.0
201901063937,1.0,1.0,4.0,1.0,1.0,3.0,,5.0
201901064141,1.0,3.0,4.0,2.0,5.0,3.0,,5.0
201901064788,1.0,3.0,1.0,1.0,5.0,3.0,1.0,4.0
201901064979,1.0,3.0,4.0,1.0,1.0,3.0,,5.0
201901070530,3.0,2.0,3.0,2.0,5.0,3.0,1.0,2.0
201901074082,1.0,3.0,4.0,2.0,1.0,3.0,,5.0
201901076883,1.0,3.0,1.0,1.0,1.0,3.0,1.0,5.0
201901079183,1.0,3.0,3.0,2.0,2.0,2.0,,5.0
201901079723,1.0,3.0,4.0,2.0,1.0,1.0,,5.0
201901079912,1.0,3.0,3.0,1.0,1.0,1.0,,2.0
202001000028,9.0,1.0,2.0,1.0,1.0,1.0,1.0,4.0
202001000060,9.0,1.0,2.0,1.0,1.0,3.0,1.0,5.0
202001000098,9.0,2.0,2.0,2.0,1.0,1.0,,2.0
202001000174,5.0,1.0,4.0,1.0,2.0,2.0,1.0,2.0
202001000225,1.0,3.0,3.0,2.0,1.0,1.0,,4.0
202001000247,7.0,2.0,1.0,1.0,1.0,1.0,1.0,2.0
202001000288,6.0,2.0,2.0,2.0,1.0,1.0,1.0,2.0
202001000348,9.0,1.0,2.0,1.0,1.0,3.0,0.0,5.0
202001000414,1.0,3.0,2.0,2.0,1.0,1.0,,5.0
202001000481,9.0,1.0,3.0,1.0,1.0,1.0,0.0,3.0
202001000484,9.0,1.0,4.0,2.0,1.0,1.0,0.0,2.0
202001000568,4.0,2.0,2.0,2.0,1.0,1.0,0.0,3.0
202001000636,5.0,1.0,1.0,1.0,1.0,3.0,1.0,2.0
202001000658,2.0,3.0,4.0,1.0,1.0,1.0,,5.0
202001000795,4.0,2.0,3.0,2.0,1.0,1.0,1.0,3.0
202001000879,,1.0,3.0,2.0,1.0,1.0,0.0,5.0
202001000908,2.0,2.0,2.0,2.0,1.0,3.0,,5.0
202001000932,9.0,1.0,2.0,1.0,3.0,3.0,1.0,3.0
202001000993,9.0,1.0,2.0,1.0,1.0,1.0,1.0,2.0
202001000995,8.0,1.0,2.0,2.0,1.0,1.0,1.0,2.0
202001001013,9.0,2.0,1.0,1.0,1.0,1.0,0.0,5.0
202001001020,3.0,1.0,2.0,2.0,2.0,2.0,0.0,3.0
202001001059,9.0,1.0,3.0,2.0,3.0,5.0,1.0,2.0
202001001066,9.0,1.0,2.0,1.0,1.0,1.0,1.0,3.0
202001001284,5.0,3.0,2.0,2.0,2.0,2.0,,4.0
202001001304,4.0,2.0,3.0,1.0,1.0,1.0,1.0,3.0
202001001308,1.0,2.0,2.0,2.0,1.0,1.0,0.0,5.0
202001001334,4.0,1.0,4.0,2.0,1.0,1.0,0.0,5.0
202001001364,8.0,3.0,3.0,2.0,1.0,1.0,0.0,5.0
202001001391,1.0,3.0,4.0,1.0,1.0,1.0,,5.0
202001001393,9.0,2.0,3.0,1.0,2.0,2.0,1.0,5.0
202001001522,4.0,2.0,3.0,1.0,1.0,1.0,0.0,4.0
202001001641,3.0,3.0,3.0,2.0,1.0,3.0,,5.0
202001001661,2.0,1.0,1.0,2.0,1.0,3.0,1.0,4.0
202001001670,9.0,2.0,1.0,1.0,1.0,1.0,1.0,2.0
202001001709,2.0,3.0,2.0,1.0,1.0,3.0,,3.0
202001001715,9.0,1.0,4.0,1.0,1.0,1.0,0.0,3.0
202001001848,4.0,3.0,2.0,1.0,1.0,1.0,0.0,3.0
202001001973,2.0,2.0,4.0,1.0,1.0,1.0,1.0,4.0
202001002010,9.0,1.0,2.0,1.0,3.0,5.0,1.0,3.0
202001002024,9.0,2.0,2.0,1.0,1.0,1.0,1.0,5.0
202001002054,9.0,1.0,3.0,2.0,1.0,1.0,0.0,4.0
202001002055,9.0,3.0,2.0,2.0,2.0,2.0,1.0,2.0
202001002076,4.0,3.0,2.0,1.0,5.0,3.0,,4.0
202001002088,,3.0,2.0,2.0,1.0,3.0,,5.0
202001002224,6.0,3.0,2.0,1.0,1.0,3.0,1.0,2.0
202001002255,9.0,1.0,4.0,2.0,2.0,2.0,1.0,4.0
202001002271,9.0,1.0,3.0,2.0,1.0,1.0,1.0,3.0
202001002288,6.0,3.0,4.0,2.0,2.0,2.0,0.0,3.0
202001002304,9.0,1.0,3.0,1.0,1.0,1.0,1.0,3.0
202001002355,7.0,2.0,4.0,1.0,1.0,1.0,,3.0
202001002411,9.0,2.0,4.0,1.0,1.0,1.0,0.0,2.0
202001002511,4.0,3.0,3.0,2.0,1.0,1.0,0.0,3.0
202001002520,1.0,3.0,2.0,2.0,5.0,3.0,,5.0
202001002592,3.0,1.0,1.0,1.0,5.0,3.0,0.0,2.0
202001002642,5.0,3.0,2.0,1.0,2.0,2.0,0.0,2.0
202001002692,6.0,1.0,2.0,2.0,3.0,5.0,0.0,2.0
202001002790,9.0,1.0,1.0,1.0,4.0,4.0,1.0,3.0
202001002870,9.0,1.0,3.0,2.0,3.0,5.0,0.0,4.0
202001002876,4.0,2.0,1.0,1.0,1.0,1.0,1.0,3.0
202001002900,9.0,2.0,2.0,1.0,2.0,2.0,1.0,5.0
202001002919,5.0,2.0,2.0,2.0,2.0,2.0,1.0,5.0
202001002954,9.0,1.0,3.0,1.0,1.0,1.0,1.0,2.0
202001003024,5.0,1.0,2.0,1.0,1.0,3.0,1.0,2.0
202001003093,9.0,1.0,4.0,1.0,1.0,3.0,0.0,2.0
202001003105,1.0,,4.0,1.0,1.0,1.0,0.0,5.0
202001003166,1.0,3.0,2.0,2.0,1.0,3.0,1.0,2.0
202001003178,3.0,2.0,3.0,1.0,2.0,2.0,,4.0
202001003187,9.0,1.0,3.0,2.0,2.0,2.0,1.0,1.0
202001003301,9.0,1.0,2.0,2.0,1.0,1.0,1.0,2.0
202001003326,8.0,1.0,2.0,1.0,1.0,1.0,1.0,3.0
202001003343,3.0,2.0,4.0,1.0,1.0,1.0,,3.0
202001003397,1.0,3.0,3.0,2.0,1.0,1.0,,5.0
202001003407,1.0,2.0,2.0,2.0,1.0,1.0,1.0,2.0
202001003409,5.0,1.0,1.0,2.0,1.0,1.0,1.0,2.0
202001003441,3.0,1.0,2.0,2.0,1.0,1.0,1.0,2.0
202001003555,4.0,3.0,2.0,1.0,1.0,1.0,1.0,1.0
202001003754,,1.0,4.0,2.0,1.0,1.0,0.0,5.0
202001003773,7.0,3.0,1.0,1.0,1.0,1.0,0.0,5.0
202001003796,9.0,3.0,3.0,2.0,1.0,1.0,1.0,2.0
202001003809,3.0,2.0,4.0,2.0,1.0,1.0,,5.0
202001003823,9.0,1.0,4.0,1.0,1.0,1.0,0.0,3.0
202001003922,8.0,3.0,4.0,2.0,3.0,5.0,1.0,4.0
202001003936,9.0,2.0,1.0,1.0,1.0,3.0,1.0,4.0
202001003985,5.0,1.0,3.0,2.0,2.0,2.0,0.0,5.0
202001004011,9.0,1.0,1.0,1.0,1.0,1.0,1.0,2.0
202001004060,1.0,2.0,1.0,2.0,1.0,1.0,0.0,4.0
202001004129,6.0,3.0,2.0,1.0,1.0,1.0,0.0,5.0
202001004168,1.0,2.0,4.0,2.0,1.0,3.0,,5.0
202001004198,7.0,2.0,3.0,1.0,2.0,2.0,1.0,4.0
202001004281,5.0,1.0,2.0,1.0,,3.0,1.0,3.0
202001004307,1.0,3.0,4.0,1.0,1.0,3.0,,5.0
202001004341,9.0,3.0,2.0,1.0,1.0,1.0,0.0,4.0
202001004354,,3.0,4.0,2.0,1.0,1.0,0.0,5.0
202001004422,1.0,3.0,2.0,1.0,1.0,1.0,,4.0
202001004424,9.0,1.0,2.0,1.0,1.0,1.0,1.0,5.0
202001004655,3.0,3.0,2.0,1.0,4.0,4.0,,5.0
202001004766,5.0,1.0,4.0,2.0,1.0,1.0,0.0,4.0
202001004781,8.0,2.0,2.0,2.0,1.0,1.0,,5.0
202001004837,9.0,2.0,4.0,1.0,1.0,3.0,0.0,5.0
202001004842,7.0,3.0,4.0,1.0,1.0,1.0,0.0,5.0
202001004884,9.0,2.0,3.0,2.0,1.0,1.0,0.0,5.0
202001004894,3.0,2.0,1.0,2.0,1.0,1.0,0.0,5.0
202001004977,6.0,1.0,2.0,2.0,1.0,1.0,0.0,4.0
202001005066,5.0,3.0,2.0,1.0,1.0,1.0,0.0,5.0
202001005177,6.0,1.0,1.0,1.0,1.0,3.0,1.0,2.0
202001005303,5.0,1.0,2.0,2.0,1.0,3.0,,5.0
202001005306,2.0,2.0,2.0,2.0,1.0,1.0,0.0,5.0
202001005363,9.0,1.0,4.0,1.0,1.0,1.0,0.0,2.0
202001005395,2.0,2.0,4.0,2.0,1.0,1.0,,5.0
202001005418,8.0,1.0,4.0,2.0,1.0,1.0,0.0,5.0
202001005419,1.0,3.0,3.0,1.0,1.0,1.0,0.0,5.0
202001005441,2.0,3.0,2.0,2.0,1.0,3.0,,5.0
202001005449,,3.0,2.0,2.0,4.0,3.0,0.0,4.0
202001005474,9.0,1.0,2.0,2.0,2.0,2.0,0.0,2.0
202001005485,1.0,2.0,2.0,2.0,1.0,1.0,,5.0
202001005496,6.0,1.0,2.0,2.0,1.0,1.0,1.0,2.0
202001005511,9.0,1.0,3.0,1.0,3.0,5.0,0.0,5.0
202001005528,2.0,3.0,2.0,2.0,5.0,3.0,0.0,5.0
202001005587,9.0,1.0,2.0,1.0,1.0,1.0,0.0,5.0
202001005593,9.0,1.0,2.0,2.0,1.0,1.0,1.0,2.0
202001005594,8.0,1.0,2.0,2.0,3.0,5.0,1.0,2.0
202001005628,9.0,1.0,2.0,1.0,1.0,1.0,0.0,5.0
202001005641,4.0,3.0,4.0,2.0,1.0,1.0,,5.0
202001005671,9.0,1.0,2.0,1.0,1.0,1.0,1.0,3.0
202001005770,9.0,2.0,1.0,2.0,1.0,1.0,1.0,2.0
202001005804,2.0,2.0,4.0,2.0,1.0,1.0,0.0,2.0
202001005878,4.0,2.0,2.0,2.0,1.0,1.0,0.0,3.0
202001005882,6.0,1.0,1.0,2.0,3.0,5.0,1.0,3.0
202001005904,9.0,1.0,2.0,2.0,3.0,5.0,0.0,2.0
202001005972,8.0,1.0,2.0,2.0,1.0,1.0,,5.0
202001005989,6.0,2.0,2.0,2.0,1.0,1.0,,2.0
202001006112,9.0,2.0,4.0,2.0,1.0,1.0,,5.0
202001006139,2.0,3.0,2.0,1.0,2.0,2.0,,5.0
202001006159,7.0,3.0,4.0,1.0,1.0,1.0,,5.0
202001006193,2.0,2.0,4.0,2.0,1.0,1.0,0.0,5.0
202001006217,7.0,2.0,4.0,1.0,1.0,1.0,0.0,5.0
202001006232,9.0,1.0,4.0,1.0,1.0,1.0,,3.0
202001006271,3.0,1.0,3.0,2.0,2.0,2.0,,5.0
202001006300,9.0,1.0,3.0,2.0,1.0,1.0,,5.0
202001006338,9.0,2.0,3.0,1.0,1.0,3.0,1.0,2.0
202001006355,3.0,3.0,4.0,1.0,1.0,1.0,0.0,5.0
202001006356,5.0,3.0,4.0,2.0,1.0,1.0,,5.0
202001006366,1.0,3.0,1.0,1.0,1.0,3.0,1.0,2.0
202001006385,9.0,3.0,3.0,2.0,1.0,1.0,,5.0
202001006413,7.0,1.0,4.0,1.0,2.0,2.0,0.0,5.0
202001006440,3.0,1.0,4.0,2.0,1.0,1.0,0.0,4.0
202001006465,9.0,3.0,2.0,1.0,1.0,1.0,0.0,2.0
202001006548,5.0,1.0,4.0,1.0,1.0,1.0,,5.0
202001006555,9.0,1.0,2.0,2.0,1.0,1.0,0.0,4.0
202001006559,5.0,3.0,2.0,2.0,1.0,1.0,0.0,5.0
202001006581,6.0,2.0,1.0,2.0,1.0,1.0,,5.0
202001006631,5.0,1.0,1.0,2.0,1.0,1.0,,5.0
202001006658,7.0,1.0,4.0,2.0,1.0,1.0,,5.0
202001006724,4.0,2.0,4.0,2.0,5.0,4.0,,4.0
202001006738,6.0,1.0,4.0,1.0,1.0,1.0,1.0,3.0
202001006740,2.0,3.0,1.0,2.0,1.0,1.0,0.0,5.0
202001006784,3.0,2.0,4.0,2.0,2.0,2.0,,3.0
202001006793,1.0,3.0,2.0,2.0,4.0,4.0,1.0,1.0
202001006888,9.0,2.0,1.0,1.0,1.0,1.0,1.0,4.0
202001006910,9.0,2.0,3.0,1.0,1.0,1.0,1.0,5.0
202001006934,9.0,2.0,1.0,2.0,1.0,1.0,1.0,4.0
202001006997,9.0,3.0,2.0,2.0,1.0,1.0,1.0,3.0
202001007037,,3.0,3.0,2.0,5.0,3.0,,5.0
202001007039,9.0,1.0,2.0,1.0,4.0,4.0,0.0,2.0
202001007089,5.0,2.0,2.0,2.0,2.0,2.0,0.0,5.0
202001007117,3.0,3.0,1.0,1.0,5.0,3.0,,3.0
202001007144,6.0,2.0,4.0,1.0,5.0,3.0,1.0,4.0
202001007175,2.0,2.0,1.0,2.0,1.0,3.0,,5.0
202001007237,9.0,1.0,2.0,2.0,1.0,1.0,0.0,2.0
202001007275,3.0,2.0,3.0,2.0,1.0,1.0,1.0,1.0
202001007315,1.0,3.0,3.0,1.0,1.0,1.0,0.0,2.0
202001007323,8.0,3.0,3.0,1.0,1.0,3.0,0.0,4.0
202001007324,8.0,2.0,2.0,2.0,1.0,1.0,0.0,1.0
202001007336,,3.0,4.0,2.0,1.0,1.0,1.0,2.0
202001007376,9.0,3.0,2.0,1.0,1.0,1.0,0.0,2.0
202001007381,9.0,1.0,4.0,2.0,1.0,3.0,1.0,2.0
202001007403,4.0,2.0,2.0,2.0,1.0,1.0,0.0,5.0
202001007410,1.0,3.0,2.0,2.0,1.0,1.0,0.0,5.0
202001007419,,1.0,4.0,2.0,1.0,1.0,0.0,5.0
202001007648,9.0,3.0,3.0,1.0,1.0,1.0,1.0,4.0
202001007718,9.0,1.0,3.0,1.0,1.0,1.0,1.0,2.0
202001007770,4.0,2.0,3.0,2.0,5.0,3.0,0.0,5.0
202001007825,2.0,2.0,1.0,2.0,1.0,1.0,,5.0
202001007826,,3.0,1.0,2.0,1.0,1.0,0.0,3.0
202001007844,7.0,1.0,2.0,2.0,1.0,1.0,,5.0
202001007927,9.0,1.0,3.0,2.0,1.0,1.0,,3.0
202001008005,9.0,1.0,3.0,1.0,2.0,2.0,0.0,5.0
202001008013,9.0,1.0,4.0,2.0,1.0,1.0,,5.0
202001008030,8.0,2.0,2.0,2.0,1.0,3.0,,5.0
202001008071,9.0,2.0,2.0,1.0,1.0,1.0,1.0,2.0
202001008126,8.0,3.0,3.0,1.0,1.0,1.0,0.0,4.0
202001008160,2.0,3.0,4.0,2.0,1.0,1.0,,3.0
202001008210,1.0,1.0,4.0,1.0,2.0,2.0,,5.0
202001008299,3.0,2.0,2.0,2.0,2.0,2.0,1.0,2.0
202001008302,1.0,1.0,1.0,2.0,5.0,3.0,1.0,5.0
202001008414,6.0,2.0,3.0,1.0,5.0,4.0,1.0,3.0
202001008421,4.0,2.0,3.0,1.0,4.0,3.0,0.0,5.0
202001008428,4.0,2.0,1.0,2.0,1.0,1.0,1.0,5.0
202001008451,3.0,3.0,3.0,1.0,3.0,5.0,1.0,4.0
202001008452,5.0,3.0,2.0,1.0,1.0,1.0,0.0,5.0
202001008459,9.0,1.0,2.0,1.0,1.0,1.0,1.0,2.0
202001008468,2.0,1.0,1.0,2.0,1.0,1.0,1.0,4.0
202001008487,2.0,1.0,1.0,2.0,1.0,1.0,0.0,2.0
202001008512,3.0,2.0,2.0,2.0,1.0,3.0,1.0,5.0
202001008559,1.0,2.0,3.0,2.0,1.0,1.0,,4.0
202001008563,9.0,1.0,2.0,2.0,1.0,1.0,1.0,2.0
202001008676,9.0,1.0,2.0,1.0,1.0,1.0,1.0,4.0
202001008685,2.0,2.0,3.0,2.0,3.0,5.0,0.0,3.0
202001008709,9.0,1.0,2.0,1.0,1.0,1.0,1.0,3.0
202001008797,9.0,1.0,4.0,1.0,1.0,1.0,0.0,2.0
202001008931,9.0,2.0,1.0,2.0,3.0,5.0,1.0,2.0
202001009044,9.0,2.0,2.0,1.0,1.0,1.0,1.0,5.0
202001009050,9.0,1.0,3.0,2.0,3.0,5.0,1.0,4.0
202001009094,5.0,1.0,3.0,1.0,5.0,3.0,1.0,2.0
202001009155,1.0,2.0,3.0,2.0,1.0,1.0,0.0,5.0
202001009174,9.0,1.0,4.0,1.0,1.0,1.0,0.0,2.0
202001009208,9.0,1.0,3.0,2.0,3.0,5.0,,5.0
202001009245,1.0,1.0,3.0,1.0,4.0,3.0,0.0,4.0
202001009417,6.0,2.0,2.0,2.0,1.0,3.0,1.0,3.0
202001009420,9.0,1.0,3.0,1.0,3.0,5.0,0.0,2.0
202001009444,1.0,1.0,3.0,1.0,1.0,1.0,0.0,4.0
202001009470,9.0,1.0,3.0,2.0,1.0,1.0,0.0,5.0
202001009560,2.0,1.0,4.0,2.0,1.0,1.0,,2.0
202001009561,8.0,2.0,4.0,2.0,1.0,1.0,0.0,5.0
202001009571,,3.0,3.0,2.0,1.0,1.0,,5.0
202001009635,9.0,1.0,3.0,1.0,1.0,1.0,1.0,2.0
202001009647,1.0,3.0,3.0,1.0,2.0,2.0,,5.0
202001009665,1.0,3.0,4.0,2.0,1.0,1.0,0.0,5.0
202001009695,3.0,3.0,4.0,1.0,1.0,1.0,,5.0
202001009790,,2.0,4.0,1.0,1.0,1.0,,5.0
202001009842,9.0,1.0,3.0,2.0,1.0,1.0,0.0,5.0
202001009844,9.0,1.0,2.0,2.0,1.0,1.0,0.0,2.0
202001009896,3.0,3.0,3.0,1.0,1.0,3.0,1.0,4.0
202001009902,9.0,1.0,3.0,2.0,1.0,1.0,1.0,2.0
202001010060,4.0,3.0,3.0,2.0,1.0,1.0,0.0,5.0
202001010202,6.0,1.0,3.0,1.0,3.0,5.0,1.0,5.0
202001010220,9.0,3.0,2.0,2.0,1.0,1.0,1.0,2.0
202001010248,,3.0,4.0,2.0,2.0,2.0,,5.0
202001010265,9.0,1.0,3.0,1.0,2.0,2.0,,4.0
202001010274,5.0,2.0,1.0,2.0,1.0,1.0,0.0,5.0
202001010451,5.0,3.0,1.0,1.0,4.0,4.0,0.0,2.0
202001010459,9.0,1.0,4.0,2.0,3.0,5.0,0.0,5.0
202001010474,2.0,1.0,3.0,1.0,5.0,3.0,,4.0
202001010532,1.0,2.0,3.0,2.0,1.0,1.0,1.0,4.0
202001010562,9.0,2.0,4.0,2.0,1.0,1.0,,2.0
202001010589,1.0,2.0,3.0,2.0,5.0,3.0,,5.0
202001010681,9.0,1.0,2.0,1.0,1.0,1.0,0.0,5.0
202001010764,6.0,1.0,1.0,2.0,1.0,1.0,1.0,4.0
202001010828,2.0,2.0,4.0,1.0,1.0,1.0,0.0,4.0
202001010897,9.0,1.0,2.0,2.0,1.0,1.0,,3.0
202001010902,2.0,2.0,4.0,1.0,1.0,1.0,1.0,2.0
202001010913,9.0,2.0,3.0,2.0,1.0,1.0,0.0,2.0
202001010953,5.0,3.0,3.0,1.0,1.0,1.0,0.0,2.0
202001010975,4.0,1.0,4.0,2.0,1.0,1.0,0.0,2.0
202001010978,5.0,2.0,3.0,2.0,2.0,3.0,0.0,4.0
202001011002,9.0,1.0,1.0,1.0,1.0,1.0,1.0,2.0
202001011004,9.0,2.0,3.0,2.0,1.0,1.0,,5.0
202001011133,6.0,2.0,3.0,2.0,1.0,1.0,0.0,3.0
202001011191,9.0,1.0,4.0,1.0,1.0,1.0,1.0,5.0
202001011351,1.0,2.0,1.0,2.0,4.0,3.0,1.0,3.0
202001011474,6.0,2.0,2.0,1.0,1.0,1.0,1.0,5.0
202001011744,9.0,1.0,2.0,1.0,1.0,1.0,1.0,3.0
202001011784,2.0,3.0,4.0,1.0,2.0,2.0,,5.0
202001011843,7.0,1.0,2.0,2.0,3.0,5.0,1.0,2.0
202001011866,6.0,1.0,2.0,1.0,1.0,1.0,1.0,3.0
202001011902,3.0,2.0,2.0,2.0,1.0,3.0,1.0,2.0
202001011912,1.0,3.0,1.0,2.0,1.0,1.0,0.0,4.0
202001011930,4.0,3.0,3.0,1.0,1.0,1.0,,5.0
202001011951,1.0,3.0,1.0,2.0,1.0,1.0,,2.0
202001011968,9.0,1.0,1.0,2.0,3.0,5.0,1.0,3.0
202001011982,9.0,2.0,3.0,1.0,1.0,3.0,1.0,3.0
202001012099,9.0,3.0,2.0,1.0,1.0,1.0,0.0,2.0
202001012149,5.0,1.0,3.0,2.0,1.0,3.0,1.0,1.0
202001012198,9.0,1.0,1.0,1.0,1.0,1.0,1.0,3.0
202001012226,9.0,1.0,2.0,1.0,1.0,3.0,1.0,2.0
202001012248,9.0,1.0,3.0,1.0,1.0,1.0,0.0,5.0
202001012274,5.0,2.0,2.0,2.0,5.0,3.0,1.0,3.0
202001012404,3.0,1.0,3.0,2.0,1.0,1.0,0.0,2.0
202001012492,2.0,2.0,4.0,2.0,2.0,2.0,,5.0
202001012519,6.0,1.0,3.0,1.0,1.0,1.0,,5.0
202001012521,5.0,2.0,4.0,2.0,1.0,1.0,,4.0
202001012587,9.0,1.0,4.0,1.0,1.0,1.0,0.0,5.0
202001012656,1.0,3.0,3.0,1.0,,3.0,,4.0
202001012710,9.0,1.0,3.0,1.0,1.0,1.0,1.0,3.0
202001012769,9.0,2.0,3.0,2.0,1.0,1.0,,4.0
202001012798,9.0,1.0,2.0,2.0,3.0,5.0,1.0,5.0
202001012840,8.0,2.0,3.0,2.0,1.0,3.0,,5.0
202001012886,9.0,2.0,2.0,1.0,1.0,1.0,1.0,5.0
202001012905,1.0,2.0,2.0,2.0,4.0,4.0,0.0,5.0
202001012930,9.0,2.0,4.0,2.0,1.0,1.0,0.0,2.0
202001012944,9.0,3.0,3.0,1.0,1.0,1.0,0.0,5.0
202001013004,2.0,1.0,3.0,1.0,1.0,1.0,0.0,5.0
202001013044,3.0,3.0,1.0,2.0,1.0,1.0,1.0,4.0
202001013156,5.0,2.0,2.0,1.0,1.0,1.0,,5.0
202001013202,7.0,1.0,4.0,2.0,1.0,1.0,0.0,4.0
202001013212,2.0,1.0,4.0,1.0,1.0,1.0,,5.0
202001013221,3.0,1.0,3.0,2.0,1.0,1.0,0.0,2.0
202001013225,3.0,3.0,2.0,1.0,1.0,3.0,0.0,2.0
202001013237,5.0,2.0,1.0,1.0,1.0,3.0,0.0,5.0
202001013255,4.0,3.0,1.0,2.0,1.0,1.0,0.0,5.0
202001013338,6.0,3.0,4.0,1.0,1.0,1.0,,5.0
202001013414,5.0,1.0,2.0,1.0,1.0,1.0,0.0,4.0
202001013446,6.0,3.0,2.0,1.0,,,,4.0
202001013519,9.0,1.0,2.0,1.0,4.0,3.0,1.0,2.0
202001013572,1.0,3.0,4.0,2.0,1.0,1.0,,3.0
202001013617,9.0,1.0,3.0,1.0,1.0,1.0,0.0,3.0
202001013627,9.0,1.0,4.0,1.0,2.0,2.0,0.0,4.0
202001013703,1.0,2.0,1.0,2.0,4.0,4.0,0.0,3.0
202001013741,3.0,2.0,2.0,1.0,4.0,4.0,0.0,4.0
202001013768,9.0,1.0,3.0,2.0,3.0,5.0,0.0,2.0
202001013804,8.0,3.0,3.0,1.0,1.0,1.0,0.0,5.0
202001013840,2.0,3.0,2.0,2.0,1.0,1.0,,5.0
202001013884,8.0,1.0,2.0,2.0,1.0,1.0,0.0,3.0
202001013897,1.0,3.0,3.0,1.0,1.0,1.0,1.0,1.0
202001013900,6.0,2.0,4.0,1.0,1.0,3.0,0.0,5.0
202001013906,9.0,2.0,4.0,2.0,1.0,1.0,,4.0
202001013909,2.0,2.0,2.0,2.0,1.0,3.0,,5.0
202001013957,2.0,3.0,2.0,2.0,1.0,1.0,,5.0
202001014026,6.0,1.0,3.0,2.0,2.0,2.0,,5.0
202001014060,1.0,3.0,4.0,2.0,1.0,1.0,,5.0
202001014065,9.0,2.0,2.0,2.0,1.0,1.0,0.0,5.0
202001014147,9.0,1.0,2.0,1.0,3.0,5.0,0.0,1.0
202001014174,2.0,1.0,4.0,2.0,1.0,1.0,,5.0
202001014178,,2.0,3.0,1.0,1.0,1.0,0.0,5.0
202001014218,8.0,3.0,4.0,2.0,1.0,1.0,,5.0
202001014372,9.0,2.0,1.0,1.0,1.0,1.0,1.0,4.0
202001014556,9.0,1.0,3.0,2.0,1.0,1.0,1.0,3.0
202001014558,6.0,3.0,4.0,1.0,1.0,1.0,,5.0
202001014638,3.0,2.0,4.0,2.0,1.0,1.0,,3.0
202001014654,,1.0,4.0,2.0,1.0,1.0,,5.0
202001014852,9.0,2.0,4.0,2.0,1.0,1.0,1.0,5.0
202001014868,4.0,2.0,1.0,2.0,1.0,1.0,0.0,5.0
202001014943,9.0,1.0,2.0,1.0,3.0,5.0,1.0,5.0
202001014960,4.0,2.0,2.0,1.0,1.0,3.0,0.0,4.0
202001014985,9.0,2.0,2.0,2.0,2.0,2.0,,4.0
202001015086,5.0,1.0,4.0,2.0,1.0,1.0,,5.0
202001015174,9.0,1.0,4.0,1.0,2.0,2.0,0.0,3.0
202001015264,9.0,1.0,2.0,1.0,1.0,1.0,1.0,2.0
202001015267,1.0,3.0,4.0,2.0,1.0,1.0,,5.0
202001015282,6.0,3.0,3.0,2.0,1.0,1.0,0.0,4.0
202001015325,4.0,3.0,3.0,2.0,1.0,3.0,0.0,5.0
202001015329,,1.0,4.0,1.0,1.0,1.0,,2.0
202001015376,8.0,3.0,4.0,1.0,1.0,1.0,0.0,4.0
202001015409,8.0,1.0,4.0,1.0,1.0,1.0,1.0,2.0
202001015424,,3.0,1.0,2.0,1.0,3.0,0.0,5.0
202001015441,9.0,1.0,2.0,1.0,5.0,3.0,0.0,4.0
202001015469,3.0,1.0,2.0,2.0,3.0,5.0,0.0,5.0
202001015475,2.0,3.0,2.0,2.0,1.0,3.0,,4.0
202001015486,2.0,1.0,2.0,1.0,5.0,3.0,1.0,3.0
202001015498,1.0,1.0,2.0,2.0,2.0,2.0,1.0,2.0
202001015552,1.0,3.0,2.0,1.0,2.0,2.0,0.0,4.0
202001015566,1.0,1.0,2.0,2.0,1.0,1.0,0.0,2.0
202001015598,1.0,3.0,3.0,2.0,1.0,1.0,1.0,3.0
202001015627,9.0,2.0,2.0,2.0,1.0,1.0,0.0,2.0
202001015632,7.0,3.0,3.0,2.0,1.0,1.0,0.0,4.0
202001015650,2.0,2.0,2.0,2.0,4.0,4.0,1.0,2.0
202001015651,9.0,1.0,4.0,1.0,1.0,1.0,0.0,5.0
202001015696,9.0,1.0,4.0,1.0,1.0,1.0,1.0,4.0
202001015704,9.0,1.0,4.0,2.0,1.0,1.0,0.0,5.0
202001015719,9.0,3.0,2.0,1.0,4.0,3.0,0.0,5.0
202001015720,9.0,2.0,3.0,2.0,4.0,3.0,1.0,2.0
202001015756,5.0,3.0,3.0,1.0,1.0,1.0,,5.0
202001015760,9.0,2.0,3.0,2.0,1.0,1.0,0.0,5.0
202001015886,9.0,1.0,3.0,1.0,1.0,1.0,0.0,5.0
202001015919,3.0,2.0,3.0,1.0,1.0,3.0,0.0,5.0
202001015925,6.0,2.0,3.0,2.0,1.0,1.0,,5.0
202001015974,3.0,3.0,2.0,2.0,5.0,3.0,,5.0
202001016000,9.0,1.0,2.0,2.0,4.0,4.0,0.0,2.0
202001016082,1.0,2.0,2.0,1.0,1.0,1.0,1.0,3.0
202001016089,9.0,2.0,1.0,1.0,3.0,5.0,1.0,2.0
202001016152,1.0,2.0,4.0,2.0,1.0,1.0,0.0,2.0
202001016204,7.0,2.0,2.0,2.0,1.0,1.0,0.0,5.0
202001016257,9.0,1.0,2.0,1.0,1.0,1.0,1.0,2.0
202001016302,9.0,1.0,2.0,1.0,1.0,1.0,1.0,4.0
202001016386,,1.0,3.0,1.0,1.0,1.0,0.0,4.0
202001016416,6.0,1.0,1.0,1.0,1.0,1.0,0.0,5.0
202001016427,,1.0,3.0,2.0,3.0,5.0,0.0,2.0
202001016443,3.0,1.0,1.0,1.0,1.0,3.0,1.0,2.0
202001016448,9.0,1.0,3.0,1.0,1.0,1.0,1.0,1.0
202001016581,,3.0,4.0,2.0,1.0,1.0,0.0,5.0
202001016602,,1.0,1.0,1.0,1.0,1.0,1.0,1.0
202001016620,9.0,1.0,2.0,1.0,1.0,1.0,0.0,5.0
202001016626,,1.0,4.0,,1.0,1.0,1.0,4.0
202001016682,9.0,1.0,2.0,1.0,1.0,1.0,1.0,1.0
202001016765,1.0,3.0,2.0,2.0,,3.0,,2.0
202001016770,,2.0,2.0,1.0,5.0,3.0,1.0,2.0
202001016811,9.0,1.0,3.0,2.0,1.0,1.0,1.0,5.0
202001016848,9.0,2.0,3.0,1.0,1.0,1.0,0.0,4.0
202001016910,9.0,1.0,4.0,2.0,1.0,1.0,0.0,5.0
202001016922,7.0,2.0,3.0,1.0,1.0,1.0,0.0,4.0
202001016971,7.0,1.0,3.0,2.0,1.0,3.0,0.0,3.0
202001016986,9.0,2.0,1.0,1.0,1.0,3.0,1.0,4.0
202001017071,8.0,2.0,4.0,2.0,1.0,1.0,,2.0
202001017095,1.0,2.0,2.0,2.0,1.0,1.0,,3.0
202001017106,1.0,2.0,1.0,2.0,1.0,1.0,0.0,1.0
202001017138,5.0,3.0,1.0,2.0,1.0,3.0,,5.0
202001017145,4.0,2.0,4.0,2.0,1.0,1.0,,5.0
202001017170,9.0,2.0,3.0,2.0,1.0,1.0,0.0,5.0
202001017265,5.0,2.0,2.0,2.0,1.0,3.0,1.0,3.0
202001017409,1.0,3.0,3.0,1.0,1.0,1.0,,5.0
202001017476,5.0,3.0,3.0,1.0,1.0,1.0,0.0,5.0
202001017542,8.0,3.0,2.0,2.0,1.0,1.0,0.0,3.0
202001017564,9.0,1.0,2.0,2.0,1.0,1.0,,4.0
202001017574,7.0,2.0,2.0,2.0,1.0,1.0,0.0,3.0
202001017588,4.0,1.0,2.0,2.0,2.0,2.0,,5.0
202001017618,9.0,1.0,4.0,1.0,1.0,1.0,0.0,2.0
202001017629,9.0,2.0,2.0,1.0,1.0,1.0,0.0,2.0
202001017640,7.0,3.0,2.0,2.0,1.0,1.0,,5.0
202001017698,6.0,2.0,2.0,1.0,3.0,5.0,0.0,5.0
202001017738,1.0,3.0,4.0,2.0,2.0,2.0,0.0,5.0
202001017790,9.0,3.0,3.0,2.0,1.0,1.0,,5.0
202001017839,9.0,1.0,3.0,1.0,1.0,3.0,0.0,2.0
202001017911,5.0,1.0,4.0,1.0,,,,2.0
202001017921,5.0,1.0,1.0,2.0,1.0,1.0,1.0,2.0
202001017959,9.0,2.0,2.0,1.0,3.0,5.0,1.0,2.0
202001017980,4.0,2.0,2.0,2.0,1.0,1.0,0.0,4.0
202001018025,9.0,2.0,3.0,1.0,1.0,3.0,0.0,2.0
202001018030,6.0,1.0,4.0,1.0,1.0,1.0,,5.0
202001018117,4.0,1.0,2.0,1.0,1.0,1.0,0.0,4.0
202001018179,9.0,1.0,2.0,2.0,1.0,1.0,1.0,5.0
202001018203,1.0,3.0,2.0,2.0,1.0,1.0,,5.0
202001018249,,1.0,4.0,1.0,1.0,1.0,0.0,5.0
202001018294,9.0,1.0,3.0,1.0,4.0,3.0,0.0,3.0
202001018325,9.0,1.0,4.0,1.0,1.0,1.0,1.0,2.0
202001018406,8.0,2.0,2.0,2.0,1.0,1.0,,4.0
202001018410,4.0,3.0,2.0,1.0,1.0,1.0,1.0,2.0
202001018423,2.0,2.0,4.0,1.0,1.0,1.0,0.0,5.0
202001018439,9.0,1.0,2.0,2.0,1.0,1.0,0.0,4.0
202001018449,9.0,2.0,3.0,1.0,5.0,3.0,0.0,2.0
202001018611,9.0,1.0,2.0,1.0,1.0,1.0,0.0,2.0
202001018649,,1.0,4.0,2.0,1.0,1.0,0.0,2.0
202001018757,4.0,2.0,1.0,2.0,4.0,4.0,1.0,4.0
202001018772,1.0,3.0,3.0,2.0,1.0,1.0,,2.0
202001018773,8.0,1.0,3.0,1.0,2.0,2.0,1.0,2.0
202001018810,7.0,1.0,2.0,1.0,1.0,1.0,1.0,3.0
202001018864,9.0,1.0,3.0,2.0,1.0,1.0,1.0,4.0
202001018867,9.0,2.0,2.0,2.0,1.0,1.0,0.0,5.0
202001018921,6.0,3.0,2.0,1.0,1.0,1.0,,5.0
202001018966,5.0,3.0,2.0,2.0,5.0,3.0,1.0,2.0
202001018984,9.0,1.0,3.0,1.0,3.0,5.0,1.0,2.0
202001018985,9.0,2.0,3.0,2.0,1.0,1.0,,3.0
202001018990,9.0,3.0,2.0,1.0,4.0,4.0,1.0,1.0
202001019028,5.0,1.0,2.0,2.0,2.0,2.0,,3.0
202001019037,9.0,1.0,4.0,1.0,1.0,1.0,,5.0
202001019103,9.0,1.0,2.0,1.0,1.0,1.0,1.0,2.0
202001019119,8.0,1.0,2.0,1.0,,3.0,,5.0
202001019127,6.0,1.0,3.0,2.0,1.0,1.0,0.0,2.0
202001019185,7.0,2.0,3.0,2.0,1.0,3.0,0.0,5.0
202001019209,9.0,1.0,2.0,2.0,1.0,1.0,1.0,5.0
202001019228,6.0,1.0,4.0,1.0,1.0,1.0,0.0,3.0
202001019242,1.0,3.0,2.0,2.0,1.0,3.0,0.0,5.0
202001019309,9.0,3.0,3.0,1.0,2.0,2.0,1.0,3.0
202001019449,4.0,1.0,2.0,2.0,1.0,3.0,1.0,3.0
202001019455,9.0,1.0,2.0,2.0,1.0,1.0,0.0,5.0
202001019458,2.0,1.0,3.0,2.0,2.0,2.0,1.0,3.0
202001019486,3.0,1.0,1.0,1.0,1.0,1.0,1.0,5.0
202001019524,5.0,2.0,3.0,1.0,1.0,1.0,0.0,5.0
202001019525,4.0,1.0,4.0,1.0,1.0,1.0,,2.0
202001019570,4.0,2.0,2.0,1.0,5.0,3.0,0.0,5.0
202001019666,,2.0,3.0,2.0,,,,5.0
202001019721,9.0,1.0,2.0,2.0,1.0,1.0,0.0,4.0
202001019727,9.0,2.0,3.0,2.0,1.0,1.0,1.0,5.0
202001019740,9.0,3.0,3.0,1.0,3.0,5.0,,3.0
202001019755,9.0,1.0,4.0,2.0,2.0,2.0,0.0,1.0
202001019814,9.0,2.0,3.0,2.0,1.0,1.0,,3.0
202001019834,8.0,1.0,2.0,1.0,4.0,3.0,0.0,5.0
202001019898,2.0,3.0,4.0,2.0,1.0,1.0,1.0,5.0
202001019996,9.0,2.0,1.0,1.0,5.0,3.0,1.0,5.0
202001020008,3.0,2.0,3.0,2.0,4.0,4.0,0.0,5.0
202001020088,,1.0,3.0,2.0,1.0,1.0,0.0,2.0
202001020102,9.0,1.0,3.0,2.0,1.0,3.0,1.0,2.0
202001020125,9.0,1.0,3.0,2.0,5.0,4.0,,5.0
202001020206,9.0,1.0,2.0,2.0,1.0,1.0,1.0,2.0
202001020236,9.0,1.0,2.0,1.0,3.0,5.0,0.0,2.0
202001020248,1.0,2.0,2.0,1.0,1.0,1.0,1.0,2.0
202001020264,1.0,2.0,4.0,2.0,1.0,1.0,0.0,5.0
202001020295,1.0,3.0,3.0,1.0,1.0,1.0,1.0,1.0
202001020346,9.0,1.0,3.0,1.0,1.0,1.0,1.0,5.0
202001020386,9.0,1.0,3.0,1.0,1.0,1.0,0.0,2.0
202001020430,6.0,2.0,2.0,1.0,1.0,1.0,0.0,2.0
202001020437,,2.0,3.0,2.0,1.0,1.0,0.0,5.0
202001020451,5.0,2.0,1.0,2.0,1.0,3.0,,5.0
202001020460,1.0,3.0,3.0,2.0,1.0,1.0,,4.0
202001020534,1.0,2.0,2.0,2.0,1.0,1.0,1.0,2.0
202001020542,8.0,3.0,3.0,2.0,1.0,1.0,1.0,4.0
202001020553,9.0,1.0,4.0,2.0,1.0,1.0,0.0,1.0
202001020573,2.0,3.0,2.0,2.0,1.0,3.0,,5.0
202001020602,3.0,2.0,3.0,2.0,2.0,2.0,,5.0
202001020662,5.0,2.0,3.0,2.0,1.0,3.0,,5.0
202001020712,3.0,2.0,4.0,2.0,1.0,1.0,0.0,2.0
202001020770,4.0,2.0,2.0,1.0,1.0,1.0,0.0,2.0
202001020805,9.0,1.0,2.0,2.0,1.0,1.0,1.0,5.0
202001020827,9.0,1.0,1.0,2.0,1.0,3.0,1.0,1.0
202001020881,2.0,2.0,2.0,1.0,1.0,3.0,1.0,2.0
202001020907,9.0,2.0,2.0,1.0,1.0,3.0,0.0,5.0
202001020909,8.0,1.0,3.0,2.0,1.0,1.0,1.0,5.0
202001020924,9.0,1.0,3.0,1.0,3.0,5.0,1.0,1.0
202001020958,5.0,2.0,4.0,2.0,4.0,4.0,,5.0
202001021024,5.0,2.0,2.0,2.0,3.0,5.0,1.0,4.0
202001021027,4.0,1.0,4.0,2.0,1.0,1.0,0.0,5.0
202001021038,,1.0,4.0,1.0,1.0,1.0,,5.0
202001021053,2.0,2.0,2.0,2.0,1.0,1.0,0.0,5.0
202001021084,9.0,1.0,2.0,2.0,1.0,1.0,1.0,2.0
202001021112,6.0,1.0,1.0,2.0,4.0,3.0,1.0,2.0
202001021203,8.0,1.0,2.0,2.0,1.0,1.0,1.0,5.0
202001021241,9.0,1.0,3.0,1.0,3.0,5.0,0.0,5.0
202001021297,6.0,2.0,4.0,2.0,1.0,1.0,0.0,2.0
202001021367,7.0,3.0,4.0,2.0,1.0,1.0,,5.0
202001021461,9.0,1.0,2.0,1.0,1.0,1.0,1.0,5.0
202001021479,5.0,1.0,1.0,2.0,5.0,3.0,,2.0
202001021483,9.0,3.0,3.0,1.0,1.0,1.0,0.0,5.0
202001021519,2.0,3.0,2.0,2.0,2.0,2.0,0.0,4.0
202001021532,2.0,1.0,1.0,2.0,1.0,1.0,1.0,1.0
202001021534,2.0,2.0,2.0,2.0,1.0,3.0,,4.0
202001021623,,2.0,3.0,2.0,1.0,1.0,0.0,5.0
202001021639,9.0,3.0,3.0,2.0,,3.0,,5.0
202001021674,9.0,2.0,2.0,1.0,2.0,2.0,,2.0
202001021696,7.0,1.0,3.0,2.0,1.0,3.0,1.0,5.0
202001021788,5.0,3.0,4.0,1.0,1.0,1.0,,5.0
202001021807,3.0,2.0,4.0,1.0,1.0,1.0,,2.0
202001021844,5.0,1.0,2.0,2.0,1.0,1.0,1.0,5.0
202001022008,6.0,1.0,4.0,1.0,1.0,1.0,,5.0
202001022024,7.0,2.0,2.0,2.0,1.0,1.0,1.0,4.0
202101000136,1.0,2.0,4.0,2.0,2.0,2.0,,5.0
202101000142,1.0,3.0,1.0,2.0,2.0,2.0,,5.0
202101000346,1.0,3.0,1.0,1.0,1.0,3.0,0.0,3.0
202101000366,1.0,3.0,2.0,2.0,5.0,3.0,0.0,5.0
202101000390,9.0,1.0,2.0,2.0,1.0,1.0,1.0,2.0
202101000425,,1.0,4.0,1.0,1.0,1.0,1.0,2.0
202101000431,1.0,3.0,4.0,1.0,1.0,1.0,,5.0
202101000450,8.0,2.0,1.0,1.0,,3.0,1.0,3.0
202101000648,5.0,2.0,4.0,1.0,2.0,2.0,,2.0
202101000677,9.0,2.0,3.0,2.0,1.0,1.0,0.0,3.0
202101000678,3.0,3.0,3.0,2.0,1.0,3.0,0.0,5.0
202101000693,6.0,2.0,1.0,1.0,1.0,1.0,1.0,5.0
202101000823,9.0,1.0,1.0,2.0,3.0,5.0,1.0,2.0
202101000909,1.0,3.0,4.0,1.0,1.0,1.0,,5.0
202101000936,9.0,1.0,2.0,1.0,4.0,4.0,,5.0
202101000965,6.0,3.0,4.0,1.0,1.0,1.0,0.0,2.0
202101000978,7.0,1.0,2.0,2.0,3.0,5.0,1.0,4.0
202101001039,1.0,3.0,4.0,1.0,1.0,1.0,1.0,1.0
202101001057,9.0,1.0,3.0,2.0,1.0,1.0,0.0,3.0
202101001260,1.0,2.0,2.0,2.0,5.0,3.0,,5.0
202101001346,5.0,3.0,2.0,1.0,1.0,1.0,0.0,5.0
202101001449,9.0,1.0,3.0,1.0,1.0,3.0,1.0,2.0
202101001664,7.0,1.0,2.0,2.0,3.0,5.0,1.0,3.0
202101001674,7.0,1.0,1.0,1.0,3.0,5.0,1.0,1.0
202101001815,9.0,1.0,3.0,2.0,1.0,1.0,1.0,2.0
202101001839,3.0,2.0,4.0,1.0,1.0,1.0,0.0,4.0
202101001873,6.0,1.0,3.0,2.0,1.0,1.0,1.0,1.0
202101002046,9.0,2.0,2.0,1.0,1.0,3.0,0.0,1.0
202101002084,4.0,2.0,1.0,2.0,4.0,3.0,1.0,5.0
202101002108,6.0,3.0,4.0,2.0,1.0,1.0,,5.0
202101002196,6.0,3.0,4.0,1.0,1.0,1.0,,3.0
202101002197,1.0,2.0,3.0,1.0,1.0,1.0,0.0,5.0
202101002377,9.0,1.0,1.0,1.0,1.0,1.0,1.0,2.0
202101002460,9.0,3.0,4.0,2.0,1.0,1.0,,4.0
202101002476,9.0,1.0,3.0,2.0,1.0,1.0,,3.0
202101002589,1.0,3.0,4.0,1.0,1.0,1.0,0.0,4.0
202101002684,8.0,2.0,4.0,1.0,1.0,1.0,0.0,4.0
202101002785,1.0,3.0,2.0,2.0,1.0,3.0,,5.0
202101002913,1.0,2.0,1.0,2.0,1.0,3.0,1.0,4.0
202101002931,9.0,1.0,2.0,2.0,1.0,1.0,0.0,4.0
202101002980,3.0,3.0,1.0,2.0,1.0,1.0,0.0,2.0
202101002987,8.0,2.0,2.0,1.0,1.0,1.0,1.0,4.0
202101003040,9.0,3.0,4.0,1.0,1.0,1.0,1.0,2.0
202101003126,9.0,1.0,2.0,2.0,1.0,1.0,1.0,3.0
202101003169,7.0,3.0,2.0,1.0,1.0,1.0,0.0,5.0
202101003175,2.0,1.0,1.0,1.0,1.0,1.0,1.0,2.0
202101003246,9.0,2.0,3.0,1.0,1.0,1.0,0.0,1.0
202101003301,2.0,2.0,1.0,2.0,3.0,3.0,0.0,3.0
202101003335,4.0,1.0,3.0,2.0,1.0,1.0,,2.0
202101003431,9.0,1.0,2.0,2.0,3.0,3.0,0.0,3.0
202101003435,8.0,1.0,2.0,2.0,1.0,1.0,0.0,2.0
202101003463,,1.0,2.0,2.0,1.0,1.0,0.0,2.0
202101003468,2.0,2.0,4.0,2.0,1.0,1.0,,5.0
202101003712,9.0,1.0,2.0,2.0,1.0,1.0,,5.0
202101003867,9.0,3.0,4.0,2.0,3.0,5.0,0.0,5.0
202101003917,9.0,2.0,3.0,1.0,1.0,1.0,0.0,4.0
202101003927,9.0,3.0,3.0,1.0,1.0,1.0,0.0,5.0
202101003973,9.0,1.0,1.0,1.0,1.0,1.0,1.0,2.0
202101004002,9.0,1.0,2.0,1.0,1.0,1.0,1.0,5.0
202101004167,5.0,3.0,4.0,1.0,1.0,1.0,,4.0
202101004203,3.0,1.0,4.0,1.0,1.0,3.0,1.0,5.0
202101004268,3.0,1.0,2.0,1.0,1.0,3.0,0.0,5.0
202101004308,6.0,3.0,2.0,2.0,1.0,1.0,1.0,4.0
202101004320,9.0,1.0,4.0,1.0,1.0,1.0,1.0,5.0
202101004418,4.0,1.0,2.0,2.0,1.0,3.0,0.0,2.0
202101004421,6.0,3.0,4.0,2.0,1.0,1.0,0.0,5.0
202101004425,9.0,1.0,2.0,2.0,3.0,5.0,1.0,5.0
202101004609,9.0,3.0,2.0,1.0,,,0.0,5.0
202101004665,6.0,2.0,4.0,2.0,1.0,1.0,1.0,5.0
202101004696,1.0,3.0,2.0,2.0,1.0,1.0,0.0,5.0
202101004779,7.0,3.0,3.0,1.0,1.0,1.0,0.0,3.0
202101004850,,3.0,3.0,2.0,1.0,1.0,0.0,2.0
202101004874,4.0,3.0,2.0,2.0,1.0,1.0,1.0,5.0
202101004918,9.0,3.0,3.0,1.0,1.0,1.0,1.0,4.0
202101004939,9.0,1.0,3.0,2.0,3.0,5.0,0.0,5.0
202101004978,2.0,3.0,3.0,2.0,,3.0,,5.0
202101005125,2.0,2.0,4.0,2.0,1.0,1.0,0.0,5.0
202101005173,5.0,1.0,2.0,2.0,1.0,1.0,,3.0
202101005218,3.0,3.0,4.0,2.0,1.0,1.0,,5.0
202101005227,9.0,1.0,3.0,2.0,1.0,1.0,0.0,2.0
202101005290,3.0,1.0,2.0,2.0,3.0,5.0,0.0,2.0
202101005349,,1.0,3.0,1.0,1.0,1.0,1.0,2.0
202101005357,8.0,3.0,2.0,1.0,1.0,1.0,,3.0
202101005362,6.0,3.0,3.0,1.0,1.0,1.0,,5.0
202101005380,6.0,3.0,4.0,2.0,1.0,1.0,0.0,5.0
202101005465,2.0,3.0,2.0,1.0,4.0,4.0,,5.0
202101005555,9.0,2.0,2.0,2.0,1.0,1.0,,2.0
202101005574,4.0,2.0,1.0,2.0,,3.0,0.0,4.0
202101005876,7.0,2.0,4.0,1.0,1.0,1.0,0.0,3.0
202101005955,9.0,2.0,3.0,1.0,1.0,1.0,0.0,3.0
202101005956,6.0,1.0,3.0,1.0,1.0,1.0,0.0,4.0
202101006028,1.0,2.0,4.0,2.0,1.0,1.0,,2.0
202101006160,2.0,3.0,2.0,2.0,5.0,3.0,,3.0
202101006166,2.0,1.0,2.0,2.0,1.0,1.0,0.0,2.0
202101006209,3.0,3.0,2.0,1.0,1.0,3.0,0.0,5.0
202101006391,9.0,1.0,4.0,2.0,1.0,1.0,1.0,2.0
202101006435,9.0,2.0,2.0,2.0,5.0,3.0,1.0,5.0
202101006490,1.0,2.0,1.0,1.0,3.0,5.0,1.0,4.0
202101006514,9.0,3.0,4.0,1.0,1.0,1.0,0.0,2.0
202101006624,4.0,2.0,1.0,2.0,1.0,3.0,1.0,3.0
202101006679,9.0,1.0,2.0,1.0,3.0,5.0,1.0,4.0
202101006682,5.0,3.0,1.0,1.0,1.0,3.0,1.0,4.0
202101006768,5.0,3.0,3.0,2.0,1.0,1.0,0.0,4.0
202101006826,3.0,2.0,1.0,3.0,2.0,2.0,0.0,3.0
202101006833,8.0,1.0,2.0,1.0,3.0,5.0,1.0,1.0
202101006965,9.0,3.0,2.0,1.0,1.0,1.0,0.0,5.0
202101007010,9.0,2.0,4.0,2.0,1.0,1.0,0.0,5.0
202101007102,4.0,2.0,3.0,2.0,2.0,2.0,,5.0
202101007103,2.0,3.0,2.0,2.0,1.0,1.0,,3.0
202101007157,9.0,1.0,2.0,2.0,,3.0,0.0,5.0
202101007203,6.0,1.0,4.0,1.0,2.0,2.0,,5.0
202101007212,9.0,1.0,2.0,2.0,2.0,2.0,1.0,3.0
202101007238,7.0,3.0,4.0,1.0,1.0,1.0,,5.0
202101007248,9.0,3.0,2.0,1.0,1.0,1.0,1.0,5.0
202101007405,2.0,2.0,2.0,2.0,1.0,3.0,1.0,4.0
202101007459,9.0,1.0,2.0,1.0,3.0,5.0,1.0,3.0
202101007470,9.0,1.0,1.0,,1.0,3.0,1.0,5.0
202101007576,3.0,3.0,4.0,1.0,1.0,1.0,0.0,5.0
202101007670,9.0,1.0,3.0,2.0,1.0,1.0,0.0,2.0
202101007722,9.0,1.0,3.0,2.0,1.0,1.0,1.0,4.0
202101007741,9.0,1.0,3.0,1.0,1.0,1.0,0.0,3.0
202101007849,4.0,2.0,4.0,1.0,1.0,1.0,0.0,3.0
202101007934,6.0,2.0,2.0,1.0,1.0,3.0,1.0,4.0
202101007953,7.0,2.0,2.0,2.0,1.0,3.0,,3.0
202101008033,1.0,1.0,2.0,1.0,1.0,1.0,1.0,5.0
202101008058,7.0,1.0,2.0,2.0,2.0,2.0,1.0,4.0
202101008136,7.0,2.0,1.0,1.0,1.0,3.0,0.0,1.0
202101008157,8.0,1.0,4.0,1.0,1.0,1.0,0.0,3.0
202101008194,1.0,3.0,2.0,1.0,2.0,2.0,,5.0
202101008203,4.0,2.0,2.0,1.0,1.0,1.0,1.0,1.0
202101008310,1.0,1.0,4.0,2.0,1.0,1.0,,5.0
202101008379,5.0,2.0,4.0,2.0,1.0,1.0,1.0,3.0
202101008476,9.0,2.0,4.0,2.0,1.0,1.0,,2.0
202101008619,4.0,1.0,1.0,2.0,1.0,1.0,1.0,3.0
202101008621,1.0,3.0,2.0,2.0,1.0,1.0,,5.0
202101008722,2.0,3.0,2.0,1.0,1.0,3.0,0.0,1.0
202101008775,9.0,1.0,2.0,1.0,3.0,5.0,1.0,2.0
202101008790,7.0,1.0,2.0,1.0,1.0,3.0,0.0,4.0
202101008814,9.0,3.0,2.0,1.0,1.0,1.0,,5.0
202101008891,9.0,1.0,1.0,1.0,4.0,4.0,0.0,2.0
202101008912,2.0,2.0,1.0,1.0,1.0,1.0,1.0,3.0
202101008935,1.0,2.0,2.0,2.0,1.0,1.0,0.0,4.0
202101008992,9.0,2.0,4.0,1.0,1.0,1.0,1.0,4.0
202101009010,5.0,1.0,3.0,2.0,3.0,5.0,,2.0
202101009088,6.0,2.0,2.0,1.0,1.0,1.0,0.0,5.0
202101009255,1.0,3.0,2.0,2.0,2.0,2.0,,5.0
202101009433,9.0,2.0,1.0,1.0,1.0,1.0,0.0,4.0
202101009654,2.0,2.0,2.0,1.0,,,0.0,5.0
202101009756,2.0,2.0,1.0,2.0,2.0,3.0,1.0,4.0
202101009814,2.0,3.0,4.0,2.0,1.0,1.0,,5.0
202101009865,1.0,3.0,3.0,2.0,1.0,1.0,0.0,
202101009895,2.0,3.0,4.0,1.0,1.0,1.0,0.0,3.0
202101010114,7.0,1.0,1.0,2.0,3.0,5.0,1.0,2.0
202101010283,9.0,2.0,2.0,1.0,2.0,2.0,1.0,2.0
202101010351,1.0,3.0,4.0,2.0,1.0,1.0,,5.0
202101010392,3.0,3.0,1.0,2.0,3.0,5.0,,4.0
202101010502,3.0,1.0,3.0,1.0,3.0,5.0,0.0,3.0
202101010510,9.0,1.0,2.0,1.0,2.0,2.0,1.0,4.0
202101010514,5.0,3.0,1.0,1.0,5.0,3.0,1.0,1.0
202101010535,9.0,1.0,2.0,2.0,1.0,1.0,1.0,4.0
202101010724,9.0,1.0,1.0,2.0,4.0,4.0,,5.0
202101010844,1.0,3.0,3.0,2.0,1.0,1.0,1.0,2.0
202101010897,5.0,1.0,2.0,1.0,3.0,5.0,1.0,5.0
202101010999,9.0,1.0,3.0,1.0,3.0,5.0,1.0,4.0
202101011006,3.0,3.0,4.0,1.0,1.0,1.0,,2.0
202101011028,7.0,3.0,4.0,2.0,1.0,1.0,,5.0
202101011094,6.0,1.0,3.0,2.0,3.0,5.0,0.0,3.0
202101011116,9.0,1.0,2.0,1.0,3.0,5.0,0.0,4.0
202101011162,8.0,1.0,3.0,2.0,1.0,1.0,,3.0
202101011279,1.0,3.0,4.0,2.0,1.0,1.0,,5.0
202101011295,1.0,2.0,2.0,2.0,1.0,1.0,0.0,4.0
202101011380,2.0,2.0,3.0,1.0,1.0,1.0,1.0,2.0
202101011412,1.0,2.0,4.0,1.0,4.0,4.0,1.0,2.0
202101011534,9.0,2.0,1.0,2.0,1.0,1.0,1.0,
202101011592,1.0,3.0,2.0,2.0,1.0,1.0,,5.0
202101011714,9.0,1.0,1.0,1.0,3.0,5.0,1.0,3.0
202101011736,9.0,2.0,4.0,1.0,1.0,1.0,0.0,4.0
202101011764,8.0,2.0,3.0,2.0,1.0,1.0,0.0,4.0
202101011790,2.0,2.0,2.0,1.0,1.0,1.0,1.0,3.0
202101011803,9.0,2.0,1.0,2.0,3.0,5.0,1.0,4.0
202101012038,9.0,3.0,2.0,1.0,3.0,5.0,0.0,2.0
202101012102,2.0,2.0,4.0,1.0,1.0,1.0,0.0,3.0
202101012170,1.0,2.0,4.0,2.0,1.0,1.0,0.0,5.0
202101012198,7.0,3.0,3.0,2.0,1.0,1.0,,5.0
202101012332,9.0,1.0,3.0,2.0,1.0,1.0,0.0,4.0
202101012373,6.0,3.0,2.0,1.0,1.0,1.0,0.0,5.0
202101012511,1.0,3.0,3.0,2.0,2.0,2.0,,2.0
202101012599,9.0,1.0,3.0,1.0,2.0,2.0,1.0,4.0
202101012621,7.0,3.0,2.0,2.0,2.0,2.0,,5.0
202101012635,9.0,1.0,2.0,1.0,1.0,1.0,1.0,4.0
202101012721,9.0,2.0,3.0,1.0,4.0,4.0,0.0,4.0
202101012819,9.0,1.0,1.0,1.0,3.0,5.0,1.0,1.0
202101012890,2.0,1.0,1.0,1.0,4.0,3.0,1.0,3.0
202101012891,1.0,2.0,4.0,2.0,1.0,1.0,0.0,2.0
202101012969,1.0,3.0,3.0,2.0,1.0,1.0,,5.0
202101013063,1.0,3.0,1.0,2.0,3.0,5.0,1.0,5.0
202101013083,3.0,3.0,2.0,2.0,1.0,1.0,,5.0
202101013145,9.0,1.0,2.0,2.0,1.0,1.0,0.0,4.0
202101013153,3.0,2.0,2.0,1.0,1.0,1.0,1.0,2.0
202101013187,1.0,1.0,2.0,1.0,3.0,5.0,1.0,2.0
202101013227,4.0,3.0,4.0,1.0,1.0,1.0,0.0,4.0
202101013281,5.0,1.0,2.0,1.0,3.0,5.0,1.0,2.0
202101013340,3.0,2.0,3.0,1.0,1.0,1.0,,4.0
202201000030,1.0,1.0,3.0,2.0,1.0,1.0,0.0,5.0
202201000060,1.0,3.0,2.0,1.0,2.0,2.0,,5.0
202201000229,,2.0,2.0,2.0,1.0,1.0,0.0,5.0
202201000253,9.0,1.0,2.0,2.0,2.0,2.0,1.0,2.0
202201000640,2.0,3.0,4.0,2.0,2.0,2.0,0.0,3.0
202201000675,9.0,3.0,4.0,2.0,2.0,2.0,0.0,5.0
202201000711,9.0,2.0,3.0,2.0,1.0,1.0,1.0,2.0
202201000824,8.0,2.0,2.0,1.0,1.0,3.0,1.0,1.0
202201000896,2.0,1.0,2.0,2.0,2.0,2.0,,5.0
202201000996,1.0,3.0,2.0,1.0,2.0,2.0,0.0,5.0
202201001090,2.0,2.0,2.0,1.0,2.0,2.0,,1.0
202201001169,7.0,3.0,4.0,2.0,1.0,1.0,,5.0
202201001247,3.0,3.0,1.0,1.0,2.0,2.0,1.0,4.0
202201001390,2.0,2.0,2.0,1.0,2.0,3.0,1.0,2.0
202201001562,9.0,3.0,4.0,1.0,2.0,2.0,,5.0
202201001568,6.0,,1.0,2.0,1.0,3.0,0.0,5.0
202201001893,9.0,2.0,2.0,1.0,1.0,1.0,1.0,5.0
202201002504,9.0,1.0,1.0,1.0,1.0,1.0,1.0,3.0
202201002572,1.0,3.0,2.0,2.0,2.0,2.0,0.0,5.0
202201002647,6.0,1.0,1.0,2.0,2.0,2.0,0.0,1.0
202201002864,3.0,1.0,1.0,1.0,2.0,2.0,1.0,2.0
202201003196,6.0,2.0,1.0,2.0,1.0,3.0,0.0,5.0
202201003431,6.0,2.0,3.0,1.0,2.0,2.0,1.0,4.0
202201003441,3.0,3.0,1.0,1.0,2.0,2.0,0.0,5.0
202201003529,9.0,1.0,1.0,2.0,1.0,1.0,1.0,1.0
202201003568,9.0,3.0,2.0,1.0,1.0,1.0,0.0,4.0
202201003606,,3.0,1.0,2.0,2.0,2.0,,5.0
202201003766,9.0,1.0,2.0,2.0,3.0,5.0,1.0,2.0
202201003834,,,3.0,1.0,,3.0,,5.0
202201003870,6.0,2.0,3.0,1.0,5.0,3.0,,4.0
202201003924,2.0,3.0,1.0,2.0,2.0,2.0,0.0,5.0
202201003925,,2.0,1.0,2.0,1.0,3.0,0.0,4.0
202201004077,1.0,3.0,1.0,1.0,4.0,4.0,0.0,2.0
202201004983,3.0,3.0,2.0,2.0,1.0,1.0,,4.0
202201005406,2.0,3.0,2.0,2.0,2.0,2.0,,5.0
202201005661,1.0,3.0,1.0,1.0,2.0,2.0,0.0,5.0
202201005754,1.0,2.0,2.0,1.0,2.0,2.0,0.0,5.0
202201005794,9.0,1.0,3.0,1.0,1.0,3.0,1.0,2.0
202201005913,5.0,2.0,4.0,2.0,1.0,1.0,0.0,4.0
202201005996,2.0,2.0,1.0,1.0,2.0,2.0,0.0,5.0
202201006221,9.0,1.0,3.0,2.0,1.0,1.0,0.0,2.0
202201006529,3.0,2.0,3.0,2.0,1.0,1.0,1.0,2.0
202201006657,,1.0,2.0,2.0,2.0,2.0,0.0,5.0
202201006715,5.0,3.0,2.0,1.0,1.0,1.0,,5.0
202201006747,7.0,2.0,4.0,1.0,1.0,1.0,,5.0
202201006771,2.0,3.0,2.0,2.0,1.0,3.0,,5.0
202201006943,1.0,3.0,4.0,1.0,2.0,2.0,,5.0
202201007012,9.0,1.0,4.0,1.0,1.0,1.0,0.0,2.0
202201007200,1.0,2.0,2.0,2.0,1.0,3.0,0.0,4.0
202201007531,7.0,2.0,2.0,1.0,1.0,1.0,0.0,2.0
202201007550,9.0,1.0,2.0,2.0,1.0,1.0,0.0,3.0
202201007707,9.0,1.0,2.0,2.0,1.0,1.0,0.0,3.0
202201007710,1.0,3.0,1.0,2.0,2.0,2.0,,5.0
202201008081,3.0,2.0,4.0,2.0,1.0,1.0,,4.0
202201008188,1.0,1.0,1.0,2.0,1.0,1.0,0.0,2.0
202201008254,3.0,1.0,1.0,2.0,1.0,1.0,1.0,5.0
202201008370,1.0,3.0,2.0,2.0,2.0,2.0,,5.0
202201008733,1.0,1.0,2.0,1.0,2.0,2.0,1.0,5.0
202201009063,9.0,2.0,4.0,1.0,2.0,2.0,,4.0
202201009255,9.0,1.0,2.0,2.0,5.0,3.0,0.0,5.0
202201009277,5.0,2.0,2.0,1.0,2.0,2.0,0.0,4.0
202201009469,7.0,2.0,4.0,1.0,2.0,2.0,0.0,4.0
202201009484,4.0,3.0,4.0,1.0,1.0,1.0,1.0,4.0
202201009684,9.0,1.0,1.0,2.0,4.0,3.0,1.0,3.0
202201009721,5.0,1.0,3.0,1.0,2.0,2.0,,4.0
202201009754,1.0,3.0,4.0,1.0,2.0,2.0,0.0,5.0
202201009832,5.0,3.0,2.0,2.0,1.0,1.0,0.0,2.0
202201010018,4.0,1.0,2.0,1.0,2.0,2.0,,3.0
202201010030,1.0,3.0,2.0,2.0,2.0,2.0,,5.0
202201010100,9.0,2.0,3.0,2.0,1.0,1.0,,2.0
202201010180,9.0,1.0,2.0,2.0,1.0,1.0,0.0,5.0
202201010393,2.0,3.0,1.0,1.0,4.0,4.0,0.0,3.0
202201010474,2.0,3.0,2.0,1.0,2.0,2.0,1.0,2.0
202201010536,,2.0,2.0,2.0,2.0,2.0,,4.0
202201010614,3.0,2.0,1.0,2.0,2.0,2.0,1.0,3.0
202201010796,7.0,2.0,2.0,2.0,1.0,1.0,,5.0
202201010987,4.0,2.0,1.0,1.0,3.0,3.0,1.0,3.0
202201011039,9.0,1.0,1.0,1.0,2.0,2.0,1.0,5.0
202201011068,5.0,2.0,1.0,1.0,2.0,2.0,0.0,3.0
202201011076,9.0,1.0,3.0,1.0,2.0,2.0,1.0,1.0
202201011228,,1.0,3.0,1.0,,,1.0,5.0
202201011412,8.0,1.0,1.0,1.0,4.0,3.0,1.0,2.0
202201011452,9.0,1.0,2.0,1.0,1.0,1.0,1.0,2.0
202201011484,6.0,2.0,3.0,1.0,1.0,1.0,1.0,5.0
202201011508,9.0,1.0,3.0,2.0,1.0,1.0,0.0,5.0
202201011565,3.0,1.0,2.0,2.0,2.0,2.0,1.0,2.0
202201011589,5.0,2.0,1.0,1.0,2.0,2.0,1.0,1.0
202201011603,9.0,1.0,2.0,1.0,1.0,3.0,1.0,1.0
202201011946,1.0,3.0,2.0,2.0,1.0,3.0,0.0,5.0
202201012009,9.0,1.0,3.0,1.0,2.0,2.0,0.0,3.0
202201012136,6.0,2.0,4.0,1.0,2.0,2.0,,5.0
202201012155,1.0,3.0,3.0,2.0,2.0,2.0,0.0,3.0
202201012167,1.0,3.0,3.0,2.0,2.0,2.0,,5.0
202201012196,9.0,1.0,2.0,2.0,1.0,1.0,1.0,2.0
202201012472,1.0,3.0,2.0,2.0,2.0,2.0,,3.0
202201012504,6.0,1.0,2.0,2.0,4.0,4.0,0.0,3.0
202201012626,1.0,2.0,3.0,2.0,2.0,2.0,1.0,1.0
202201012843,8.0,3.0,3.0,1.0,2.0,2.0,0.0,2.0
202201012853,1.0,1.0,4.0,2.0,1.0,1.0,1.0,3.0
202201012974,9.0,1.0,2.0,1.0,3.0,5.0,1.0,1.0
202201013043,9.0,2.0,2.0,2.0,1.0,1.0,1.0,4.0
202201013164,9.0,1.0,2.0,1.0,1.0,1.0,1.0,4.0
202201013246,3.0,2.0,2.0,2.0,2.0,2.0,0.0,3.0
202201013314,5.0,1.0,2.0,2.0,2.0,2.0,1.0,3.0
202201013457,9.0,1.0,3.0,1.0,2.0,2.0,1.0,2.0
202201013527,4.0,1.0,3.0,1.0,2.0,2.0,1.0,3.0
202201013683,9.0,1.0,1.0,1.0,4.0,4.0,1.0,1.0
202201014031,9.0,2.0,2.0,2.0,2.0,2.0,0.0,2.0
202201014271,2.0,1.0,2.0,1.0,1.0,3.0,0.0,5.0
202201014375,8.0,1.0,4.0,1.0,1.0,1.0,,5.0
202201014570,9.0,1.0,4.0,2.0,1.0,1.0,1.0,4.0
202201014573,8.0,1.0,2.0,2.0,5.0,4.0,,5.0
202201014738,2.0,3.0,2.0,1.0,4.0,4.0,0.0,2.0
202201015220,3.0,3.0,2.0,2.0,1.0,1.0,,5.0
202201015280,,1.0,1.0,,,3.0,1.0,3.0
202201015417,2.0,3.0,1.0,2.0,3.0,5.0,1.0,4.0
202201015548,2.0,3.0,2.0,2.0,2.0,2.0,1.0,5.0
202201015598,1.0,3.0,3.0,1.0,2.0,2.0,0.0,1.0
202201015600,1.0,3.0,3.0,1.0,2.0,2.0,,2.0
202201015675,4.0,2.0,1.0,2.0,2.0,2.0,1.0,4.0
202201015776,2.0,2.0,2.0,1.0,1.0,3.0,,5.0
202201015874,8.0,1.0,2.0,1.0,1.0,1.0,1.0,1.0
202201015980,1.0,3.0,1.0,2.0,3.0,5.0,0.0,3.0
202201016016,1.0,3.0,3.0,2.0,2.0,2.0,0.0,2.0
202201016046,1.0,3.0,2.0,2.0,2.0,2.0,1.0,5.0
202201016125,4.0,3.0,1.0,2.0,1.0,3.0,0.0,3.0
202201016353,1.0,1.0,1.0,1.0,2.0,2.0,,5.0
202201016550,1.0,2.0,2.0,1.0,1.0,1.0,1.0,2.0
202201016574,1.0,3.0,2.0,2.0,5.0,3.0,,4.0
202201016642,1.0,1.0,2.0,2.0,1.0,1.0,0.0,3.0
202201016800,4.0,3.0,2.0,2.0,1.0,3.0,0.0,5.0
202201016860,7.0,1.0,2.0,2.0,2.0,2.0,,4.0
202201017194,1.0,3.0,4.0,1.0,2.0,2.0,,5.0
202201017296,6.0,2.0,4.0,1.0,1.0,1.0,0.0,5.0
202201017548,7.0,2.0,1.0,1.0,4.0,4.0,0.0,5.0
202201017806,3.0,3.0,3.0,1.0,4.0,4.0,,5.0
202201017812,6.0,2.0,1.0,2.0,2.0,2.0,0.0,5.0
202201017847,9.0,1.0,2.0,2.0,1.0,1.0,1.0,3.0
202201017900,,1.0,4.0,1.0,2.0,2.0,0.0,5.0
202201018277,8.0,3.0,3.0,1.0,1.0,1.0,1.0,2.0
202201018333,5.0,2.0,2.0,1.0,1.0,3.0,1.0,2.0
202201018444,1.0,2.0,2.0,2.0,2.0,2.0,0.0,5.0
202201019016,1.0,2.0,1.0,1.0,,3.0,1.0,4.0
202201019223,8.0,3.0,3.0,1.0,1.0,1.0,1.0,3.0
202201019474,9.0,2.0,4.0,2.0,1.0,1.0,,4.0
202201019542,8.0,1.0,4.0,1.0,1.0,1.0,0.0,2.0
202201019585,6.0,,1.0,2.0,2.0,2.0,1.0,2.0
202201019587,9.0,1.0,1.0,1.0,2.0,2.0,0.0,4.0
202201019721,8.0,1.0,2.0,2.0,2.0,2.0,1.0,2.0
202201019878,9.0,1.0,3.0,1.0,2.0,2.0,1.0,1.0
202201019946,8.0,1.0,3.0,2.0,2.0,2.0,1.0,3.0
202201020022,9.0,2.0,3.0,1.0,1.0,1.0,0.0,4.0
202201020174,4.0,3.0,3.0,1.0,1.0,3.0,1.0,2.0
202201020179,7.0,2.0,3.0,1.0,2.0,2.0,0.0,2.0
202201020229,9.0,1.0,3.0,1.0,1.0,3.0,0.0,5.0
202201020249,1.0,3.0,4.0,2.0,1.0,1.0,,3.0
202201020300,6.0,3.0,2.0,1.0,4.0,4.0,0.0,1.0
202201020416,8.0,1.0,1.0,2.0,1.0,1.0,1.0,3.0
202201020522,7.0,1.0,2.0,1.0,1.0,1.0,0.0,5.0
202201020570,2.0,2.0,3.0,2.0,2.0,2.0,,5.0
202201020643,4.0,1.0,1.0,1.0,3.0,5.0,1.0,3.0
202201020701,7.0,3.0,3.0,1.0,1.0,1.0,1.0,2.0
202201020753,4.0,2.0,2.0,1.0,4.0,4.0,1.0,1.0
202201020891,4.0,3.0,4.0,1.0,1.0,1.0,0.0,5.0
202201020914,,1.0,2.0,1.0,4.0,4.0,0.0,5.0
202201021088,8.0,1.0,3.0,1.0,4.0,3.0,1.0,5.0
202201021344,2.0,3.0,3.0,1.0,2.0,2.0,,4.0
202201021500,8.0,1.0,4.0,1.0,2.0,2.0,,5.0
202201021525,,2.0,4.0,2.0,1.0,1.0,0.0,2.0
202201021945,7.0,2.0,2.0,2.0,1.0,1.0,1.0,2.0
202201021986,2.0,3.0,1.0,2.0,,3.0,1.0,3.0
202201022094,1.0,2.0,3.0,2.0,,,0.0,5.0
202201022315,2.0,2.0,1.0,2.0,2.0,2.0,1.0,4.0
202201022699,7.0,2.0,2.0,2.0,2.0,2.0,1.0,3.0
202201022961,9.0,2.0,3.0,2.0,1.0,1.0,0.0,5.0
202201023132,6.0,2.0,2.0,2.0,2.0,2.0,1.0,2.0
202201023319,6.0,2.0,2.0,1.0,1.0,3.0,1.0,3.0
202201023539,9.0,2.0,1.0,2.0,1.0,1.0,1.0,3.0
202201023564,2.0,3.0,2.0,2.0,2.0,2.0,,5.0
202201023571,9.0,1.0,2.0,1.0,3.0,5.0,1.0,2.0
202201023737,1.0,3.0,2.0,2.0,2.0,2.0,,5.0
202201023806,,3.0,1.0,2.0,2.0,2.0,1.0,5.0
202201024012,3.0,3.0,2.0,1.0,1.0,1.0,1.0,3.0
202201024401,6.0,2.0,3.0,1.0,2.0,2.0,1.0,4.0
202201024438,7.0,1.0,4.0,2.0,1.0,1.0,1.0,2.0
202201024518,3.0,3.0,3.0,1.0,2.0,2.0,1.0,4.0
202201024523,1.0,3.0,2.0,2.0,2.0,2.0,0.0,5.0
202201024644,7.0,2.0,2.0,1.0,1.0,1.0,1.0,2.0
202201024652,,3.0,2.0,2.0,2.0,2.0,1.0,3.0
202201024705,8.0,1.0,4.0,1.0,1.0,1.0,0.0,2.0
202201024930,4.0,1.0,4.0,2.0,1.0,1.0,,2.0
202201024982,2.0,3.0,1.0,,5.0,3.0,0.0,4.0
202201025006,7.0,1.0,2.0,1.0,2.0,2.0,1.0,3.0
202201025054,8.0,1.0,1.0,2.0,2.0,2.0,1.0,5.0
202201025119,9.0,1.0,4.0,1.0,2.0,2.0,0.0,5.0
202201025183,9.0,1.0,4.0,2.0,1.0,1.0,1.0,3.0
202201025257,3.0,1.0,2.0,2.0,2.0,2.0,0.0,4.0
202201025300,1.0,3.0,1.0,2.0,1.0,1.0,0.0,4.0
202201025323,1.0,3.0,2.0,1.0,2.0,2.0,0.0,2.0
202201025356,4.0,3.0,4.0,1.0,1.0,1.0,,2.0
202201025692,3.0,3.0,3.0,1.0,1.0,1.0,0.0,5.0
202201025817,3.0,2.0,2.0,2.0,1.0,1.0,,2.0
202201026021,1.0,2.0,1.0,1.0,2.0,2.0,0.0,2.0
202201026711,8.0,2.0,4.0,1.0,2.0,2.0,0.0,5.0
202201026757,5.0,2.0,2.0,1.0,2.0,2.0,1.0,2.0
202201026918,4.0,1.0,1.0,2.0,2.0,2.0,1.0,2.0
202201027049,9.0,1.0,1.0,2.0,4.0,4.0,1.0,2.0
202201027185,6.0,2.0,2.0,1.0,1.0,1.0,0.0,5.0
202201027247,5.0,1.0,3.0,1.0,2.0,2.0,1.0,4.0
202201027291,5.0,1.0,1.0,1.0,5.0,3.0,1.0,1.0
202201027538,,1.0,1.0,1.0,2.0,2.0,1.0,4.0
202201027542,3.0,3.0,1.0,1.0,2.0,3.0,1.0,2.0
202201027650,4.0,1.0,3.0,2.0,2.0,2.0,1.0,3.0
202201027661,7.0,1.0,2.0,1.0,2.0,2.0,1.0,3.0
202201028084,1.0,3.0,1.0,2.0,4.0,4.0,0.0,5.0
202201028312,9.0,1.0,2.0,2.0,2.0,2.0,1.0,2.0
202201028351,4.0,2.0,3.0,2.0,2.0,2.0,,1.0
202201028580,5.0,2.0,4.0,2.0,3.0,5.0,,4.0
202201028811,9.0,3.0,3.0,1.0,2.0,2.0,1.0,1.0
202201029199,3.0,3.0,2.0,2.0,1.0,3.0,,5.0
202201029257,1.0,2.0,3.0,1.0,2.0,2.0,,
202201029332,9.0,1.0,4.0,2.0,1.0,1.0,0.0,
202201029368,,3.0,1.0,2.0,2.0,2.0,1.0,4.0
202201029512,,1.0,1.0,,,,1.0,5.0
202201029760,7.0,3.0,3.0,1.0,1.0,1.0,0.0,5.0
202201029969,5.0,1.0,4.0,2.0,1.0,1.0,1.0,5.0
202201030062,5.0,2.0,1.0,1.0,2.0,2.0,0.0,4.0
202201030186,3.0,3.0,1.0,2.0,2.0,2.0,,5.0
202201030310,9.0,1.0,3.0,1.0,1.0,1.0,1.0,2.0
202201030667,2.0,2.0,1.0,1.0,2.0,2.0,1.0,5.0
202201030672,5.0,2.0,2.0,1.0,2.0,2.0,1.0,4.0
202201030849,2.0,3.0,2.0,2.0,2.0,2.0,,5.0
202201031097,9.0,1.0,3.0,1.0,4.0,4.0,1.0,3.0
202201031145,1.0,3.0,1.0,1.0,2.0,2.0,0.0,5.0
202201031271,1.0,3.0,2.0,2.0,1.0,3.0,,5.0
202201031409,1.0,3.0,2.0,1.0,4.0,4.0,0.0,2.0
202201031519,5.0,3.0,2.0,1.0,1.0,3.0,0.0,5.0
202201031524,3.0,3.0,2.0,2.0,2.0,2.0,,4.0
202201031773,2.0,2.0,4.0,2.0,1.0,1.0,,5.0
202201031788,,3.0,1.0,1.0,3.0,3.0,,3.0
202201031929,5.0,3.0,4.0,1.0,5.0,3.0,,5.0
202201032028,,3.0,4.0,2.0,2.0,2.0,,5.0
202201032054,1.0,1.0,2.0,2.0,2.0,2.0,0.0,4.0
202201032234,2.0,3.0,2.0,2.0,2.0,2.0,0.0,5.0
202201032274,5.0,1.0,4.0,2.0,2.0,2.0,0.0,3.0
202201032455,2.0,3.0,1.0,1.0,2.0,2.0,1.0,2.0
202201032653,5.0,2.0,2.0,1.0,2.0,2.0,1.0,2.0
202201032859,6.0,3.0,2.0,2.0,1.0,1.0,0.0,5.0
202201033159,2.0,1.0,2.0,2.0,2.0,2.0,1.0,2.0
202201033491,1.0,1.0,4.0,2.0,5.0,3.0,,3.0
202201033544,1.0,3.0,2.0,2.0,2.0,2.0,0.0,5.0
202201033626,1.0,3.0,1.0,1.0,2.0,3.0,,2.0
202201033966,7.0,1.0,2.0,2.0,1.0,1.0,0.0,3.0
202201033986,,1.0,3.0,2.0,1.0,1.0,0.0,1.0
202201034231,5.0,3.0,2.0,1.0,2.0,2.0,0.0,4.0
202201034278,9.0,1.0,3.0,2.0,2.0,2.0,0.0,4.0
202201034306,9.0,1.0,1.0,1.0,1.0,1.0,1.0,3.0
202201034409,9.0,3.0,3.0,1.0,1.0,1.0,0.0,2.0
202201034491,2.0,1.0,3.0,2.0,2.0,2.0,0.0,4.0
202201034822,3.0,3.0,2.0,1.0,1.0,1.0,1.0,2.0
202201034915,7.0,1.0,3.0,1.0,2.0,2.0,0.0,4.0
202201035069,3.0,2.0,1.0,1.0,1.0,1.0,0.0,5.0
202201035150,2.0,3.0,4.0,2.0,1.0,1.0,,5.0
202201035222,9.0,1.0,4.0,2.0,1.0,1.0,0.0,
202201035271,1.0,2.0,2.0,2.0,2.0,2.0,1.0,2.0
202201035386,4.0,3.0,2.0,2.0,2.0,2.0,,5.0
202201035557,1.0,3.0,3.0,2.0,2.0,2.0,,5.0
202201035599,9.0,1.0,3.0,2.0,2.0,2.0,1.0,2.0
202201035668,7.0,3.0,4.0,2.0,1.0,1.0,,5.0
202201036091,4.0,3.0,4.0,1.0,2.0,2.0,0.0,2.0
202201036156,9.0,1.0,3.0,2.0,1.0,1.0,1.0,4.0
202201036158,4.0,1.0,3.0,2.0,1.0,1.0,1.0,4.0
202201036245,5.0,3.0,4.0,1.0,1.0,1.0,,2.0
202201036326,6.0,3.0,1.0,1.0,3.0,5.0,,4.0
202201036596,8.0,1.0,4.0,1.0,1.0,1.0,,5.0
202201036617,9.0,1.0,2.0,1.0,4.0,3.0,1.0,3.0
202201036718,9.0,1.0,2.0,1.0,2.0,2.0,1.0,3.0
202201036764,9.0,2.0,4.0,1.0,1.0,1.0,1.0,1.0
202201036786,9.0,2.0,2.0,1.0,2.0,2.0,1.0,2.0
202201036846,,3.0,2.0,2.0,,3.0,,2.0
202201036919,1.0,3.0,2.0,1.0,2.0,3.0,0.0,3.0
202201036969,8.0,1.0,2.0,1.0,5.0,4.0,1.0,4.0
202201037250,3.0,3.0,2.0,1.0,5.0,3.0,0.0,3.0
202201037761,2.0,3.0,3.0,1.0,1.0,1.0,,5.0
202201037936,7.0,1.0,3.0,2.0,1.0,1.0,0.0,5.0
202201037941,1.0,2.0,2.0,1.0,1.0,1.0,,5.0
202201038020,9.0,1.0,4.0,1.0,1.0,1.0,0.0,2.0
202201038096,3.0,1.0,3.0,2.0,1.0,1.0,,5.0
202201038274,,2.0,2.0,2.0,3.0,5.0,1.0,4.0
202201038379,4.0,1.0,1.0,1.0,2.0,2.0,1.0,3.0
202201038387,7.0,1.0,2.0,1.0,3.0,5.0,1.0,3.0
202201038433,2.0,2.0,2.0,2.0,1.0,1.0,,5.0
202201038507,1.0,3.0,2.0,2.0,1.0,1.0,,5.0
202201038716,8.0,2.0,3.0,1.0,2.0,2.0,1.0,4.0
202201038912,5.0,2.0,2.0,2.0,1.0,3.0,1.0,2.0
202201038941,9.0,2.0,2.0,2.0,2.0,2.0,0.0,4.0
202201039078,9.0,2.0,1.0,2.0,1.0,1.0,0.0,5.0
202201039132,2.0,2.0,1.0,2.0,1.0,1.0,,3.0
202201039180,1.0,1.0,2.0,2.0,2.0,2.0,1.0,3.0
202201039841,2.0,1.0,1.0,1.0,2.0,2.0,1.0,4.0
202201040180,6.0,3.0,2.0,2.0,1.0,1.0,1.0,3.0
202201040216,3.0,3.0,2.0,1.0,2.0,2.0,1.0,4.0
202201040300,2.0,3.0,4.0,2.0,2.0,2.0,,5.0
202201040432,4.0,2.0,1.0,1.0,1.0,1.0,1.0,4.0
202201040537,1.0,2.0,3.0,2.0,2.0,2.0,,5.0
202201040602,,2.0,4.0,2.0,2.0,2.0,,4.0
202201040704,5.0,2.0,4.0,2.0,1.0,1.0,0.0,5.0
202201041231,9.0,1.0,3.0,2.0,3.0,5.0,0.0,2.0
202201041341,7.0,1.0,3.0,2.0,2.0,2.0,1.0,4.0
202201041662,2.0,2.0,2.0,2.0,2.0,2.0,0.0,5.0
202201041985,,1.0,1.0,1.0,1.0,1.0,1.0,2.0
202201042136,,3.0,3.0,2.0,2.0,2.0,0.0,5.0
202201042321,9.0,1.0,4.0,1.0,3.0,5.0,0.0,5.0
202201042514,9.0,1.0,4.0,1.0,2.0,2.0,1.0,4.0
202201042652,1.0,3.0,4.0,1.0,2.0,2.0,,5.0
202201042659,9.0,1.0,2.0,2.0,1.0,3.0,1.0,2.0
202201043111,2.0,1.0,1.0,2.0,1.0,3.0,0.0,4.0
202201043401,8.0,2.0,4.0,1.0,2.0,2.0,1.0,3.0
202201043510,9.0,1.0,3.0,2.0,2.0,2.0,,5.0
202201043581,3.0,2.0,4.0,2.0,2.0,2.0,,3.0
202201043598,2.0,2.0,4.0,1.0,1.0,3.0,,5.0
202201044256,1.0,2.0,1.0,1.0,4.0,4.0,0.0,3.0
202201044354,1.0,1.0,2.0,2.0,2.0,2.0,1.0,3.0
202201044430,8.0,2.0,4.0,2.0,1.0,1.0,,5.0
202201044809,7.0,3.0,2.0,1.0,,3.0,,1.0
202201044834,2.0,1.0,4.0,2.0,1.0,1.0,0.0,4.0
202201044857,8.0,3.0,4.0,1.0,1.0,1.0,,5.0
202201044891,4.0,2.0,3.0,2.0,2.0,2.0,,5.0
202201044961,5.0,3.0,3.0,1.0,1.0,1.0,0.0,3.0
202201044994,1.0,3.0,3.0,1.0,2.0,2.0,,5.0
202201045076,2.0,2.0,1.0,2.0,1.0,1.0,,3.0
202201045272,2.0,2.0,4.0,1.0,2.0,2.0,,
202201045392,2.0,3.0,2.0,1.0,1.0,1.0,0.0,1.0
202201045448,1.0,2.0,3.0,2.0,1.0,1.0,1.0,2.0
202201045587,9.0,1.0,2.0,2.0,1.0,3.0,1.0,4.0
202201045686,1.0,2.0,3.0,1.0,2.0,2.0,,5.0
202201045913,9.0,1.0,2.0,2.0,2.0,2.0,1.0,4.0
202201045923,7.0,1.0,2.0,1.0,2.0,2.0,1.0,3.0
202201045929,9.0,2.0,4.0,1.0,2.0,2.0,,2.0
202201046110,9.0,2.0,1.0,1.0,1.0,1.0,1.0,4.0
202201046111,1.0,3.0,4.0,2.0,2.0,2.0,1.0,2.0
202201046117,1.0,2.0,4.0,2.0,1.0,1.0,,5.0
202201046307,2.0,3.0,4.0,1.0,1.0,1.0,0.0,4.0
202201046315,9.0,3.0,2.0,2.0,1.0,1.0,1.0,3.0
202201046521,5.0,3.0,2.0,2.0,4.0,4.0,,5.0
202201046644,2.0,2.0,2.0,1.0,1.0,1.0,0.0,2.0
202201046887,8.0,2.0,4.0,1.0,1.0,1.0,,5.0
202201047311,1.0,3.0,3.0,1.0,1.0,1.0,,5.0
202201047351,9.0,2.0,3.0,1.0,2.0,2.0,1.0,4.0
202201047394,9.0,1.0,3.0,1.0,4.0,3.0,1.0,2.0
202201047665,9.0,1.0,1.0,2.0,2.0,2.0,1.0,4.0
202201047730,1.0,1.0,3.0,1.0,2.0,2.0,0.0,5.0
202201047840,5.0,3.0,2.0,1.0,2.0,2.0,0.0,5.0
202201047918,8.0,3.0,3.0,1.0,1.0,1.0,0.0,4.0
202201047958,3.0,3.0,1.0,2.0,3.0,3.0,0.0,3.0
202201048024,4.0,3.0,3.0,1.0,1.0,1.0,0.0,5.0
202201048143,2.0,2.0,1.0,1.0,2.0,2.0,1.0,2.0
202201048485,6.0,1.0,2.0,2.0,1.0,3.0,1.0,2.0
202201048747,9.0,1.0,1.0,2.0,1.0,1.0,1.0,5.0
202201048914,2.0,2.0,1.0,1.0,2.0,2.0,1.0,4.0
202201048962,1.0,3.0,1.0,,2.0,2.0,1.0,3.0
202201048982,5.0,1.0,2.0,1.0,2.0,2.0,1.0,1.0
202201049168,9.0,3.0,3.0,1.0,2.0,2.0,0.0,2.0
202201049235,9.0,1.0,2.0,2.0,3.0,5.0,1.0,3.0
202201049424,5.0,3.0,1.0,1.0,1.0,3.0,1.0,2.0
202201049660,9.0,3.0,3.0,1.0,1.0,1.0,,4.0
202201049683,9.0,1.0,2.0,2.0,2.0,2.0,0.0,4.0
202201049875,4.0,2.0,2.0,2.0,2.0,2.0,1.0,4.0
202201050154,8.0,3.0,3.0,1.0,2.0,2.0,,5.0
202201050218,6.0,2.0,2.0,1.0,5.0,3.0,1.0,3.0
202201050307,,,3.0,2.0,,,0.0,5.0
202201050400,7.0,2.0,2.0,2.0,2.0,2.0,1.0,4.0
202201050555,2.0,2.0,3.0,1.0,4.0,4.0,0.0,2.0
202201050751,,2.0,4.0,1.0,1.0,1.0,1.0,2.0
202201051013,1.0,3.0,2.0,2.0,2.0,2.0,1.0,5.0
202201051017,4.0,3.0,4.0,1.0,2.0,2.0,0.0,5.0
202201051050,1.0,3.0,3.0,1.0,2.0,2.0,,5.0
202201051057,,3.0,1.0,,4.0,4.0,,5.0
202201051062,3.0,2.0,1.0,1.0,2.0,2.0,0.0,3.0
202201051229,1.0,3.0,1.0,1.0,2.0,2.0,1.0,3.0
202201051236,9.0,1.0,2.0,2.0,2.0,2.0,,2.0
202201051568,6.0,1.0,3.0,1.0,1.0,1.0,1.0,2.0
202201051651,1.0,3.0,2.0,1.0,2.0,2.0,,5.0
202201052268,3.0,2.0,2.0,1.0,1.0,1.0,0.0,4.0
202201052326,7.0,1.0,1.0,1.0,1.0,1.0,1.0,5.0
202201052570,4.0,2.0,2.0,1.0,1.0,1.0,0.0,2.0
202201052745,8.0,1.0,1.0,2.0,1.0,1.0,1.0,2.0
202201052804,,3.0,2.0,1.0,2.0,2.0,0.0,5.0
202201052859,2.0,2.0,1.0,2.0,1.0,1.0,,2.0
202201052887,4.0,1.0,2.0,2.0,2.0,2.0,,2.0
202201053298,4.0,2.0,1.0,2.0,1.0,3.0,1.0,4.0
202201053310,6.0,3.0,4.0,2.0,2.0,2.0,0.0,5.0
202201053328,1.0,1.0,2.0,1.0,2.0,2.0,,4.0
202201053422,9.0,1.0,2.0,1.0,2.0,2.0,1.0,1.0
202201053746,6.0,1.0,4.0,1.0,1.0,1.0,,
202201053787,1.0,2.0,1.0,2.0,2.0,3.0,1.0,3.0
202201054155,9.0,1.0,2.0,2.0,2.0,2.0,1.0,4.0
202301000012,3.0,3.0,4.0,1.0,4.0,4.0,0.0,5.0
202301000017,7.0,1.0,2.0,1.0,3.0,5.0,1.0,2.0
202301000018,9.0,1.0,2.0,2.0,3.0,5.0,1.0,4.0
202301000027,8.0,1.0,2.0,2.0,3.0,5.0,1.0,2.0
202301000036,3.0,1.0,1.0,1.0,3.0,5.0,0.0,5.0
202301000038,9.0,1.0,2.0,1.0,3.0,5.0,1.0,2.0
202301000044,7.0,1.0,2.0,2.0,3.0,5.0,1.0,5.0
202301000049,9.0,1.0,,1.0,3.0,5.0,1.0,5.0
202301000050,5.0,2.0,2.0,1.0,4.0,3.0,1.0,2.0
202301000059,8.0,3.0,4.0,1.0,3.0,5.0,0.0,5.0
202301000067,9.0,1.0,3.0,1.0,3.0,5.0,0.0,5.0
202301000069,9.0,1.0,2.0,2.0,3.0,5.0,1.0,3.0
202301000071,9.0,1.0,4.0,1.0,3.0,5.0,0.0,5.0
202301000075,1.0,2.0,1.0,2.0,3.0,5.0,1.0,4.0
202301000076,9.0,1.0,2.0,2.0,3.0,5.0,1.0,2.0
202301000083,9.0,1.0,3.0,1.0,3.0,5.0,1.0,2.0
202301000084,9.0,1.0,2.0,2.0,3.0,5.0,1.0,5.0
202301000086,9.0,1.0,3.0,2.0,3.0,5.0,1.0,5.0
202301000090,9.0,1.0,2.0,1.0,3.0,5.0,1.0,5.0
202301000094,2.0,1.0,3.0,2.0,3.0,5.0,0.0,5.0
202301000096,4.0,2.0,,2.0,3.0,5.0,0.0,5.0
202301000098,1.0,2.0,3.0,2.0,3.0,5.0,1.0,2.0
202301000107,9.0,1.0,2.0,2.0,3.0,5.0,1.0,5.0
202301000120,8.0,1.0,2.0,1.0,3.0,5.0,1.0,2.0
202301000122,5.0,2.0,2.0,2.0,3.0,5.0,1.0,5.0
202301000128,9.0,1.0,1.0,1.0,3.0,5.0,1.0,2.0
202301000131,5.0,1.0,4.0,2.0,3.0,5.0,1.0,5.0
202301000132,9.0,1.0,1.0,1.0,3.0,5.0,1.0,2.0
202301000140,3.0,3.0,2.0,2.0,3.0,5.0,1.0,5.0
202301000144,1.0,1.0,1.0,1.0,3.0,5.0,1.0,4.0
202301000148,1.0,3.0,4.0,2.0,3.0,5.0,1.0,5.0
202301000149,9.0,2.0,3.0,1.0,3.0,5.0,1.0,2.0
202301000150,9.0,1.0,3.0,2.0,3.0,5.0,,2.0
202301000155,9.0,1.0,2.0,2.0,3.0,5.0,1.0,4.0
202301000159,9.0,1.0,3.0,1.0,3.0,5.0,,5.0
202301000164,9.0,1.0,2.0,2.0,3.0,5.0,,4.0
202301000167,9.0,1.0,2.0,2.0,3.0,5.0,0.0,2.0
202301000170,9.0,3.0,2.0,1.0,3.0,5.0,1.0,4.0
202301000172,2.0,1.0,4.0,2.0,3.0,5.0,,2.0
202301000173,9.0,2.0,2.0,1.0,3.0,5.0,1.0,4.0
202301000181,8.0,3.0,4.0,2.0,3.0,5.0,0.0,5.0
202301000187,9.0,1.0,4.0,1.0,3.0,5.0,0.0,2.0
202301000203,7.0,1.0,1.0,2.0,4.0,4.0,1.0,5.0
202301000206,9.0,1.0,4.0,2.0,3.0,5.0,1.0,4.0
202301000208,9.0,1.0,3.0,1.0,3.0,5.0,1.0,2.0
202301000209,9.0,3.0,3.0,1.0,3.0,5.0,1.0,5.0
202301000225,5.0,3.0,2.0,1.0,3.0,5.0,0.0,4.0
202301000231,9.0,1.0,3.0,1.0,3.0,5.0,1.0,5.0
202301000244,5.0,3.0,1.0,1.0,3.0,5.0,0.0,2.0
202301000250,2.0,2.0,4.0,2.0,3.0,5.0,,5.0
202301000255,9.0,1.0,4.0,1.0,3.0,5.0,1.0,5.0
202301000262,9.0,1.0,2.0,2.0,3.0,5.0,1.0,2.0
202301000264,9.0,3.0,3.0,2.0,4.0,4.0,0.0,3.0
202301000266,9.0,1.0,2.0,2.0,3.0,5.0,1.0,1.0
202301000275,9.0,1.0,1.0,2.0,4.0,4.0,1.0,5.0
202301000276,2.0,3.0,4.0,1.0,3.0,3.0,,5.0
202301000279,9.0,1.0,2.0,1.0,3.0,5.0,1.0,3.0
202301000284,7.0,2.0,2.0,2.0,3.0,5.0,0.0,3.0
202301000298,9.0,1.0,2.0,2.0,3.0,5.0,1.0,3.0
202301000308,1.0,1.0,1.0,2.0,3.0,5.0,1.0,4.0
202301000319,1.0,1.0,4.0,1.0,3.0,5.0,0.0,4.0
202301000325,9.0,1.0,3.0,2.0,3.0,5.0,0.0,4.0
202301000326,2.0,1.0,2.0,1.0,3.0,5.0,1.0,5.0
202301000328,,1.0,,,3.0,5.0,1.0,3.0
202301000333,3.0,2.0,2.0,1.0,4.0,4.0,0.0,5.0
202301000340,6.0,1.0,4.0,1.0,3.0,5.0,0.0,2.0
202301000342,1.0,2.0,4.0,2.0,3.0,5.0,,5.0
202301000344,7.0,1.0,1.0,1.0,3.0,5.0,1.0,5.0
202301000350,9.0,1.0,2.0,2.0,3.0,5.0,1.0,2.0
202301000356,9.0,1.0,4.0,1.0,3.0,5.0,1.0,2.0
202301000367,4.0,1.0,2.0,2.0,3.0,5.0,0.0,2.0
202301000383,8.0,1.0,2.0,2.0,3.0,5.0,,5.0
202301000387,9.0,1.0,4.0,2.0,3.0,5.0,,5.0
202301000390,9.0,1.0,,1.0,3.0,5.0,1.0,2.0
202301000400,9.0,1.0,3.0,2.0,3.0,5.0,0.0,5.0
202301000407,9.0,1.0,3.0,2.0,3.0,5.0,0.0,1.0
202301000408,3.0,2.0,3.0,1.0,3.0,5.0,0.0,4.0
202301000431,9.0,1.0,4.0,1.0,3.0,5.0,0.0,5.0
202301000432,9.0,1.0,2.0,1.0,3.0,5.0,1.0,4.0
202301000436,8.0,3.0,2.0,1.0,5.0,4.0,,5.0
202301000449,9.0,3.0,3.0,1.0,3.0,5.0,1.0,5.0
202301000454,9.0,2.0,3.0,1.0,3.0,5.0,0.0,3.0
202301000459,2.0,1.0,2.0,1.0,3.0,5.0,1.0,2.0
202301000461,9.0,1.0,2.0,1.0,3.0,5.0,1.0,4.0
202301000466,1.0,3.0,3.0,2.0,3.0,5.0,0.0,5.0
202301000473,9.0,1.0,4.0,2.0,3.0,5.0,0.0,5.0
202301000484,9.0,1.0,3.0,2.0,3.0,5.0,0.0,5.0
202301000485,9.0,1.0,2.0,2.0,3.0,5.0,1.0,2.0
202301000488,9.0,1.0,1.0,2.0,3.0,5.0,1.0,4.0
202301000494,,2.0,3.0,2.0,3.0,5.0,1.0,3.0
202301000504,9.0,1.0,1.0,1.0,3.0,5.0,1.0,2.0
202301000505,9.0,1.0,3.0,2.0,3.0,5.0,0.0,5.0
202301000518,9.0,1.0,4.0,2.0,3.0,5.0,0.0,2.0
202301000519,9.0,1.0,3.0,1.0,3.0,5.0,1.0,3.0
202301000522,9.0,1.0,1.0,2.0,3.0,5.0,1.0,4.0
202301000537,2.0,2.0,3.0,1.0,3.0,5.0,0.0,5.0
202301000545,8.0,1.0,2.0,2.0,3.0,5.0,1.0,2.0
202301000551,9.0,1.0,2.0,1.0,3.0,5.0,1.0,1.0
202301000557,3.0,1.0,4.0,2.0,3.0,5.0,0.0,4.0
202301000562,4.0,2.0,3.0,2.0,3.0,5.0,,5.0
202301000567,5.0,1.0,3.0,2.0,4.0,4.0,,1.0
202301000570,9.0,1.0,3.0,1.0,3.0,5.0,0.0,4.0
202301000571,9.0,1.0,3.0,2.0,3.0,5.0,,3.0
202301000572,9.0,1.0,2.0,1.0,3.0,5.0,1.0,2.0
202301000578,9.0,1.0,3.0,2.0,3.0,5.0,1.0,2.0
202301000582,1.0,2.0,4.0,2.0,3.0,5.0,1.0,5.0
202301000590,9.0,1.0,2.0,2.0,3.0,5.0,0.0,5.0
202301000591,5.0,3.0,4.0,1.0,3.0,5.0,,5.0
202301000614,9.0,2.0,3.0,2.0,3.0,5.0,0.0,5.0
202301000615,9.0,1.0,2.0,2.0,3.0,5.0,1.0,4.0
202301000617,8.0,2.0,2.0,1.0,3.0,5.0,0.0,5.0
202301000625,9.0,1.0,2.0,2.0,3.0,5.0,1.0,2.0
202301000629,8.0,1.0,2.0,1.0,3.0,5.0,,3.0
202301000644,9.0,1.0,2.0,2.0,3.0,5.0,1.0,5.0
202301000646,9.0,1.0,1.0,1.0,3.0,5.0,1.0,1.0
202301000653,9.0,2.0,1.0,2.0,3.0,5.0,1.0,3.0
202301000659,9.0,2.0,2.0,2.0,3.0,5.0,1.0,3.0
202301000661,3.0,2.0,1.0,2.0,3.0,5.0,1.0,4.0
202301000662,6.0,1.0,2.0,1.0,3.0,5.0,0.0,3.0
202301000665,8.0,3.0,3.0,2.0,3.0,5.0,0.0,2.0
202301000671,8.0,2.0,2.0,2.0,3.0,5.0,,5.0
202301000674,9.0,1.0,2.0,2.0,3.0,5.0,1.0,5.0
202301000676,9.0,3.0,4.0,2.0,3.0,5.0,0.0,1.0
202301000681,9.0,1.0,2.0,1.0,4.0,4.0,1.0,3.0
202301000683,8.0,2.0,2.0,1.0,3.0,5.0,0.0,5.0
202301000684,1.0,1.0,1.0,2.0,3.0,5.0,0.0,2.0
202301000688,9.0,1.0,2.0,1.0,3.0,5.0,1.0,2.0
202301000690,9.0,3.0,4.0,1.0,3.0,5.0,,5.0
202301000692,4.0,2.0,4.0,1.0,3.0,5.0,0.0,5.0
202301000693,8.0,1.0,2.0,2.0,3.0,5.0,1.0,2.0
202301000703,7.0,3.0,1.0,1.0,3.0,5.0,1.0,2.0
202301000705,9.0,1.0,2.0,2.0,3.0,5.0,1.0,3.0
202301000715,,2.0,1.0,,3.0,5.0,1.0,5.0
202301000717,9.0,1.0,1.0,1.0,4.0,4.0,1.0,5.0
202301000725,1.0,1.0,1.0,1.0,3.0,5.0,1.0,2.0
202301000732,4.0,2.0,3.0,1.0,2.0,2.0,0.0,2.0
202301000743,9.0,1.0,2.0,2.0,3.0,5.0,1.0,4.0
202301000744,9.0,1.0,1.0,2.0,3.0,5.0,1.0,2.0
202301000745,9.0,1.0,3.0,2.0,3.0,5.0,1.0,1.0
202301000748,6.0,3.0,2.0,1.0,3.0,5.0,1.0,2.0
202301000752,9.0,1.0,2.0,2.0,3.0,5.0,1.0,1.0
202301000758,8.0,3.0,3.0,2.0,3.0,5.0,1.0,3.0
202301000765,9.0,2.0,1.0,2.0,3.0,5.0,1.0,1.0
202301000769,9.0,1.0,3.0,2.0,3.0,5.0,1.0,2.0
202301000772,8.0,1.0,2.0,2.0,3.0,5.0,1.0,2.0
202301000774,9.0,2.0,3.0,2.0,3.0,5.0,0.0,2.0
202301000777,9.0,1.0,2.0,2.0,3.0,5.0,,5.0
202301000782,9.0,1.0,2.0,2.0,3.0,5.0,1.0,4.0
202301000788,4.0,3.0,1.0,2.0,3.0,5.0,0.0,4.0
202301000794,5.0,2.0,3.0,1.0,3.0,5.0,1.0,3.0
202301000798,2.0,1.0,3.0,2.0,3.0,5.0,1.0,4.0
202301000800,1.0,2.0,1.0,1.0,3.0,5.0,1.0,1.0
202301000801,3.0,3.0,4.0,1.0,3.0,5.0,,5.0
202301000806,9.0,1.0,3.0,2.0,3.0,5.0,1.0,4.0
202301000807,9.0,1.0,3.0,1.0,3.0,5.0,1.0,5.0
202301000808,4.0,1.0,3.0,2.0,3.0,5.0,0.0,5.0
202301000812,7.0,1.0,4.0,2.0,3.0,5.0,,5.0
202301000817,7.0,3.0,4.0,1.0,3.0,5.0,,3.0
202301000819,9.0,2.0,3.0,1.0,3.0,5.0,0.0,5.0
202301000820,9.0,2.0,4.0,1.0,3.0,5.0,1.0,4.0
202301000821,7.0,3.0,2.0,2.0,3.0,5.0,0.0,5.0
202301000829,9.0,1.0,2.0,2.0,3.0,5.0,1.0,5.0
202301000832,9.0,1.0,2.0,1.0,3.0,5.0,0.0,4.0
202301000835,9.0,1.0,4.0,2.0,3.0,5.0,1.0,2.0
202301000837,9.0,1.0,2.0,2.0,3.0,5.0,1.0,5.0
202301000843,9.0,1.0,1.0,1.0,3.0,5.0,0.0,4.0
202301000855,9.0,1.0,3.0,1.0,3.0,5.0,0.0,2.0
202301000858,2.0,3.0,1.0,1.0,3.0,5.0,1.0,5.0
202301000861,2.0,2.0,3.0,2.0,3.0,5.0,0.0,4.0
202301000865,6.0,1.0,3.0,1.0,3.0,5.0,1.0,5.0
202301000871,,2.0,1.0,,,,0.0,5.0
202301000877,9.0,1.0,3.0,1.0,3.0,5.0,1.0,4.0
202301000879,9.0,1.0,2.0,2.0,3.0,5.0,1.0,4.0
202301000903,9.0,1.0,4.0,2.0,3.0,5.0,0.0,4.0
202301000910,5.0,1.0,2.0,2.0,3.0,5.0,,5.0
202301000916,2.0,1.0,1.0,1.0,3.0,5.0,1.0,2.0
202301000923,9.0,1.0,3.0,2.0,3.0,5.0,1.0,3.0
202301000931,9.0,1.0,4.0,2.0,3.0,5.0,0.0,5.0
202301000934,9.0,3.0,1.0,1.0,3.0,5.0,1.0,4.0
202301000938,6.0,2.0,2.0,1.0,3.0,5.0,1.0,2.0
202301000942,7.0,1.0,2.0,2.0,3.0,5.0,1.0,2.0
202301000943,3.0,1.0,1.0,2.0,3.0,5.0,1.0,2.0
202301000946,9.0,2.0,4.0,2.0,3.0,5.0,0.0,2.0
202301000958,9.0,1.0,3.0,1.0,3.0,5.0,1.0,3.0
202301000962,9.0,1.0,1.0,2.0,3.0,5.0,1.0,2.0
202301000971,9.0,1.0,3.0,2.0,4.0,4.0,0.0,5.0
202301000980,6.0,2.0,3.0,2.0,3.0,5.0,1.0,3.0
202301000981,4.0,2.0,1.0,2.0,3.0,5.0,0.0,4.0
202301000986,,1.0,,2.0,3.0,5.0,0.0,5.0
202301000989,9.0,2.0,3.0,1.0,3.0,5.0,0.0,5.0
202301000991,9.0,1.0,2.0,2.0,3.0,5.0,1.0,2.0
202301000997,7.0,2.0,2.0,1.0,3.0,5.0,1.0,2.0
202301001003,9.0,2.0,3.0,2.0,3.0,5.0,1.0,2.0
202301001005,9.0,2.0,3.0,1.0,3.0,5.0,0.0,5.0
202301001014,3.0,2.0,1.0,2.0,3.0,5.0,1.0,4.0
202301001016,6.0,1.0,2.0,2.0,3.0,5.0,0.0,2.0
202301001018,,2.0,1.0,2.0,3.0,5.0,0.0,5.0
202301001020,9.0,1.0,2.0,2.0,3.0,5.0,1.0,4.0
202301001026,9.0,3.0,1.0,2.0,3.0,5.0,0.0,5.0
202301001027,9.0,1.0,4.0,1.0,3.0,5.0,0.0,5.0
202301001049,9.0,2.0,4.0,2.0,3.0,5.0,0.0,4.0
202301001055,9.0,2.0,2.0,1.0,3.0,5.0,1.0,5.0
202301001057,8.0,1.0,4.0,2.0,3.0,5.0,,5.0
202301001061,6.0,2.0,1.0,2.0,3.0,5.0,1.0,2.0
202301001063,9.0,2.0,4.0,2.0,4.0,4.0,,5.0
202301001069,4.0,1.0,2.0,1.0,3.0,5.0,1.0,2.0
202301001082,7.0,2.0,4.0,1.0,4.0,3.0,0.0,3.0
202301001085,8.0,2.0,3.0,2.0,3.0,5.0,,5.0
202301001090,8.0,1.0,3.0,2.0,3.0,5.0,1.0,2.0
202301001103,9.0,2.0,4.0,2.0,4.0,4.0,1.0,2.0
202301001104,9.0,1.0,1.0,1.0,3.0,5.0,1.0,3.0
202301001113,9.0,1.0,3.0,2.0,3.0,5.0,0.0,2.0
202301001115,5.0,3.0,1.0,1.0,3.0,5.0,1.0,4.0
202301001119,8.0,1.0,1.0,1.0,3.0,5.0,1.0,5.0
202301001121,9.0,1.0,3.0,2.0,3.0,5.0,0.0,4.0
202301001122,9.0,1.0,3.0,2.0,3.0,5.0,0.0,4.0
202301001131,1.0,2.0,2.0,2.0,3.0,5.0,1.0,5.0
202301001134,9.0,3.0,1.0,1.0,3.0,5.0,1.0,3.0
202301001138,6.0,3.0,2.0,2.0,3.0,5.0,0.0,3.0
202301001139,9.0,1.0,2.0,1.0,3.0,5.0,0.0,5.0
202301001141,9.0,2.0,2.0,1.0,4.0,4.0,1.0,4.0
202301001143,9.0,1.0,2.0,1.0,3.0,5.0,0.0,2.0
202301001146,9.0,1.0,2.0,2.0,3.0,5.0,1.0,2.0
202301001148,9.0,1.0,2.0,2.0,3.0,5.0,1.0,2.0
202301001152,9.0,2.0,3.0,1.0,3.0,5.0,1.0,3.0
202301001155,7.0,2.0,4.0,1.0,3.0,5.0,0.0,2.0
202301001156,2.0,1.0,2.0,2.0,3.0,5.0,1.0,2.0
202301001159,5.0,2.0,2.0,2.0,4.0,3.0,1.0,4.0
202301001162,9.0,1.0,2.0,2.0,3.0,5.0,1.0,4.0
202301001163,,2.0,2.0,1.0,4.0,4.0,1.0,2.0
202301001166,9.0,1.0,1.0,2.0,3.0,5.0,1.0,2.0
202301001181,8.0,2.0,1.0,1.0,4.0,4.0,1.0,5.0
202301001182,9.0,2.0,3.0,1.0,3.0,5.0,0.0,4.0
202301001184,9.0,1.0,2.0,2.0,3.0,5.0,1.0,3.0
202301001185,9.0,1.0,2.0,2.0,3.0,5.0,0.0,5.0
202301001186,9.0,2.0,3.0,1.0,3.0,5.0,0.0,4.0
202301001198,1.0,1.0,3.0,2.0,3.0,5.0,1.0,4.0
202400000014,2.0,2.0,2.0,2.0,1.0,1.0,1.0,2.0
202400000021,9.0,1.0,4.0,1.0,1.0,1.0,0.0,4.0
202400000022,1.0,3.0,4.0,1.0,1.0,3.0,,5.0
202400000023,8.0,3.0,2.0,1.0,1.0,1.0,1.0,2.0
202400000037,4.0,1.0,1.0,1.0,1.0,1.0,1.0,4.0
202400000039,1.0,3.0,4.0,2.0,1.0,1.0,,5.0
202400000047,4.0,2.0,1.0,2.0,1.0,1.0,0.0,2.0
202400000070,9.0,1.0,3.0,2.0,1.0,3.0,1.0,5.0
202400000091,9.0,1.0,2.0,2.0,1.0,1.0,0.0,4.0
202400000111,2.0,3.0,1.0,1.0,5.0,3.0,1.0,2.0
202400000112,9.0,1.0,4.0,2.0,1.0,1.0,1.0,5.0
202400000114,9.0,1.0,2.0,1.0,3.0,5.0,1.0,2.0
202400000146,7.0,1.0,1.0,2.0,1.0,1.0,,5.0
202400000175,9.0,3.0,3.0,1.0,,3.0,0.0,4.0
202400000217,,1.0,,1.0,1.0,1.0,0.0,5.0
202400000234,9.0,3.0,4.0,1.0,1.0,1.0,,5.0
202400000240,1.0,3.0,2.0,1.0,1.0,1.0,0.0,2.0
202400000254,1.0,2.0,1.0,2.0,2.0,2.0,0.0,5.0
202400000278,1.0,3.0,1.0,2.0,1.0,1.0,,5.0
202400000316,3.0,2.0,1.0,2.0,1.0,3.0,1.0,4.0
202400000322,9.0,2.0,4.0,1.0,2.0,2.0,0.0,4.0
202400000370,6.0,1.0,1.0,1.0,1.0,3.0,1.0,3.0
202400000405,3.0,2.0,3.0,2.0,1.0,1.0,0.0,5.0
202400000422,3.0,2.0,2.0,1.0,4.0,4.0,1.0,2.0
202400000439,9.0,2.0,3.0,1.0,5.0,3.0,0.0,5.0
202400000459,9.0,1.0,3.0,1.0,1.0,1.0,0.0,5.0
202400000471,6.0,2.0,3.0,1.0,1.0,3.0,1.0,2.0
202400000480,6.0,1.0,1.0,1.0,1.0,1.0,0.0,2.0
202400000485,7.0,1.0,4.0,1.0,1.0,1.0,0.0,4.0
202400000510,9.0,1.0,4.0,2.0,4.0,3.0,,4.0
202400000558,6.0,2.0,1.0,2.0,1.0,1.0,0.0,5.0
202400000684,,1.0,1.0,2.0,1.0,3.0,1.0,4.0
202400000701,8.0,2.0,1.0,2.0,1.0,1.0,1.0,2.0
202400000760,7.0,1.0,1.0,1.0,1.0,1.0,1.0,2.0
202400000764,1.0,3.0,2.0,1.0,1.0,1.0,,5.0
202400000769,1.0,2.0,1.0,2.0,1.0,1.0,0.0,3.0
202400000778,2.0,2.0,4.0,1.0,1.0,3.0,,5.0
202400000864,5.0,2.0,2.0,2.0,1.0,1.0,,5.0
202400000873,3.0,3.0,1.0,2.0,3.0,5.0,1.0,3.0
202400000888,9.0,2.0,2.0,2.0,4.0,4.0,,5.0
202400000891,9.0,1.0,,1.0,3.0,5.0,0.0,5.0
202400000892,8.0,2.0,3.0,1.0,1.0,1.0,0.0,5.0
202400000922,9.0,1.0,2.0,2.0,4.0,4.0,1.0,2.0
202400000936,2.0,3.0,4.0,1.0,1.0,1.0,,2.0
202400000952,,3.0,4.0,2.0,1.0,1.0,,5.0
202400000955,6.0,1.0,1.0,2.0,1.0,1.0,1.0,4.0
202400000974,2.0,3.0,2.0,1.0,5.0,3.0,1.0,4.0
202400000989,1.0,3.0,4.0,1.0,1.0,3.0,0.0,5.0
202400001010,1.0,2.0,3.0,1.0,2.0,2.0,0.0,5.0
202400001016,,3.0,3.0,2.0,1.0,1.0,,5.0
202400001027,,1.0,3.0,1.0,4.0,4.0,1.0,2.0
202400001029,9.0,3.0,2.0,1.0,1.0,1.0,,3.0
202400001032,1.0,2.0,2.0,1.0,2.0,2.0,0.0,5.0
202400001060,7.0,1.0,3.0,2.0,3.0,5.0,0.0,1.0
202400001064,6.0,1.0,2.0,2.0,1.0,1.0,0.0,4.0
202400001079,1.0,1.0,1.0,1.0,3.0,5.0,1.0,2.0
202400001098,7.0,1.0,2.0,1.0,1.0,1.0,0.0,4.0
202400001114,9.0,1.0,2.0,1.0,1.0,1.0,1.0,5.0
202400001116,1.0,1.0,2.0,2.0,3.0,5.0,1.0,2.0
202400001137,1.0,2.0,1.0,2.0,2.0,2.0,,3.0
202400001142,5.0,3.0,4.0,1.0,1.0,1.0,0.0,5.0
202400001159,9.0,1.0,2.0,2.0,1.0,1.0,0.0,2.0
202400001178,2.0,2.0,1.0,2.0,1.0,3.0,0.0,2.0
202400001234,9.0,1.0,2.0,1.0,1.0,1.0,1.0,2.0
202400001254,8.0,1.0,3.0,2.0,1.0,1.0,,5.0
202400001258,2.0,2.0,1.0,2.0,1.0,3.0,1.0,5.0
202400001302,7.0,3.0,4.0,1.0,1.0,1.0,0.0,5.0
202400001306,4.0,2.0,2.0,1.0,1.0,1.0,1.0,4.0
202400001316,1.0,3.0,2.0,2.0,1.0,1.0,0.0,1.0
202400001325,1.0,2.0,2.0,1.0,1.0,1.0,1.0,2.0
202400001327,7.0,2.0,3.0,1.0,2.0,2.0,1.0,5.0
202400001405,4.0,1.0,4.0,2.0,2.0,2.0,0.0,5.0
202400001407,4.0,2.0,1.0,3.0,1.0,1.0,0.0,2.0
202400001417,4.0,3.0,1.0,2.0,1.0,1.0,,5.0
202400001425,4.0,3.0,2.0,2.0,2.0,3.0,0.0,5.0
202400001456,9.0,1.0,2.0,2.0,3.0,5.0,1.0,2.0
202400001492,6.0,1.0,4.0,2.0,1.0,1.0,0.0,4.0
202400001510,9.0,3.0,1.0,2.0,3.0,5.0,1.0,4.0
202400001518,9.0,1.0,4.0,1.0,1.0,1.0,,4.0
202400001519,,2.0,1.0,2.0,1.0,3.0,1.0,5.0
202400001534,8.0,1.0,4.0,1.0,1.0,1.0,1.0,4.0
202400001539,9.0,1.0,2.0,1.0,3.0,5.0,1.0,4.0
202400001598,2.0,2.0,3.0,1.0,1.0,1.0,,5.0
202400001610,3.0,3.0,3.0,2.0,1.0,1.0,,5.0
202400001621,9.0,2.0,3.0,1.0,1.0,1.0,1.0,4.0
202400001625,8.0,1.0,3.0,2.0,1.0,1.0,1.0,5.0
202400001632,1.0,3.0,2.0,2.0,1.0,3.0,,1.0
202400001688,1.0,3.0,3.0,2.0,1.0,1.0,,5.0
202400001705,1.0,3.0,4.0,2.0,1.0,1.0,,2.0
202400001722,9.0,1.0,2.0,1.0,1.0,1.0,1.0,2.0
202400001756,4.0,3.0,3.0,2.0,1.0,1.0,,5.0
202400001760,8.0,1.0,4.0,1.0,1.0,1.0,1.0,5.0
202400001797,1.0,2.0,2.0,2.0,1.0,1.0,0.0,5.0
202400001802,6.0,2.0,2.0,1.0,,3.0,1.0,2.0
202400001825,2.0,1.0,2.0,2.0,1.0,1.0,1.0,2.0
202400001847,3.0,2.0,1.0,1.0,1.0,1.0,0.0,5.0
202400001880,2.0,1.0,4.0,1.0,1.0,1.0,0.0,3.0
202400001892,3.0,2.0,2.0,1.0,1.0,1.0,0.0,4.0
202400001896,7.0,1.0,3.0,1.0,1.0,1.0,1.0,5.0
202400001898,4.0,2.0,4.0,2.0,1.0,1.0,,4.0
202400001936,6.0,1.0,1.0,1.0,1.0,1.0,0.0,3.0
202400001954,2.0,2.0,1.0,2.0,2.0,2.0,1.0,2.0
202400001977,9.0,1.0,2.0,2.0,1.0,1.0,1.0,2.0
202400002032,9.0,1.0,2.0,2.0,1.0,1.0,1.0,2.0
202400002033,9.0,2.0,3.0,1.0,1.0,3.0,,4.0
202400002051,1.0,3.0,3.0,1.0,1.0,1.0,0.0,5.0
202400002079,4.0,1.0,2.0,3.0,1.0,1.0,1.0,2.0
202400002101,6.0,2.0,3.0,2.0,1.0,3.0,,5.0
202400002105,4.0,1.0,2.0,2.0,1.0,1.0,1.0,4.0
202400002106,8.0,2.0,1.0,2.0,1.0,1.0,1.0,5.0
202400002129,9.0,1.0,2.0,1.0,1.0,1.0,1.0,4.0
202400002136,7.0,1.0,2.0,1.0,1.0,1.0,1.0,2.0
202400002138,5.0,2.0,3.0,2.0,2.0,2.0,0.0,5.0
202400002148,,,1.0,1.0,,3.0,1.0,3.0
202400002156,9.0,2.0,1.0,2.0,4.0,4.0,0.0,5.0
202400002159,4.0,3.0,3.0,1.0,1.0,1.0,0.0,5.0
202400002162,1.0,3.0,1.0,2.0,1.0,1.0,,5.0
202400002181,8.0,2.0,1.0,2.0,1.0,1.0,1.0,3.0
202400002195,5.0,3.0,3.0,1.0,1.0,1.0,,5.0
202400002199,4.0,2.0,1.0,1.0,1.0,1.0,1.0,4.0
202400002208,9.0,1.0,2.0,1.0,1.0,1.0,1.0,4.0
202400002209,1.0,3.0,2.0,1.0,1.0,1.0,0.0,5.0
202400002212,,2.0,2.0,2.0,1.0,1.0,1.0,4.0
202400002214,8.0,2.0,1.0,2.0,1.0,1.0,0.0,2.0
202400002227,4.0,3.0,4.0,1.0,2.0,2.0,1.0,4.0
202400002262,9.0,1.0,1.0,3.0,1.0,1.0,0.0,5.0
202400002265,2.0,2.0,2.0,1.0,1.0,1.0,1.0,3.0
202400002268,6.0,3.0,2.0,2.0,5.0,4.0,0.0,5.0
202400002274,9.0,1.0,3.0,1.0,1.0,1.0,1.0,2.0
202400002282,3.0,1.0,2.0,2.0,5.0,3.0,0.0,5.0
202400002304,9.0,2.0,3.0,2.0,1.0,1.0,0.0,5.0
202400002315,1.0,2.0,,2.0,2.0,2.0,0.0,5.0
202400002324,9.0,1.0,1.0,2.0,1.0,1.0,0.0,5.0
202400002334,5.0,1.0,2.0,1.0,1.0,1.0,1.0,2.0
202400002335,2.0,3.0,2.0,1.0,4.0,3.0,1.0,4.0
202400002371,1.0,2.0,2.0,2.0,1.0,1.0,,5.0
202400002387,9.0,3.0,4.0,1.0,1.0,1.0,,5.0
202400002408,1.0,3.0,4.0,1.0,1.0,1.0,,5.0
202400002412,6.0,2.0,3.0,2.0,1.0,1.0,0.0,5.0
202400002413,8.0,2.0,3.0,2.0,1.0,1.0,0.0,4.0
202400002433,9.0,1.0,2.0,1.0,1.0,1.0,1.0,3.0
202400002435,5.0,1.0,1.0,1.0,3.0,5.0,1.0,3.0
202400002461,2.0,3.0,3.0,2.0,1.0,3.0,0.0,2.0
202400002488,2.0,3.0,4.0,2.0,1.0,1.0,,5.0
202400002495,2.0,1.0,1.0,1.0,5.0,3.0,1.0,2.0
202400002508,8.0,1.0,1.0,1.0,1.0,1.0,1.0,5.0
202400002512,9.0,1.0,2.0,2.0,3.0,5.0,1.0,4.0
202400002514,3.0,1.0,4.0,2.0,1.0,1.0,,5.0
202400002518,9.0,1.0,1.0,1.0,1.0,1.0,1.0,4.0
202400002548,9.0,1.0,3.0,1.0,1.0,1.0,0.0,5.0
202400002568,4.0,2.0,2.0,1.0,1.0,1.0,1.0,4.0
202400002593,9.0,1.0,2.0,2.0,3.0,5.0,1.0,3.0
202400002595,3.0,3.0,2.0,1.0,1.0,3.0,0.0,3.0
202400002599,,1.0,4.0,1.0,1.0,1.0,,5.0
202400002606,3.0,2.0,1.0,1.0,1.0,1.0,1.0,4.0
202400002608,9.0,1.0,1.0,1.0,1.0,1.0,1.0,2.0
202400002614,9.0,2.0,4.0,1.0,1.0,1.0,0.0,5.0
202400002622,9.0,1.0,2.0,1.0,4.0,4.0,1.0,4.0
202400002626,8.0,2.0,3.0,1.0,1.0,1.0,0.0,4.0
202400002640,3.0,2.0,1.0,1.0,1.0,1.0,0.0,3.0
202400002647,6.0,2.0,1.0,2.0,4.0,4.0,,1.0
202400002655,9.0,3.0,4.0,1.0,1.0,1.0,1.0,5.0
202400002657,5.0,2.0,4.0,1.0,1.0,1.0,,5.0
202400002673,2.0,1.0,1.0,2.0,1.0,1.0,0.0,4.0
202400002692,1.0,1.0,2.0,2.0,1.0,1.0,1.0,4.0
202400002706,4.0,3.0,1.0,2.0,4.0,3.0,0.0,1.0
202400002721,9.0,1.0,1.0,1.0,1.0,3.0,1.0,5.0
202400002734,1.0,2.0,2.0,2.0,1.0,1.0,0.0,3.0
202400002741,3.0,1.0,1.0,1.0,1.0,1.0,1.0,5.0
202400002758,9.0,1.0,2.0,2.0,3.0,5.0,0.0,3.0
202400002774,6.0,2.0,2.0,1.0,1.0,1.0,0.0,2.0
202400002793,9.0,1.0,1.0,1.0,3.0,5.0,1.0,4.0
202400002797,3.0,3.0,3.0,1.0,1.0,1.0,,1.0
202400002818,7.0,2.0,1.0,2.0,3.0,5.0,1.0,2.0
202400002852,1.0,3.0,3.0,2.0,5.0,3.0,1.0,1.0
202400002858,1.0,3.0,3.0,2.0,5.0,3.0,0.0,5.0
202400002865,9.0,1.0,1.0,2.0,1.0,1.0,1.0,5.0
202400002884,1.0,3.0,1.0,1.0,2.0,2.0,0.0,2.0
202400002907,9.0,3.0,2.0,2.0,1.0,1.0,0.0,4.0
202400002920,9.0,3.0,2.0,2.0,1.0,1.0,0.0,5.0
202400002937,9.0,3.0,3.0,1.0,1.0,1.0,,5.0
202400002958,,1.0,,1.0,2.0,2.0,,5.0
202400002977,3.0,3.0,2.0,1.0,1.0,1.0,0.0,3.0
202400002991,9.0,1.0,4.0,1.0,1.0,1.0,0.0,2.0
202400003019,1.0,3.0,4.0,2.0,1.0,1.0,,4.0
202400003031,7.0,1.0,2.0,1.0,1.0,1.0,1.0,3.0
202400003043,1.0,3.0,2.0,2.0,1.0,3.0,,5.0
202400003055,1.0,3.0,4.0,1.0,1.0,1.0,,5.0
202400003089,9.0,2.0,4.0,1.0,1.0,1.0,1.0,2.0
202400003094,9.0,2.0,3.0,1.0,1.0,1.0,,5.0
202400003106,9.0,1.0,2.0,2.0,1.0,1.0,1.0,3.0
202400003119,9.0,2.0,1.0,2.0,1.0,3.0,,5.0
202400003137,4.0,2.0,1.0,2.0,1.0,1.0,0.0,5.0
202400003164,7.0,2.0,1.0,1.0,1.0,1.0,1.0,1.0
202400003183,7.0,3.0,4.0,1.0,1.0,1.0,0.0,4.0
202400003185,9.0,2.0,2.0,1.0,1.0,1.0,1.0,2.0
202400003186,3.0,3.0,2.0,2.0,3.0,5.0,0.0,1.0
202400003195,2.0,2.0,2.0,2.0,1.0,1.0,,5.0
202400003203,6.0,2.0,1.0,1.0,1.0,1.0,0.0,2.0
202400003213,,1.0,2.0,2.0,2.0,2.0,1.0,5.0
202400003221,1.0,3.0,3.0,1.0,1.0,1.0,0.0,5.0
202400003222,1.0,1.0,1.0,2.0,3.0,5.0,1.0,5.0
202400003227,1.0,3.0,4.0,1.0,2.0,2.0,,4.0
202400003255,1.0,3.0,4.0,1.0,1.0,1.0,,2.0
202400003263,9.0,3.0,1.0,1.0,3.0,5.0,1.0,4.0
202400003294,4.0,1.0,1.0,2.0,3.0,5.0,1.0,3.0
202400003304,3.0,2.0,2.0,1.0,1.0,1.0,1.0,2.0
202400003339,1.0,1.0,2.0,2.0,1.0,1.0,1.0,4.0
202400003340,1.0,3.0,1.0,1.0,1.0,3.0,1.0,1.0
202400003371,9.0,1.0,2.0,1.0,4.0,3.0,1.0,3.0
202400003388,2.0,2.0,3.0,1.0,1.0,1.0,0.0,5.0
202400003406,6.0,1.0,4.0,2.0,1.0,1.0,,5.0
202400003423,9.0,3.0,1.0,1.0,4.0,3.0,,3.0
202400003455,9.0,1.0,2.0,1.0,3.0,5.0,1.0,1.0
202400003468,7.0,2.0,2.0,1.0,1.0,1.0,1.0,2.0
202400003473,9.0,2.0,1.0,1.0,4.0,4.0,1.0,2.0
202400003508,9.0,2.0,2.0,1.0,1.0,1.0,1.0,3.0
202400003516,8.0,1.0,2.0,2.0,3.0,5.0,1.0,4.0
202400003536,8.0,2.0,2.0,2.0,1.0,1.0,1.0,3.0
202400003546,9.0,2.0,3.0,1.0,1.0,3.0,1.0,1.0
202400003549,3.0,1.0,1.0,1.0,1.0,1.0,1.0,4.0
202400003583,5.0,3.0,3.0,1.0,1.0,1.0,0.0,2.0
202400003634,1.0,3.0,3.0,1.0,1.0,1.0,,5.0
202400003645,1.0,2.0,2.0,2.0,1.0,1.0,1.0,2.0
202400003652,9.0,1.0,1.0,2.0,1.0,1.0,0.0,1.0
202400003656,1.0,3.0,1.0,2.0,3.0,5.0,1.0,4.0
202400003664,9.0,2.0,4.0,2.0,1.0,1.0,,5.0
202400003674,,2.0,,,,,0.0,4.0
202400003676,1.0,3.0,1.0,2.0,2.0,2.0,0.0,5.0
202400003722,1.0,3.0,4.0,2.0,1.0,1.0,,5.0
202400003735,1.0,3.0,2.0,2.0,1.0,3.0,,4.0
202400003744,1.0,1.0,1.0,2.0,1.0,3.0,1.0,5.0
202400003746,5.0,2.0,2.0,2.0,1.0,1.0,1.0,4.0
202400003758,1.0,2.0,1.0,1.0,5.0,3.0,0.0,5.0
202400003761,4.0,1.0,1.0,2.0,1.0,1.0,1.0,3.0
202400003804,9.0,1.0,2.0,2.0,1.0,1.0,1.0,2.0
202400003888,7.0,3.0,3.0,2.0,1.0,1.0,0.0,5.0
202400003898,1.0,2.0,1.0,1.0,1.0,1.0,1.0,3.0
202400003909,1.0,2.0,4.0,2.0,1.0,1.0,0.0,5.0
202400003912,1.0,2.0,4.0,2.0,1.0,1.0,0.0,5.0
202400003918,1.0,2.0,2.0,2.0,2.0,2.0,1.0,1.0
202400003920,6.0,2.0,2.0,1.0,2.0,2.0,0.0,3.0
202400003941,9.0,3.0,3.0,1.0,5.0,3.0,1.0,2.0
202400003956,3.0,3.0,1.0,2.0,1.0,1.0,1.0,5.0
202400003969,7.0,1.0,4.0,2.0,1.0,1.0,,5.0
202400003970,8.0,3.0,1.0,2.0,1.0,1.0,,4.0
202400003975,9.0,2.0,3.0,1.0,3.0,5.0,0.0,5.0
202400003992,6.0,3.0,2.0,1.0,1.0,1.0,0.0,5.0
202400004003,9.0,2.0,3.0,1.0,1.0,1.0,1.0,4.0
202400004022,9.0,1.0,3.0,1.0,1.0,1.0,1.0,4.0
202400004030,1.0,3.0,4.0,2.0,1.0,1.0,,5.0
202400004058,9.0,2.0,3.0,1.0,3.0,5.0,1.0,3.0
202400004072,4.0,1.0,3.0,2.0,1.0,1.0,0.0,5.0
202400004073,2.0,2.0,4.0,1.0,1.0,1.0,,4.0
202400004076,8.0,1.0,4.0,2.0,1.0,1.0,0.0,5.0
202400004082,3.0,3.0,3.0,2.0,1.0,3.0,0.0,4.0
202400004089,9.0,2.0,2.0,1.0,1.0,1.0,1.0,4.0
202400004091,7.0,1.0,3.0,2.0,1.0,1.0,1.0,3.0
202400004101,2.0,3.0,4.0,1.0,1.0,1.0,,5.0
202400004112,1.0,2.0,1.0,2.0,5.0,3.0,,5.0
202400004117,4.0,2.0,3.0,2.0,1.0,1.0,0.0,5.0
202400004158,5.0,3.0,3.0,1.0,1.0,1.0,,5.0
202400004189,2.0,2.0,2.0,2.0,1.0,1.0,1.0,4.0
202400004227,3.0,1.0,4.0,2.0,1.0,1.0,,3.0
202400004233,9.0,1.0,4.0,1.0,1.0,1.0,0.0,3.0
202400004236,7.0,3.0,2.0,2.0,1.0,1.0,0.0,3.0
202400004255,5.0,1.0,2.0,2.0,1.0,1.0,1.0,2.0
202400004259,,1.0,4.0,2.0,1.0,1.0,0.0,4.0
202400004265,9.0,1.0,2.0,2.0,1.0,1.0,1.0,3.0
202400004270,2.0,3.0,4.0,2.0,4.0,4.0,1.0,1.0
202400004271,2.0,2.0,2.0,2.0,2.0,2.0,,2.0
202400004282,9.0,1.0,4.0,2.0,1.0,1.0,0.0,5.0
202400004297,7.0,1.0,1.0,2.0,1.0,1.0,0.0,3.0
202400004307,4.0,3.0,3.0,2.0,1.0,1.0,,5.0
202400004312,8.0,1.0,4.0,2.0,1.0,1.0,0.0,5.0
202400004319,9.0,2.0,1.0,1.0,4.0,4.0,1.0,5.0
202400004324,1.0,2.0,1.0,2.0,,,0.0,5.0
202400004333,1.0,2.0,1.0,2.0,1.0,3.0,1.0,3.0
202400004339,9.0,1.0,2.0,1.0,1.0,1.0,0.0,5.0
202400004346,9.0,1.0,4.0,2.0,1.0,1.0,,5.0
202400004347,3.0,1.0,1.0,2.0,1.0,1.0,1.0,2.0
202400004358,5.0,3.0,1.0,1.0,4.0,4.0,1.0,3.0
202400004363,3.0,3.0,1.0,2.0,3.0,5.0,1.0,4.0
202400004366,3.0,2.0,3.0,2.0,1.0,1.0,0.0,5.0
202400004367,1.0,2.0,2.0,2.0,5.0,4.0,0.0,4.0
202400004373,7.0,3.0,2.0,2.0,1.0,1.0,0.0,2.0
202400004376,4.0,2.0,1.0,2.0,1.0,1.0,1.0,2.0
202400004389,5.0,1.0,,2.0,1.0,1.0,0.0,5.0
202400004409,9.0,2.0,4.0,1.0,1.0,1.0,0.0,5.0
202400004433,,3.0,2.0,2.0,,3.0,0.0,5.0
202400004436,1.0,3.0,2.0,2.0,1.0,3.0,0.0,5.0
202400004450,7.0,1.0,2.0,2.0,1.0,1.0,1.0,4.0
202400004458,1.0,3.0,2.0,1.0,2.0,2.0,0.0,5.0
202400004463,9.0,1.0,2.0,1.0,1.0,3.0,1.0,1.0
202400004464,9.0,1.0,3.0,2.0,1.0,1.0,,5.0
202400004473,4.0,1.0,2.0,2.0,4.0,4.0,1.0,2.0
202400004474,2.0,3.0,1.0,1.0,1.0,1.0,1.0,5.0
202400004480,1.0,2.0,1.0,2.0,1.0,3.0,0.0,4.0
202400004486,9.0,3.0,2.0,1.0,1.0,1.0,0.0,4.0
202400004489,5.0,1.0,1.0,2.0,1.0,3.0,1.0,2.0
202400004502,1.0,3.0,3.0,2.0,1.0,1.0,,5.0
202400004507,4.0,3.0,3.0,2.0,1.0,1.0,,2.0
202400004519,9.0,1.0,3.0,2.0,1.0,1.0,1.0,5.0
202400004521,9.0,1.0,1.0,1.0,1.0,1.0,0.0,2.0
202400004528,5.0,3.0,1.0,2.0,1.0,1.0,1.0,4.0
202400004537,9.0,1.0,4.0,1.0,1.0,1.0,0.0,5.0
202400004556,2.0,1.0,3.0,2.0,2.0,2.0,0.0,5.0
202400004563,9.0,1.0,2.0,1.0,1.0,1.0,0.0,5.0
202400004569,9.0,1.0,4.0,1.0,1.0,1.0,0.0,4.0
202400004575,5.0,1.0,2.0,2.0,1.0,1.0,0.0,4.0
202400004580,1.0,3.0,2.0,1.0,1.0,1.0,1.0,2.0
202400004596,9.0,1.0,2.0,1.0,1.0,1.0,1.0,5.0
202400004619,1.0,3.0,3.0,2.0,1.0,1.0,,5.0
202400004623,1.0,3.0,1.0,2.0,1.0,3.0,0.0,5.0
202400004633,9.0,3.0,4.0,1.0,1.0,1.0,0.0,2.0
202400004641,1.0,3.0,1.0,2.0,2.0,2.0,1.0,3.0
202400004648,9.0,1.0,4.0,1.0,1.0,1.0,1.0,4.0
202400004658,9.0,1.0,3.0,1.0,1.0,1.0,1.0,3.0
202400004661,9.0,1.0,3.0,2.0,1.0,1.0,0.0,2.0
202400004678,2.0,2.0,4.0,1.0,1.0,1.0,,5.0
202400004698,4.0,3.0,3.0,1.0,1.0,1.0,0.0,5.0
202400004711,8.0,1.0,1.0,2.0,1.0,3.0,1.0,4.0
202400004724,9.0,3.0,2.0,1.0,1.0,1.0,0.0,2.0
202400004725,1.0,2.0,1.0,2.0,1.0,1.0,,2.0
202400004762,6.0,2.0,1.0,2.0,1.0,3.0,1.0,4.0
202400004795,2.0,3.0,4.0,1.0,1.0,1.0,0.0,5.0
202400004796,4.0,1.0,1.0,1.0,2.0,2.0,1.0,2.0
202400004817,8.0,1.0,1.0,1.0,4.0,3.0,1.0,2.0
202400004822,2.0,3.0,2.0,2.0,1.0,3.0,,
202400004860,1.0,3.0,2.0,2.0,1.0,1.0,,5.0
202400004879,9.0,1.0,2.0,1.0,2.0,2.0,1.0,2.0
202400004880,9.0,1.0,2.0,1.0,1.0,1.0,1.0,5.0
202400004897,1.0,3.0,4.0,2.0,1.0,3.0,,4.0
202400004911,9.0,2.0,3.0,1.0,1.0,1.0,,2.0
202400004919,8.0,1.0,4.0,2.0,1.0,1.0,,5.0
202400004923,9.0,1.0,4.0,2.0,3.0,5.0,,5.0
202400004937,2.0,3.0,4.0,2.0,1.0,1.0,,4.0
202400004958,5.0,1.0,2.0,1.0,3.0,5.0,0.0,2.0
202400004969,9.0,1.0,3.0,2.0,1.0,1.0,0.0,2.0
202400004978,1.0,2.0,1.0,2.0,1.0,1.0,1.0,1.0
202400005007,9.0,2.0,1.0,2.0,1.0,1.0,1.0,2.0
202400005011,9.0,1.0,2.0,2.0,1.0,1.0,0.0,3.0
202400005021,3.0,1.0,1.0,2.0,1.0,1.0,1.0,3.0
202400005027,8.0,2.0,1.0,1.0,1.0,1.0,1.0,4.0
202400005041,9.0,1.0,2.0,1.0,1.0,1.0,1.0,2.0
202400005066,6.0,1.0,4.0,1.0,3.0,5.0,0.0,5.0
202400005079,,,3.0,1.0,1.0,1.0,1.0,2.0
202400005099,9.0,2.0,1.0,2.0,1.0,3.0,1.0,4.0
202400005109,2.0,2.0,1.0,2.0,1.0,1.0,,5.0
202400005117,9.0,1.0,3.0,1.0,3.0,5.0,1.0,2.0
202400005118,2.0,3.0,3.0,2.0,4.0,4.0,0.0,2.0
202400005129,9.0,3.0,1.0,1.0,1.0,1.0,0.0,2.0
202400005135,9.0,1.0,3.0,2.0,1.0,1.0,,4.0
202400005147,8.0,3.0,3.0,1.0,1.0,1.0,1.0,3.0
202400005149,2.0,1.0,1.0,1.0,1.0,1.0,1.0,2.0
202400005157,2.0,3.0,4.0,1.0,1.0,1.0,0.0,4.0
202400005168,5.0,2.0,3.0,1.0,1.0,1.0,0.0,4.0
202400005175,9.0,1.0,2.0,2.0,3.0,5.0,1.0,1.0
202400005197,9.0,1.0,2.0,2.0,1.0,1.0,0.0,3.0
202400005236,9.0,2.0,3.0,2.0,1.0,1.0,1.0,5.0
202400005247,5.0,1.0,2.0,2.0,1.0,1.0,0.0,2.0
202400005250,9.0,1.0,4.0,2.0,1.0,1.0,,5.0
202400005256,9.0,1.0,3.0,1.0,1.0,3.0,1.0,5.0
202400005257,6.0,1.0,4.0,1.0,1.0,1.0,0.0,5.0
202400005337,8.0,3.0,2.0,2.0,1.0,1.0,,5.0
202400005341,8.0,1.0,3.0,1.0,1.0,3.0,1.0,5.0
202400005362,4.0,2.0,3.0,1.0,2.0,2.0,,3.0
202400005368,1.0,1.0,1.0,1.0,1.0,3.0,1.0,4.0
202400005377,1.0,3.0,1.0,2.0,1.0,3.0,,4.0
202400005384,6.0,2.0,2.0,2.0,1.0,1.0,,5.0
202400005399,1.0,3.0,3.0,1.0,1.0,1.0,,5.0
202400005401,1.0,2.0,3.0,1.0,1.0,1.0,0.0,3.0
202400005409,9.0,1.0,3.0,1.0,1.0,1.0,1.0,4.0
202400005435,3.0,3.0,3.0,1.0,1.0,1.0,0.0,3.0
202400005448,4.0,2.0,3.0,2.0,1.0,1.0,0.0,4.0
202400005488,1.0,2.0,4.0,2.0,4.0,4.0,0.0,2.0
202400005489,7.0,3.0,3.0,1.0,2.0,2.0,,5.0
202400005525,9.0,1.0,4.0,2.0,1.0,1.0,1.0,3.0
202400005537,1.0,3.0,2.0,2.0,1.0,1.0,,3.0
202400005546,8.0,2.0,4.0,1.0,1.0,1.0,0.0,3.0
202400005556,2.0,3.0,1.0,1.0,5.0,3.0,1.0,5.0
202400005573,9.0,1.0,3.0,1.0,1.0,1.0,0.0,5.0
202400005581,4.0,1.0,1.0,2.0,1.0,1.0,0.0,2.0
202400005593,9.0,1.0,2.0,1.0,3.0,5.0,1.0,2.0
202400005616,5.0,1.0,4.0,1.0,1.0,1.0,,3.0
202400005617,5.0,3.0,4.0,1.0,4.0,4.0,0.0,2.0
202400005642,9.0,2.0,4.0,2.0,1.0,1.0,0.0,3.0
202400005650,2.0,1.0,1.0,1.0,1.0,1.0,1.0,5.0
202400005655,9.0,1.0,2.0,2.0,1.0,1.0,1.0,2.0
202400005657,9.0,1.0,4.0,1.0,1.0,1.0,0.0,2.0
202400005678,,1.0,,1.0,1.0,1.0,1.0,5.0
202400005685,4.0,3.0,4.0,1.0,1.0,1.0,,5.0
202400005687,9.0,1.0,2.0,1.0,1.0,1.0,1.0,2.0
202400005709,6.0,2.0,4.0,1.0,1.0,1.0,0.0,5.0
202400005737,6.0,1.0,1.0,2.0,1.0,1.0,1.0,4.0
202400005743,1.0,3.0,1.0,2.0,1.0,1.0,0.0,2.0
202400005787,1.0,3.0,4.0,2.0,1.0,1.0,,5.0
202400005820,9.0,3.0,3.0,1.0,1.0,1.0,,3.0
202400005821,8.0,1.0,,2.0,3.0,5.0,0.0,4.0
202400005822,1.0,3.0,4.0,2.0,1.0,1.0,,5.0
202400005829,4.0,1.0,1.0,2.0,1.0,1.0,1.0,2.0
202400005832,3.0,3.0,1.0,2.0,1.0,1.0,0.0,5.0
202400005842,9.0,1.0,3.0,1.0,1.0,1.0,0.0,4.0
202400005872,4.0,3.0,2.0,2.0,1.0,3.0,0.0,3.0
202400005874,9.0,1.0,2.0,1.0,3.0,5.0,1.0,4.0
202400005878,5.0,3.0,3.0,2.0,1.0,1.0,0.0,4.0
202400005906,3.0,2.0,1.0,2.0,1.0,1.0,0.0,3.0
202400005919,9.0,1.0,2.0,2.0,1.0,1.0,1.0,4.0
202400005946,1.0,1.0,4.0,2.0,,,0.0,5.0
202400005956,9.0,1.0,2.0,1.0,3.0,5.0,1.0,5.0
202400005978,1.0,2.0,3.0,1.0,2.0,2.0,,5.0
202400005990,9.0,3.0,3.0,1.0,1.0,1.0,,2.0
202400005992,1.0,1.0,4.0,1.0,1.0,1.0,1.0,5.0
202400005997,1.0,1.0,1.0,1.0,3.0,5.0,1.0,2.0
202400006023,2.0,3.0,1.0,1.0,1.0,1.0,0.0,5.0
202400006029,1.0,3.0,2.0,2.0,1.0,1.0,0.0,5.0
202400006041,7.0,2.0,2.0,1.0,1.0,1.0,1.0,2.0
202400006061,6.0,3.0,3.0,1.0,4.0,4.0,,5.0
202400006066,2.0,2.0,4.0,2.0,1.0,1.0,0.0,5.0
202400006096,8.0,2.0,2.0,1.0,1.0,3.0,0.0,4.0
202400006107,1.0,2.0,4.0,2.0,1.0,1.0,,5.0
202400006126,9.0,1.0,3.0,1.0,2.0,2.0,0.0,1.0
202400006139,9.0,1.0,1.0,2.0,1.0,3.0,1.0,2.0
202400006153,8.0,3.0,4.0,2.0,1.0,1.0,,5.0
202400006159,9.0,1.0,3.0,1.0,4.0,4.0,1.0,2.0
202400006173,4.0,1.0,4.0,2.0,1.0,1.0,0.0,5.0
202400006219,4.0,2.0,1.0,1.0,3.0,5.0,1.0,4.0
202400006234,4.0,1.0,1.0,2.0,1.0,1.0,1.0,4.0
202400006241,9.0,2.0,3.0,1.0,1.0,1.0,0.0,4.0
202400006258,2.0,3.0,2.0,1.0,1.0,1.0,1.0,5.0
202400006262,1.0,3.0,1.0,2.0,1.0,1.0,1.0,3.0
202400006277,8.0,1.0,3.0,1.0,2.0,2.0,0.0,5.0
202400006280,9.0,1.0,1.0,2.0,1.0,1.0,1.0,4.0
202400006287,7.0,3.0,1.0,2.0,1.0,1.0,1.0,4.0
202400006296,7.0,1.0,4.0,1.0,1.0,1.0,1.0,3.0
202400006303,1.0,2.0,3.0,1.0,2.0,2.0,,1.0
202400006334,9.0,1.0,3.0,2.0,1.0,1.0,,4.0
202400006352,7.0,2.0,1.0,1.0,1.0,1.0,1.0,2.0
202400006354,9.0,2.0,4.0,1.0,5.0,3.0,1.0,5.0
202400006361,6.0,3.0,3.0,1.0,1.0,1.0,0.0,5.0
202400006390,9.0,1.0,2.0,2.0,4.0,4.0,0.0,5.0
202400006402,2.0,3.0,4.0,2.0,5.0,4.0,,4.0
202400006428,9.0,2.0,2.0,1.0,1.0,1.0,1.0,1.0
202400006432,4.0,3.0,1.0,2.0,1.0,1.0,,5.0
202400006447,2.0,3.0,1.0,2.0,1.0,3.0,,5.0
202400006451,8.0,1.0,2.0,1.0,2.0,2.0,1.0,1.0
202400006469,1.0,3.0,3.0,2.0,1.0,1.0,0.0,5.0
202400006491,4.0,3.0,4.0,1.0,1.0,1.0,,
202400006527,9.0,1.0,2.0,1.0,3.0,5.0,1.0,2.0
202400006534,8.0,2.0,4.0,2.0,1.0,1.0,,5.0
202400006535,9.0,1.0,4.0,1.0,1.0,1.0,0.0,5.0
202400006543,,1.0,2.0,1.0,1.0,3.0,1.0,2.0
202400006553,5.0,2.0,1.0,2.0,3.0,3.0,0.0,3.0
202400006554,2.0,3.0,2.0,1.0,1.0,1.0,,5.0
202400006555,,1.0,1.0,2.0,3.0,5.0,1.0,4.0
202400006558,1.0,3.0,1.0,1.0,2.0,2.0,0.0,2.0
202400006559,9.0,1.0,1.0,2.0,3.0,5.0,1.0,3.0
202400006578,9.0,1.0,2.0,1.0,1.0,1.0,1.0,2.0
202400006580,9.0,1.0,1.0,2.0,1.0,1.0,0.0,2.0
202400006584,9.0,1.0,1.0,2.0,1.0,1.0,0.0,4.0
202400006587,9.0,1.0,2.0,1.0,1.0,1.0,1.0,3.0
202400006600,3.0,2.0,1.0,2.0,1.0,1.0,0.0,2.0
202400006602,1.0,,1.0,1.0,5.0,3.0,,5.0
202400006614,1.0,2.0,2.0,2.0,1.0,3.0,1.0,2.0
202400006617,4.0,1.0,2.0,1.0,1.0,1.0,0.0,4.0
202400006624,7.0,2.0,2.0,1.0,4.0,4.0,1.0,2.0
202400006633,1.0,1.0,3.0,2.0,1.0,1.0,0.0,3.0
202400006640,9.0,1.0,2.0,2.0,1.0,1.0,1.0,2.0
202400006657,9.0,1.0,1.0,2.0,1.0,1.0,1.0,2.0
202400006659,2.0,3.0,1.0,1.0,2.0,3.0,0.0,2.0
202400006677,9.0,1.0,2.0,1.0,1.0,1.0,1.0,2.0
202400006695,9.0,1.0,3.0,2.0,1.0,1.0,1.0,2.0
202400006701,8.0,2.0,3.0,1.0,1.0,1.0,,5.0
202400006741,7.0,1.0,2.0,2.0,1.0,1.0,1.0,4.0
202400006778,6.0,1.0,2.0,2.0,2.0,3.0,,5.0
202400006787,9.0,1.0,2.0,1.0,1.0,1.0,1.0,4.0
202400006837,9.0,1.0,1.0,1.0,1.0,1.0,1.0,5.0
202400006842,1.0,2.0,1.0,2.0,1.0,1.0,0.0,1.0
202400006848,1.0,2.0,3.0,2.0,1.0,1.0,,5.0
202400006862,5.0,1.0,1.0,2.0,1.0,1.0,1.0,4.0
202400006895,1.0,3.0,4.0,2.0,1.0,1.0,,5.0
202400006902,9.0,1.0,2.0,1.0,1.0,1.0,1.0,5.0
202400006914,3.0,1.0,2.0,2.0,3.0,5.0,1.0,4.0
202400006928,8.0,3.0,2.0,1.0,1.0,1.0,1.0,2.0
202400006931,9.0,1.0,1.0,1.0,1.0,1.0,1.0,4.0
202400006935,9.0,2.0,2.0,1.0,2.0,3.0,1.0,4.0
202400006980,,2.0,4.0,1.0,,,,2.0
202400006985,9.0,2.0,3.0,1.0,3.0,5.0,1.0,4.0
202400006989,2.0,1.0,2.0,2.0,1.0,1.0,0.0,5.0
202400006996,2.0,3.0,4.0,1.0,1.0,1.0,,5.0
202400007003,2.0,2.0,4.0,2.0,1.0,1.0,,5.0
202400007004,1.0,3.0,3.0,2.0,1.0,1.0,0.0,5.0
202400007016,2.0,2.0,2.0,2.0,1.0,3.0,1.0,2.0
202400007028,1.0,2.0,1.0,2.0,1.0,3.0,1.0,4.0
202400007033,4.0,2.0,1.0,2.0,1.0,3.0,,3.0
202400007043,1.0,2.0,2.0,1.0,1.0,3.0,1.0,4.0
202400007099,1.0,3.0,3.0,2.0,1.0,1.0,0.0,5.0
202400007101,9.0,3.0,3.0,2.0,1.0,3.0,1.0,1.0
202400007113,8.0,1.0,4.0,2.0,4.0,4.0,,2.0
202400007167,9.0,1.0,2.0,2.0,1.0,1.0,1.0,4.0
202400007212,7.0,3.0,4.0,2.0,1.0,1.0,,5.0
202400007230,2.0,2.0,2.0,2.0,2.0,2.0,0.0,2.0
202400007248,6.0,1.0,4.0,1.0,1.0,1.0,,5.0
202400007257,1.0,3.0,2.0,2.0,2.0,2.0,0.0,3.0
202400007268,3.0,2.0,3.0,2.0,1.0,1.0,1.0,5.0
202400007276,4.0,2.0,2.0,1.0,5.0,3.0,0.0,4.0
202400007304,3.0,2.0,3.0,1.0,1.0,1.0,0.0,4.0
202400007336,9.0,3.0,3.0,2.0,1.0,1.0,,5.0
202400007361,2.0,2.0,1.0,3.0,1.0,1.0,1.0,2.0
202400007364,7.0,3.0,3.0,1.0,1.0,1.0,,5.0
202400007369,3.0,3.0,4.0,2.0,1.0,1.0,0.0,5.0
202400007375,3.0,1.0,1.0,2.0,3.0,5.0,0.0,2.0
202400007390,3.0,2.0,1.0,2.0,1.0,3.0,1.0,5.0
202400007396,1.0,3.0,2.0,1.0,4.0,4.0,0.0,5.0
202400007407,5.0,3.0,1.0,1.0,1.0,1.0,1.0,4.0
202400007409,1.0,2.0,1.0,1.0,1.0,3.0,1.0,4.0
202400007421,4.0,2.0,2.0,1.0,1.0,1.0,1.0,2.0
202400007432,6.0,3.0,3.0,2.0,1.0,1.0,0.0,5.0
202400007434,4.0,1.0,1.0,3.0,1.0,1.0,0.0,4.0
202400007439,9.0,1.0,1.0,1.0,1.0,1.0,1.0,5.0
202400007454,3.0,3.0,1.0,2.0,5.0,3.0,0.0,5.0
202400007460,1.0,1.0,3.0,1.0,5.0,3.0,1.0,2.0
202400007473,6.0,3.0,1.0,1.0,1.0,1.0,0.0,5.0
202400007531,,1.0,2.0,2.0,,,0.0,5.0
202400007586,8.0,2.0,2.0,1.0,4.0,4.0,1.0,4.0
202400007588,9.0,1.0,2.0,3.0,1.0,1.0,1.0,3.0
202400007609,6.0,1.0,1.0,2.0,1.0,1.0,,5.0
202400007616,4.0,1.0,3.0,2.0,3.0,5.0,1.0,2.0
202400007653,9.0,1.0,2.0,1.0,1.0,1.0,0.0,2.0
202400007704,1.0,2.0,1.0,1.0,2.0,2.0,1.0,2.0
202400007707,7.0,2.0,3.0,1.0,1.0,1.0,0.0,5.0
202400007723,9.0,1.0,2.0,2.0,,,1.0,4.0
202400007736,9.0,1.0,2.0,1.0,1.0,1.0,1.0,1.0
202400007747,2.0,3.0,4.0,2.0,1.0,1.0,,5.0
202400007755,9.0,1.0,2.0,2.0,1.0,1.0,0.0,2.0
202400007775,6.0,2.0,3.0,1.0,1.0,1.0,0.0,5.0
202400007816,2.0,1.0,1.0,2.0,4.0,4.0,1.0,4.0
202400007868,2.0,3.0,3.0,1.0,1.0,1.0,0.0,5.0
202400007883,8.0,2.0,1.0,2.0,5.0,3.0,1.0,1.0
202400007908,2.0,2.0,1.0,2.0,1.0,3.0,0.0,3.0
202400007910,9.0,1.0,3.0,1.0,1.0,1.0,1.0,3.0
202400007951,3.0,3.0,3.0,2.0,2.0,2.0,,5.0
202400007954,6.0,1.0,3.0,2.0,3.0,5.0,0.0,5.0
202400007957,1.0,3.0,2.0,2.0,1.0,1.0,,5.0
202400007987,,1.0,4.0,2.0,,,1.0,3.0
202400007990,4.0,2.0,3.0,2.0,3.0,5.0,0.0,2.0
202400008016,1.0,2.0,2.0,1.0,5.0,3.0,0.0,4.0
202400008021,9.0,1.0,3.0,1.0,1.0,1.0,0.0,5.0
202400008031,,3.0,4.0,2.0,1.0,3.0,,5.0
202400008032,2.0,3.0,3.0,1.0,1.0,1.0,,5.0
202400008036,5.0,1.0,2.0,2.0,3.0,5.0,1.0,5.0
202400008056,2.0,2.0,1.0,2.0,1.0,3.0,1.0,4.0
202400008070,1.0,3.0,3.0,2.0,1.0,1.0,0.0,5.0
202400008076,8.0,3.0,2.0,1.0,4.0,4.0,0.0,5.0
202400008096,1.0,3.0,1.0,1.0,3.0,5.0,0.0,5.0
202400008114,6.0,2.0,3.0,2.0,1.0,1.0,,2.0
202400008125,9.0,1.0,2.0,2.0,3.0,5.0,1.0,2.0
202400008159,6.0,3.0,3.0,1.0,2.0,2.0,,5.0
202400008163,1.0,2.0,3.0,2.0,1.0,1.0,,5.0
202400008176,9.0,1.0,3.0,1.0,2.0,2.0,1.0,1.0
202400008187,9.0,2.0,2.0,1.0,1.0,1.0,0.0,2.0
202400008190,9.0,1.0,2.0,1.0,4.0,4.0,0.0,2.0
202400008196,5.0,3.0,4.0,2.0,1.0,1.0,0.0,5.0
202400008219,9.0,2.0,2.0,1.0,3.0,5.0,0.0,4.0
202400008235,6.0,2.0,1.0,2.0,1.0,3.0,0.0,3.0
202400008241,9.0,1.0,3.0,1.0,3.0,5.0,1.0,2.0
202400008244,8.0,2.0,2.0,2.0,1.0,1.0,,5.0
202400008264,1.0,2.0,4.0,1.0,2.0,2.0,0.0,5.0
202400008277,3.0,3.0,1.0,2.0,1.0,1.0,1.0,2.0
202400008301,9.0,1.0,2.0,1.0,1.0,1.0,1.0,1.0
202400008311,1.0,2.0,2.0,2.0,1.0,1.0,,1.0
202400008312,9.0,2.0,4.0,1.0,1.0,1.0,0.0,5.0
202400008319,,3.0,1.0,1.0,5.0,3.0,0.0,5.0
202400008332,9.0,1.0,2.0,2.0,1.0,1.0,0.0,4.0
202400008378,8.0,1.0,2.0,1.0,1.0,1.0,1.0,4.0
202400008392,2.0,1.0,,2.0,1.0,3.0,,2.0
202400008399,1.0,3.0,3.0,1.0,1.0,1.0,0.0,5.0
202400008406,,2.0,4.0,2.0,4.0,4.0,,2.0
202400008414,6.0,2.0,1.0,2.0,1.0,1.0,,3.0
202400008415,7.0,2.0,2.0,2.0,5.0,3.0,1.0,4.0
202400008422,6.0,1.0,1.0,2.0,1.0,1.0,1.0,3.0
202400008430,3.0,3.0,4.0,2.0,1.0,1.0,,5.0
202400008466,9.0,1.0,4.0,2.0,1.0,1.0,0.0,2.0
202400008500,9.0,1.0,3.0,1.0,3.0,5.0,1.0,5.0
202400008501,7.0,1.0,2.0,1.0,1.0,3.0,1.0,4.0
202400008503,5.0,3.0,1.0,2.0,1.0,1.0,0.0,3.0
202400008511,9.0,2.0,1.0,2.0,1.0,1.0,0.0,4.0
202400008530,2.0,2.0,3.0,2.0,1.0,1.0,0.0,5.0
202400008547,6.0,3.0,2.0,2.0,1.0,1.0,0.0,5.0
202400008555,9.0,1.0,2.0,2.0,1.0,1.0,1.0,3.0
202400008574,1.0,3.0,2.0,1.0,4.0,4.0,,5.0
202400008576,6.0,3.0,3.0,1.0,1.0,1.0,,5.0
202400008588,6.0,1.0,2.0,1.0,1.0,1.0,1.0,2.0
202400008603,3.0,1.0,2.0,1.0,4.0,4.0,1.0,4.0
202400008613,4.0,1.0,1.0,1.0,1.0,3.0,1.0,2.0
202400008624,7.0,2.0,1.0,2.0,1.0,1.0,,5.0
202400008626,9.0,3.0,3.0,1.0,1.0,3.0,1.0,4.0
202400008648,1.0,3.0,1.0,2.0,5.0,3.0,,5.0
202400008676,4.0,1.0,2.0,2.0,3.0,5.0,1.0,2.0
202400008688,1.0,3.0,1.0,2.0,2.0,2.0,0.0,1.0
202400008694,6.0,2.0,1.0,1.0,1.0,1.0,0.0,2.0
202400008697,1.0,1.0,1.0,2.0,1.0,1.0,0.0,3.0
202400008701,9.0,1.0,3.0,1.0,1.0,1.0,0.0,4.0
202400008721,9.0,1.0,2.0,1.0,1.0,1.0,1.0,5.0
202400008725,5.0,1.0,1.0,1.0,1.0,1.0,1.0,4.0
202400008739,8.0,2.0,2.0,2.0,1.0,3.0,1.0,3.0
202400008741,9.0,1.0,1.0,2.0,3.0,5.0,1.0,2.0
202400008757,,3.0,2.0,2.0,1.0,3.0,,5.0
202400008763,9.0,1.0,2.0,2.0,1.0,1.0,0.0,5.0
202400008771,9.0,3.0,2.0,1.0,1.0,1.0,1.0,1.0
202400008777,5.0,3.0,4.0,2.0,1.0,1.0,,2.0
202400008809,1.0,3.0,2.0,2.0,2.0,2.0,0.0,5.0
202400008818,3.0,3.0,2.0,1.0,1.0,1.0,,5.0
202400008820,9.0,1.0,2.0,1.0,1.0,1.0,1.0,2.0
202400008824,2.0,2.0,4.0,2.0,1.0,1.0,,5.0
202400008827,9.0,1.0,3.0,1.0,1.0,1.0,0.0,5.0
202400008836,9.0,1.0,1.0,2.0,1.0,1.0,1.0,2.0
202400008858,1.0,3.0,2.0,2.0,1.0,3.0,1.0,5.0
202400008863,8.0,3.0,3.0,1.0,1.0,1.0,1.0,2.0
202400008872,4.0,1.0,2.0,2.0,1.0,1.0,0.0,2.0
202400008900,9.0,1.0,2.0,1.0,1.0,1.0,0.0,2.0
202400008911,9.0,1.0,2.0,1.0,1.0,3.0,1.0,5.0
202400008927,8.0,3.0,3.0,1.0,1.0,1.0,0.0,5.0
202400008964,2.0,2.0,2.0,1.0,1.0,1.0,,3.0
202400008967,3.0,3.0,4.0,1.0,1.0,1.0,,5.0
202400008978,1.0,3.0,4.0,2.0,2.0,2.0,,5.0
202400008980,1.0,1.0,2.0,2.0,5.0,3.0,,4.0
202400009001,9.0,2.0,4.0,2.0,1.0,1.0,0.0,4.0
202400009002,3.0,2.0,3.0,2.0,2.0,2.0,0.0,5.0
202400009016,3.0,1.0,1.0,1.0,2.0,2.0,0.0,5.0
202400009022,8.0,3.0,3.0,1.0,1.0,1.0,0.0,1.0
202400009083,6.0,1.0,1.0,2.0,1.0,3.0,0.0,5.0
202400009089,5.0,1.0,4.0,1.0,1.0,3.0,,5.0
202400009090,5.0,1.0,3.0,1.0,2.0,2.0,1.0,4.0
202400009131,9.0,1.0,2.0,1.0,2.0,2.0,,1.0
202400009136,,3.0,,1.0,1.0,1.0,0.0,5.0
202400009137,9.0,1.0,2.0,2.0,3.0,5.0,0.0,4.0
202400009145,6.0,1.0,1.0,1.0,1.0,1.0,1.0,2.0
202400009161,2.0,3.0,2.0,2.0,2.0,2.0,,5.0
202400009172,1.0,2.0,2.0,1.0,5.0,3.0,1.0,4.0
202400009196,9.0,1.0,2.0,1.0,1.0,1.0,1.0,1.0
202400009199,1.0,2.0,2.0,2.0,4.0,4.0,0.0,5.0
202400009207,5.0,1.0,1.0,1.0,1.0,1.0,0.0,5.0
202400009213,9.0,1.0,1.0,1.0,1.0,3.0,1.0,2.0
202400009220,8.0,1.0,2.0,2.0,1.0,1.0,1.0,2.0
202400009266,2.0,2.0,2.0,1.0,3.0,5.0,0.0,3.0
202400009273,2.0,3.0,2.0,1.0,2.0,3.0,,3.0
202400009305,2.0,2.0,2.0,2.0,2.0,2.0,0.0,5.0
202400009317,6.0,3.0,3.0,2.0,1.0,1.0,,5.0
202400009321,9.0,1.0,4.0,1.0,1.0,1.0,0.0,5.0
202400009325,1.0,3.0,2.0,2.0,1.0,3.0,,5.0
202400009328,4.0,3.0,4.0,1.0,1.0,1.0,,5.0
202400009333,9.0,1.0,2.0,1.0,1.0,1.0,1.0,2.0
202400009355,2.0,1.0,1.0,2.0,1.0,3.0,1.0,5.0
202400009384,9.0,2.0,2.0,1.0,1.0,1.0,1.0,2.0
202400009387,2.0,3.0,2.0,2.0,5.0,3.0,,5.0
202400009415,9.0,1.0,2.0,2.0,1.0,1.0,0.0,5.0
202400009419,9.0,2.0,2.0,1.0,1.0,3.0,0.0,2.0
202400009423,1.0,2.0,2.0,2.0,1.0,1.0,0.0,5.0
202400009436,2.0,1.0,1.0,2.0,1.0,3.0,1.0,3.0
202400009441,8.0,3.0,3.0,1.0,1.0,1.0,0.0,5.0
202400009445,1.0,2.0,1.0,2.0,1.0,1.0,,2.0
202400009448,1.0,3.0,2.0,1.0,1.0,1.0,1.0,2.0
202400009454,9.0,2.0,2.0,1.0,1.0,3.0,1.0,3.0
202400009461,,2.0,1.0,2.0,3.0,5.0,,4.0
202400009469,9.0,3.0,3.0,1.0,4.0,3.0,,1.0
202400009492,9.0,2.0,4.0,,1.0,1.0,,5.0
202400009528,,1.0,4.0,1.0,1.0,1.0,0.0,5.0
202400009535,1.0,3.0,3.0,2.0,1.0,1.0,,5.0
202400009553,2.0,3.0,4.0,1.0,2.0,2.0,,5.0
202400009555,8.0,1.0,1.0,2.0,1.0,1.0,1.0,4.0
202400009589,9.0,1.0,3.0,1.0,1.0,3.0,,4.0
202400009594,5.0,3.0,1.0,1.0,1.0,3.0,1.0,4.0
202400009601,8.0,1.0,1.0,2.0,1.0,1.0,1.0,3.0
202400009610,9.0,1.0,1.0,1.0,2.0,2.0,1.0,3.0
202400009611,5.0,2.0,3.0,2.0,1.0,1.0,1.0,2.0
202400009643,2.0,2.0,4.0,2.0,1.0,1.0,,5.0
202400009651,1.0,2.0,2.0,2.0,3.0,5.0,1.0,3.0
202400009652,3.0,2.0,4.0,2.0,1.0,1.0,0.0,5.0
202400009669,2.0,3.0,2.0,1.0,1.0,1.0,1.0,5.0
202400009730,9.0,2.0,3.0,1.0,2.0,2.0,0.0,5.0
202400009754,9.0,2.0,3.0,1.0,1.0,1.0,1.0,3.0
202400009763,8.0,1.0,2.0,1.0,1.0,1.0,0.0,5.0
202400009775,9.0,1.0,2.0,1.0,3.0,5.0,1.0,5.0
202400009795,6.0,1.0,2.0,1.0,2.0,2.0,0.0,5.0
202400009809,,1.0,,1.0,,,1.0,2.0
202400009834,3.0,3.0,4.0,1.0,1.0,1.0,,4.0
202400009835,1.0,1.0,2.0,2.0,2.0,2.0,,5.0
202400009907,4.0,1.0,2.0,2.0,4.0,3.0,1.0,2.0
202400009913,3.0,1.0,2.0,2.0,1.0,1.0,0.0,5.0
202400009914,3.0,1.0,2.0,1.0,1.0,1.0,1.0,3.0
202400009944,9.0,1.0,3.0,2.0,1.0,1.0,1.0,2.0
202400009953,9.0,2.0,4.0,2.0,1.0,1.0,,5.0
202400009985,3.0,2.0,4.0,2.0,1.0,1.0,0.0,5.0
202400009994,7.0,1.0,2.0,2.0,1.0,1.0,1.0,3.0
202400010017,8.0,3.0,3.0,2.0,4.0,4.0,,3.0
202400010024,2.0,3.0,2.0,2.0,2.0,2.0,,5.0
202400010031,4.0,1.0,2.0,2.0,3.0,5.0,0.0,2.0
202400010050,2.0,3.0,4.0,1.0,1.0,1.0,,5.0
202400010051,,1.0,,1.0,,,1.0,4.0
202400010063,9.0,2.0,1.0,1.0,1.0,1.0,0.0,2.0
202400010076,3.0,2.0,4.0,1.0,1.0,1.0,,5.0
202400010086,9.0,2.0,1.0,2.0,3.0,5.0,1.0,1.0
202400010099,5.0,2.0,1.0,2.0,2.0,2.0,0.0,3.0
202400010100,1.0,2.0,1.0,2.0,2.0,2.0,,3.0
202400010125,3.0,3.0,3.0,2.0,1.0,1.0,0.0,5.0
202400010129,1.0,3.0,2.0,2.0,1.0,1.0,,4.0
202400010137,9.0,1.0,2.0,2.0,4.0,4.0,0.0,2.0
202400010142,9.0,1.0,2.0,1.0,2.0,2.0,0.0,5.0
202400010143,2.0,1.0,1.0,2.0,1.0,1.0,0.0,2.0
202400010144,8.0,1.0,1.0,3.0,1.0,1.0,1.0,4.0
202400010145,9.0,1.0,2.0,1.0,1.0,1.0,0.0,3.0
202400010162,3.0,2.0,1.0,1.0,2.0,2.0,1.0,5.0
202400010177,9.0,2.0,2.0,2.0,1.0,1.0,0.0,3.0
202400010222,2.0,3.0,2.0,2.0,1.0,3.0,0.0,4.0
202400010223,6.0,2.0,1.0,2.0,1.0,1.0,0.0,5.0
202400010228,4.0,3.0,2.0,1.0,4.0,4.0,0.0,5.0
202400010234,1.0,3.0,4.0,2.0,1.0,1.0,,5.0
202400010263,9.0,2.0,3.0,1.0,1.0,1.0,1.0,2.0
202400010264,9.0,1.0,2.0,2.0,3.0,5.0,1.0,5.0
202400010286,1.0,2.0,1.0,1.0,1.0,1.0,1.0,4.0
202400010293,3.0,3.0,4.0,2.0,1.0,1.0,,2.0
202400010295,7.0,1.0,4.0,2.0,1.0,1.0,0.0,5.0
202400010296,1.0,1.0,1.0,1.0,3.0,5.0,1.0,1.0
202400010300,2.0,3.0,2.0,2.0,1.0,1.0,,5.0
202400010304,1.0,3.0,4.0,1.0,2.0,2.0,,5.0
202400010307,5.0,2.0,3.0,2.0,1.0,1.0,0.0,5.0
202400010317,5.0,2.0,1.0,2.0,1.0,1.0,1.0,3.0
202400010318,9.0,1.0,3.0,2.0,1.0,1.0,0.0,5.0
202400010322,,1.0,4.0,2.0,1.0,1.0,,5.0
202400010332,3.0,2.0,4.0,1.0,1.0,1.0,0.0,3.0
202400010340,3.0,2.0,2.0,1.0,4.0,4.0,1.0,2.0
202400010353,3.0,3.0,4.0,2.0,1.0,1.0,0.0,5.0
202400010367,,1.0,,2.0,1.0,1.0,0.0,4.0
202400010374,1.0,2.0,1.0,1.0,5.0,3.0,0.0,4.0
202400010445,1.0,2.0,1.0,1.0,1.0,1.0,1.0,4.0
202400010461,5.0,3.0,2.0,1.0,1.0,1.0,1.0,2.0
202400010464,9.0,1.0,3.0,1.0,1.0,1.0,1.0,2.0
202400010473,6.0,2.0,3.0,1.0,1.0,1.0,0.0,5.0
202400010494,9.0,2.0,2.0,1.0,1.0,3.0,1.0,2.0
202400010509,2.0,1.0,1.0,2.0,1.0,3.0,1.0,3.0
202400010518,1.0,3.0,4.0,2.0,1.0,1.0,,5.0
202400010521,9.0,1.0,3.0,2.0,1.0,1.0,1.0,2.0
202400010550,5.0,2.0,2.0,1.0,1.0,1.0,1.0,5.0
202400010606,5.0,1.0,3.0,1.0,1.0,3.0,0.0,5.0
202400010617,1.0,2.0,2.0,1.0,1.0,1.0,1.0,4.0
202400010628,9.0,1.0,2.0,1.0,1.0,1.0,0.0,4.0
202400010644,7.0,1.0,2.0,2.0,1.0,1.0,0.0,4.0
202400010687,9.0,1.0,2.0,2.0,1.0,1.0,1.0,2.0
202400010689,1.0,3.0,1.0,2.0,1.0,3.0,,3.0
202400010700,6.0,2.0,1.0,2.0,3.0,5.0,1.0,1.0
202400010705,9.0,3.0,3.0,1.0,2.0,2.0,0.0,5.0
202400010712,3.0,3.0,4.0,1.0,4.0,4.0,,4.0
202400010736,8.0,1.0,,1.0,1.0,3.0,1.0,5.0
202400010738,2.0,3.0,2.0,1.0,1.0,1.0,0.0,3.0
202400010766,5.0,3.0,2.0,1.0,1.0,1.0,0.0,5.0
202400010776,1.0,3.0,4.0,2.0,1.0,3.0,0.0,5.0
202400010786,9.0,1.0,4.0,2.0,1.0,1.0,1.0,4.0
202400010812,9.0,2.0,1.0,2.0,1.0,1.0,,4.0
202400010820,9.0,1.0,2.0,1.0,2.0,2.0,0.0,2.0
202400010824,1.0,3.0,3.0,1.0,1.0,1.0,0.0,3.0
202400010826,6.0,2.0,2.0,2.0,2.0,2.0,1.0,3.0
202400010830,9.0,2.0,2.0,1.0,4.0,4.0,1.0,5.0
202400010836,2.0,3.0,1.0,2.0,5.0,3.0,,5.0
202400010837,4.0,2.0,2.0,2.0,1.0,3.0,0.0,2.0
202400010843,1.0,3.0,2.0,2.0,4.0,3.0,0.0,5.0
202400010864,8.0,3.0,2.0,1.0,2.0,2.0,,5.0
202400010881,4.0,3.0,2.0,1.0,2.0,2.0,1.0,1.0
202400010887,6.0,3.0,2.0,1.0,1.0,1.0,1.0,2.0
202400010912,5.0,2.0,3.0,2.0,1.0,1.0,1.0,2.0
202400010921,9.0,2.0,3.0,1.0,1.0,1.0,,2.0
202400010929,3.0,1.0,2.0,2.0,2.0,2.0,,5.0
202400010931,4.0,3.0,2.0,2.0,4.0,4.0,1.0,3.0
202400010933,9.0,1.0,2.0,2.0,1.0,1.0,1.0,4.0
202400010935,9.0,1.0,2.0,2.0,1.0,1.0,1.0,4.0
202400010952,1.0,3.0,2.0,2.0,1.0,3.0,0.0,5.0
202400010964,8.0,3.0,3.0,2.0,1.0,1.0,0.0,2.0
202400010988,3.0,3.0,1.0,1.0,2.0,2.0,1.0,2.0
202400010989,5.0,3.0,3.0,1.0,1.0,1.0,0.0,5.0
202400011005,9.0,2.0,3.0,1.0,5.0,3.0,1.0,4.0
202400011011,5.0,2.0,4.0,1.0,1.0,1.0,,2.0
202400011017,9.0,2.0,2.0,2.0,1.0,1.0,,5.0
202400011018,9.0,1.0,3.0,2.0,1.0,1.0,0.0,3.0
202400011021,1.0,3.0,4.0,2.0,1.0,1.0,,5.0
202400011029,5.0,3.0,3.0,2.0,1.0,3.0,0.0,1.0
202400011053,5.0,1.0,3.0,2.0,1.0,3.0,,5.0
202400011065,4.0,2.0,3.0,2.0,1.0,1.0,0.0,2.0
202400011082,9.0,3.0,4.0,1.0,1.0,1.0,0.0,5.0
202400011085,7.0,1.0,2.0,1.0,3.0,5.0,1.0,3.0
202400011096,6.0,1.0,4.0,1.0,1.0,1.0,0.0,
202400011124,6.0,2.0,2.0,2.0,1.0,1.0,0.0,5.0
202400011125,3.0,2.0,2.0,2.0,1.0,1.0,,5.0
202400011145,9.0,1.0,3.0,1.0,1.0,1.0,0.0,2.0
202400011164,9.0,3.0,4.0,2.0,1.0,1.0,0.0,3.0
202400011190,9.0,1.0,3.0,1.0,1.0,1.0,0.0,5.0
202400011218,1.0,2.0,1.0,1.0,5.0,3.0,1.0,5.0
202400011225,4.0,3.0,1.0,1.0,1.0,1.0,1.0,4.0
202400011232,6.0,1.0,3.0,1.0,1.0,3.0,,
202400011252,4.0,3.0,3.0,1.0,1.0,1.0,0.0,5.0
202400011257,1.0,3.0,3.0,1.0,1.0,1.0,,5.0
202400011261,9.0,1.0,2.0,1.0,1.0,1.0,1.0,2.0
202400011294,2.0,3.0,3.0,1.0,1.0,1.0,,5.0
202400011295,1.0,1.0,1.0,2.0,1.0,1.0,1.0,2.0
202400011303,9.0,3.0,3.0,2.0,1.0,1.0,1.0,4.0
202400011314,6.0,1.0,1.0,2.0,2.0,2.0,0.0,5.0
202400011336,9.0,1.0,2.0,1.0,1.0,1.0,1.0,2.0
202400011339,3.0,2.0,2.0,2.0,1.0,1.0,,5.0
202400011340,1.0,2.0,2.0,2.0,2.0,2.0,1.0,2.0
202400011344,3.0,2.0,1.0,2.0,2.0,2.0,1.0,1.0
202400011359,1.0,2.0,4.0,2.0,1.0,1.0,,5.0
202400011382,9.0,3.0,3.0,1.0,2.0,2.0,,2.0
202400011399,7.0,1.0,2.0,2.0,1.0,1.0,0.0,4.0
202400011400,7.0,2.0,1.0,1.0,3.0,5.0,0.0,3.0
202400011414,1.0,3.0,4.0,1.0,1.0,1.0,0.0,5.0
202400011433,9.0,2.0,4.0,1.0,2.0,2.0,,4.0
202400011434,4.0,2.0,2.0,2.0,1.0,1.0,0.0,2.0
202400011445,,1.0,2.0,2.0,1.0,1.0,1.0,5.0
202400011453,1.0,3.0,2.0,2.0,2.0,2.0,1.0,5.0
202400011454,1.0,3.0,2.0,1.0,1.0,1.0,,5.0
202400011458,9.0,1.0,2.0,2.0,4.0,4.0,1.0,5.0
202400011467,1.0,3.0,4.0,1.0,1.0,1.0,,3.0
202400011472,4.0,2.0,2.0,1.0,5.0,3.0,1.0,3.0
202400011500,1.0,3.0,1.0,2.0,1.0,1.0,1.0,3.0
202400011502,9.0,1.0,2.0,2.0,1.0,1.0,0.0,5.0
202400011529,2.0,3.0,2.0,2.0,5.0,3.0,1.0,5.0
202400011532,9.0,1.0,1.0,1.0,3.0,5.0,1.0,2.0
202400011549,5.0,2.0,2.0,1.0,2.0,2.0,1.0,4.0
202400011630,1.0,2.0,2.0,1.0,1.0,3.0,,4.0
202400011658,1.0,3.0,4.0,1.0,1.0,1.0,1.0,5.0
202400011670,1.0,3.0,1.0,2.0,1.0,1.0,1.0,
202400011681,8.0,3.0,1.0,2.0,3.0,5.0,1.0,4.0
202400011685,8.0,2.0,1.0,2.0,1.0,1.0,1.0,5.0
202400011712,3.0,3.0,2.0,2.0,1.0,1.0,,5.0
202400011750,3.0,3.0,3.0,1.0,1.0,1.0,,5.0
202400011766,1.0,3.0,1.0,2.0,1.0,3.0,1.0,4.0
202400011778,4.0,1.0,4.0,1.0,1.0,1.0,1.0,5.0
202400011808,5.0,2.0,2.0,2.0,5.0,4.0,0.0,4.0
202400011829,5.0,2.0,1.0,1.0,5.0,3.0,1.0,3.0
202400011834,8.0,1.0,2.0,1.0,1.0,3.0,1.0,2.0
202400011853,1.0,3.0,4.0,2.0,1.0,1.0,,5.0
202400011867,9.0,1.0,3.0,1.0,1.0,1.0,1.0,5.0
202400011896,5.0,3.0,4.0,1.0,1.0,1.0,0.0,3.0
202400011907,4.0,3.0,2.0,2.0,1.0,1.0,0.0,5.0
202400011917,4.0,1.0,2.0,1.0,1.0,1.0,1.0,4.0
202400011941,,1.0,2.0,2.0,1.0,1.0,1.0,5.0
202400011946,1.0,3.0,4.0,2.0,1.0,1.0,,5.0
202400011951,2.0,3.0,3.0,2.0,4.0,4.0,1.0,5.0
202400011952,1.0,2.0,1.0,2.0,1.0,3.0,0.0,5.0
202400011991,9.0,1.0,2.0,1.0,1.0,1.0,0.0,3.0
202400011997,2.0,3.0,2.0,2.0,1.0,1.0,0.0,5.0
202400012031,9.0,1.0,2.0,1.0,1.0,3.0,1.0,2.0
202400012040,9.0,1.0,3.0,1.0,4.0,3.0,0.0,5.0
202400012094,1.0,3.0,4.0,1.0,1.0,1.0,,5.0
202400012107,9.0,1.0,2.0,1.0,1.0,1.0,1.0,2.0
202400012129,9.0,1.0,3.0,2.0,1.0,1.0,0.0,4.0
202400012147,8.0,1.0,2.0,2.0,1.0,3.0,1.0,1.0
202400012167,1.0,2.0,1.0,2.0,1.0,1.0,0.0,5.0
202400012184,,1.0,4.0,1.0,1.0,1.0,1.0,4.0
202400012201,3.0,3.0,4.0,1.0,1.0,1.0,,5.0
202400012202,9.0,1.0,4.0,2.0,1.0,1.0,0.0,5.0
202400012214,2.0,1.0,1.0,2.0,1.0,1.0,,5.0
202400012268,9.0,1.0,3.0,1.0,1.0,1.0,1.0,4.0
202400012274,9.0,1.0,2.0,1.0,4.0,4.0,0.0,5.0
202400012308,9.0,1.0,3.0,1.0,2.0,2.0,1.0,2.0
202400012309,9.0,1.0,2.0,1.0,2.0,2.0,1.0,3.0
202400012344,7.0,1.0,2.0,1.0,1.0,1.0,0.0,5.0
202400012363,1.0,3.0,4.0,1.0,1.0,1.0,0.0,3.0
202400012366,9.0,2.0,2.0,2.0,1.0,1.0,0.0,2.0
202400012385,6.0,1.0,4.0,2.0,1.0,1.0,0.0,4.0
202400012404,3.0,1.0,4.0,2.0,1.0,1.0,0.0,2.0
202400012421,9.0,1.0,2.0,1.0,2.0,2.0,0.0,2.0
202400012437,1.0,2.0,3.0,1.0,1.0,3.0,,5.0
202400012472,7.0,1.0,2.0,2.0,1.0,3.0,1.0,3.0
202400012512,2.0,2.0,2.0,1.0,1.0,1.0,,5.0
202400012522,9.0,1.0,2.0,2.0,1.0,1.0,1.0,4.0
202400012525,1.0,2.0,2.0,2.0,1.0,1.0,0.0,5.0
202400012527,8.0,2.0,3.0,1.0,1.0,1.0,0.0,5.0
202400012535,9.0,2.0,1.0,2.0,3.0,5.0,1.0,3.0
202400012540,1.0,3.0,1.0,3.0,5.0,4.0,0.0,3.0
202400012546,6.0,1.0,2.0,1.0,3.0,5.0,1.0,4.0
202400012551,,3.0,4.0,2.0,1.0,1.0,,5.0
202400012564,9.0,1.0,3.0,1.0,1.0,1.0,1.0,3.0
202400012604,9.0,1.0,4.0,1.0,1.0,1.0,0.0,4.0
202400012607,1.0,3.0,3.0,2.0,1.0,1.0,,5.0
202400012611,3.0,3.0,4.0,1.0,1.0,1.0,0.0,3.0
202400012639,7.0,3.0,1.0,1.0,2.0,2.0,,1.0
202400012670,9.0,1.0,1.0,2.0,1.0,1.0,0.0,2.0
202400012671,9.0,1.0,4.0,2.0,1.0,1.0,0.0,2.0
202400012676,3.0,3.0,1.0,1.0,,3.0,1.0,3.0
202400012678,9.0,2.0,2.0,1.0,1.0,1.0,,5.0
202400012694,1.0,2.0,3.0,2.0,5.0,3.0,,5.0
202400012705,5.0,1.0,4.0,2.0,1.0,1.0,0.0,3.0
202400012708,2.0,3.0,3.0,1.0,1.0,3.0,0.0,4.0
202400012738,6.0,1.0,2.0,1.0,1.0,1.0,1.0,2.0
202400012743,1.0,3.0,4.0,2.0,1.0,1.0,,5.0
202400012755,9.0,2.0,1.0,1.0,1.0,1.0,1.0,4.0
202400012768,9.0,1.0,2.0,2.0,5.0,3.0,1.0,2.0
202400012795,1.0,3.0,4.0,1.0,1.0,1.0,,5.0
202400012809,1.0,3.0,2.0,2.0,1.0,3.0,0.0,5.0
202400012811,4.0,3.0,2.0,2.0,1.0,3.0,,3.0
202400012817,5.0,1.0,1.0,1.0,1.0,1.0,1.0,5.0
202400012838,3.0,2.0,4.0,1.0,1.0,1.0,0.0,4.0
202400012857,9.0,2.0,3.0,1.0,1.0,1.0,1.0,5.0
202400012878,8.0,3.0,3.0,1.0,5.0,3.0,0.0,2.0
202400012883,4.0,3.0,3.0,1.0,1.0,1.0,0.0,5.0
202400012909,3.0,3.0,4.0,1.0,1.0,1.0,,5.0
202400012923,6.0,2.0,1.0,2.0,1.0,1.0,1.0,2.0
202400012956,5.0,2.0,3.0,2.0,1.0,1.0,0.0,5.0
202400012961,1.0,3.0,4.0,2.0,1.0,1.0,,5.0
202400012976,9.0,2.0,2.0,2.0,2.0,2.0,1.0,2.0
202400013006,1.0,3.0,1.0,1.0,1.0,1.0,1.0,4.0
202400013051,9.0,1.0,2.0,2.0,1.0,1.0,1.0,4.0
202400013056,9.0,1.0,3.0,2.0,2.0,2.0,1.0,5.0
202400013116,9.0,1.0,4.0,1.0,1.0,1.0,1.0,2.0
202400013118,4.0,3.0,4.0,2.0,1.0,1.0,0.0,2.0
202400013132,9.0,3.0,4.0,1.0,2.0,2.0,,5.0
202400013146,9.0,1.0,4.0,2.0,1.0,1.0,1.0,3.0
202400013151,6.0,3.0,4.0,1.0,1.0,1.0,0.0,5.0
202400013153,9.0,1.0,3.0,1.0,3.0,5.0,1.0,2.0
202400013163,9.0,3.0,1.0,2.0,3.0,5.0,1.0,4.0
202400013186,5.0,3.0,2.0,1.0,1.0,1.0,0.0,2.0
202400013201,,2.0,4.0,2.0,1.0,1.0,1.0,5.0
202400013237,3.0,2.0,1.0,1.0,1.0,1.0,1.0,3.0
202400013258,8.0,1.0,3.0,2.0,1.0,1.0,,5.0
202400013281,5.0,1.0,1.0,2.0,4.0,4.0,0.0,2.0
202400013285,2.0,3.0,4.0,1.0,1.0,1.0,0.0,2.0
202400013303,9.0,1.0,2.0,2.0,1.0,1.0,1.0,1.0
202400013311,9.0,2.0,2.0,1.0,1.0,1.0,0.0,5.0
202400013342,5.0,3.0,1.0,1.0,1.0,1.0,1.0,4.0
202400013381,8.0,1.0,4.0,2.0,1.0,1.0,0.0,3.0
202400013394,4.0,3.0,1.0,2.0,3.0,5.0,1.0,4.0
202400013399,9.0,1.0,2.0,2.0,4.0,3.0,,5.0
202400013408,6.0,1.0,1.0,1.0,1.0,1.0,0.0,4.0
202400013413,1.0,2.0,4.0,2.0,1.0,1.0,,5.0
202400013471,3.0,2.0,2.0,2.0,1.0,3.0,0.0,1.0
202400013480,8.0,2.0,2.0,1.0,1.0,1.0,1.0,4.0
202400013492,7.0,3.0,2.0,2.0,1.0,1.0,,5.0
202400013506,9.0,3.0,4.0,2.0,1.0,1.0,,2.0
202400013523,3.0,1.0,1.0,1.0,1.0,1.0,1.0,5.0
202400013529,1.0,2.0,2.0,2.0,1.0,1.0,1.0,5.0
202400013534,9.0,3.0,3.0,1.0,1.0,1.0,0.0,4.0
202400013549,9.0,1.0,3.0,2.0,1.0,1.0,0.0,5.0
202400013553,1.0,3.0,2.0,1.0,2.0,2.0,1.0,1.0
202400013597,3.0,1.0,4.0,1.0,1.0,1.0,,4.0
202400013601,9.0,1.0,4.0,2.0,1.0,1.0,0.0,2.0
202400013623,9.0,1.0,2.0,1.0,3.0,5.0,1.0,3.0
202400013648,7.0,3.0,4.0,1.0,1.0,1.0,,5.0
202400013695,5.0,2.0,2.0,1.0,1.0,1.0,0.0,5.0
202400013698,1.0,2.0,4.0,2.0,1.0,1.0,,5.0
202400013731,1.0,3.0,4.0,2.0,1.0,1.0,,5.0
202400013743,1.0,3.0,4.0,2.0,1.0,1.0,,5.0
202400013748,1.0,2.0,4.0,2.0,1.0,1.0,,3.0
202400013768,2.0,3.0,1.0,2.0,4.0,3.0,1.0,3.0
202400013769,1.0,3.0,4.0,2.0,1.0,1.0,,5.0
202400013786,7.0,2.0,4.0,2.0,5.0,3.0,0.0,5.0
202400013828,2.0,3.0,4.0,1.0,1.0,1.0,,5.0
202400013837,9.0,1.0,2.0,1.0,3.0,5.0,1.0,2.0
202400013855,4.0,1.0,1.0,2.0,1.0,1.0,1.0,2.0
202400013894,7.0,3.0,4.0,1.0,1.0,1.0,0.0,5.0
202400013895,1.0,3.0,2.0,1.0,2.0,2.0,0.0,3.0
202400013935,1.0,3.0,2.0,2.0,1.0,1.0,0.0,5.0
202400013940,4.0,2.0,3.0,1.0,2.0,2.0,0.0,4.0
202400013942,8.0,2.0,3.0,1.0,1.0,1.0,0.0,5.0
202400013949,9.0,1.0,2.0,2.0,1.0,1.0,1.0,2.0
202400013951,9.0,1.0,2.0,2.0,1.0,1.0,1.0,4.0
202400013953,,1.0,4.0,1.0,1.0,1.0,,5.0
202400013954,2.0,1.0,2.0,2.0,1.0,3.0,0.0,5.0
202400013974,6.0,3.0,4.0,2.0,1.0,1.0,,5.0
202400013975,1.0,2.0,1.0,2.0,2.0,2.0,0.0,4.0
202400013996,5.0,3.0,4.0,2.0,1.0,1.0,,5.0
202400014027,9.0,1.0,2.0,2.0,3.0,5.0,1.0,5.0
202400014039,2.0,2.0,4.0,2.0,4.0,4.0,1.0,2.0
202400014052,1.0,3.0,4.0,2.0,1.0,1.0,,5.0
202400014054,1.0,2.0,3.0,2.0,2.0,2.0,0.0,5.0
202400014070,1.0,1.0,2.0,1.0,4.0,3.0,0.0,3.0
202400014082,9.0,2.0,3.0,1.0,1.0,1.0,1.0,1.0
202400014128,1.0,3.0,1.0,2.0,1.0,1.0,,5.0
202400014130,1.0,3.0,4.0,2.0,4.0,3.0,0.0,2.0
202400014137,9.0,1.0,2.0,2.0,1.0,1.0,0.0,2.0
202400014142,3.0,2.0,3.0,2.0,1.0,1.0,0.0,5.0
202400014162,2.0,3.0,4.0,2.0,1.0,1.0,0.0,5.0
202400014176,2.0,2.0,2.0,1.0,1.0,1.0,1.0,5.0
202400014211,6.0,1.0,1.0,1.0,2.0,2.0,1.0,5.0
202400014213,1.0,3.0,3.0,1.0,2.0,2.0,1.0,4.0
202400014232,1.0,3.0,2.0,2.0,4.0,4.0,,4.0
202400014245,9.0,3.0,3.0,1.0,1.0,1.0,0.0,5.0
202400014251,5.0,1.0,,2.0,1.0,1.0,,5.0
202400014252,2.0,2.0,4.0,2.0,1.0,1.0,,4.0
202400014270,6.0,2.0,1.0,1.0,1.0,1.0,1.0,2.0
202400014278,6.0,1.0,2.0,2.0,1.0,1.0,1.0,2.0
202400014293,4.0,2.0,2.0,1.0,4.0,4.0,1.0,4.0
202400014298,9.0,1.0,4.0,2.0,1.0,1.0,1.0,3.0
202400014300,1.0,3.0,4.0,1.0,4.0,3.0,,5.0
202400014307,8.0,1.0,2.0,2.0,1.0,1.0,1.0,5.0
202400014309,9.0,1.0,2.0,1.0,4.0,4.0,1.0,2.0
202400014322,6.0,3.0,4.0,1.0,1.0,1.0,0.0,3.0
202400014333,4.0,2.0,2.0,3.0,4.0,3.0,1.0,4.0
202400014336,9.0,2.0,2.0,1.0,1.0,1.0,0.0,5.0
202400014349,8.0,1.0,3.0,1.0,2.0,2.0,0.0,2.0
202400014359,4.0,2.0,1.0,1.0,1.0,1.0,1.0,5.0
202400014365,9.0,1.0,2.0,1.0,3.0,5.0,1.0,2.0
202400014368,1.0,3.0,4.0,2.0,1.0,1.0,,5.0
202400014392,9.0,2.0,1.0,2.0,1.0,1.0,1.0,2.0
202400014401,2.0,3.0,1.0,2.0,1.0,1.0,1.0,2.0
202400014415,9.0,2.0,1.0,2.0,1.0,1.0,1.0,5.0
202400014428,1.0,1.0,2.0,1.0,4.0,4.0,1.0,4.0
202400014438,9.0,1.0,1.0,2.0,3.0,5.0,1.0,3.0
202400014440,3.0,2.0,2.0,2.0,1.0,3.0,0.0,5.0
202400014459,9.0,1.0,2.0,2.0,1.0,1.0,1.0,4.0
202400014466,4.0,1.0,1.0,1.0,1.0,1.0,1.0,2.0
202400014469,8.0,1.0,2.0,1.0,3.0,5.0,1.0,3.0
202400014487,9.0,3.0,2.0,1.0,1.0,1.0,0.0,5.0
202400014495,9.0,1.0,4.0,1.0,1.0,1.0,0.0,2.0
202400014521,9.0,1.0,2.0,2.0,1.0,1.0,,5.0
202400014540,4.0,2.0,2.0,2.0,1.0,1.0,0.0,1.0
202400014563,,3.0,4.0,2.0,1.0,1.0,,5.0
202400014564,1.0,2.0,2.0,1.0,1.0,1.0,0.0,5.0
202400014578,9.0,1.0,3.0,1.0,1.0,1.0,1.0,5.0
202400014582,9.0,1.0,1.0,2.0,1.0,1.0,1.0,4.0
202400014586,9.0,1.0,3.0,2.0,1.0,1.0,1.0,4.0
202400014587,6.0,1.0,1.0,2.0,1.0,1.0,0.0,5.0
202400014630,9.0,1.0,4.0,2.0,1.0,1.0,0.0,5.0
202400014640,,2.0,4.0,2.0,1.0,1.0,0.0,5.0
202400014641,5.0,2.0,2.0,2.0,1.0,1.0,1.0,5.0
202400014647,3.0,3.0,1.0,2.0,2.0,2.0,0.0,5.0
202400014661,8.0,1.0,1.0,1.0,1.0,1.0,1.0,2.0
202400014662,9.0,1.0,3.0,2.0,1.0,1.0,1.0,2.0
202400014674,9.0,2.0,2.0,1.0,1.0,1.0,1.0,4.0
202400014679,4.0,3.0,2.0,1.0,5.0,3.0,0.0,5.0
202400014691,5.0,2.0,2.0,2.0,2.0,2.0,0.0,5.0
202400014734,9.0,2.0,1.0,1.0,1.0,1.0,1.0,1.0
202400014768,5.0,3.0,4.0,1.0,1.0,1.0,0.0,2.0
202400014770,2.0,3.0,2.0,2.0,1.0,1.0,,5.0
202400014776,5.0,3.0,4.0,2.0,4.0,4.0,0.0,2.0
202400014782,1.0,3.0,4.0,2.0,1.0,1.0,,5.0
202400014784,9.0,3.0,2.0,2.0,2.0,2.0,0.0,3.0
202400014785,1.0,1.0,3.0,2.0,1.0,3.0,0.0,3.0
202400014820,3.0,3.0,1.0,3.0,1.0,3.0,1.0,2.0
202400014826,5.0,1.0,2.0,2.0,4.0,4.0,,4.0
202400014827,1.0,3.0,4.0,1.0,1.0,1.0,0.0,5.0
202400014848,2.0,1.0,1.0,1.0,1.0,3.0,1.0,1.0
202400014854,1.0,3.0,4.0,1.0,1.0,1.0,,5.0
202400014875,9.0,1.0,2.0,1.0,1.0,1.0,1.0,4.0
202400014895,1.0,3.0,3.0,2.0,1.0,1.0,,4.0
202400014899,9.0,3.0,3.0,1.0,1.0,1.0,0.0,5.0
202400014903,,3.0,4.0,2.0,1.0,1.0,,3.0
202400014909,9.0,1.0,3.0,2.0,1.0,1.0,1.0,2.0
202400014910,6.0,3.0,3.0,1.0,,,0.0,5.0
202400014917,7.0,1.0,4.0,1.0,1.0,1.0,0.0,2.0
202400014928,9.0,3.0,2.0,2.0,1.0,3.0,0.0,5.0
202400014948,5.0,1.0,2.0,1.0,1.0,1.0,1.0,5.0
202400014958,9.0,1.0,4.0,1.0,1.0,1.0,0.0,5.0
202400014976,9.0,1.0,4.0,2.0,1.0,1.0,0.0,3.0
202400014996,3.0,3.0,2.0,2.0,2.0,2.0,0.0,1.0
202400014998,5.0,1.0,1.0,3.0,1.0,1.0,0.0,3.0
202400015008,9.0,2.0,3.0,1.0,2.0,2.0,1.0,3.0
202400015034,9.0,3.0,4.0,2.0,1.0,1.0,,5.0
202400015067,9.0,1.0,2.0,1.0,3.0,5.0,1.0,1.0
202400015070,3.0,3.0,4.0,2.0,1.0,1.0,,4.0
202400015071,1.0,2.0,1.0,2.0,1.0,1.0,1.0,3.0
202400015083,4.0,1.0,3.0,2.0,1.0,1.0,0.0,4.0
202400015087,2.0,2.0,1.0,2.0,1.0,3.0,1.0,5.0
202400015095,1.0,1.0,4.0,2.0,1.0,1.0,,4.0
202400015109,2.0,2.0,4.0,1.0,1.0,1.0,0.0,3.0
202400015137,1.0,3.0,4.0,1.0,1.0,3.0,,5.0
202400015144,4.0,2.0,2.0,2.0,1.0,3.0,,4.0
202400015159,2.0,2.0,3.0,2.0,1.0,1.0,,5.0
202400015169,9.0,1.0,2.0,1.0,1.0,1.0,1.0,5.0
202400015172,8.0,1.0,2.0,2.0,1.0,1.0,1.0,5.0
202400015178,1.0,2.0,1.0,2.0,1.0,1.0,0.0,4.0
202400015185,7.0,1.0,4.0,2.0,1.0,1.0,0.0,2.0
202400015221,3.0,3.0,3.0,2.0,1.0,1.0,0.0,3.0
202400015222,8.0,3.0,4.0,1.0,1.0,3.0,1.0,3.0
202400015238,1.0,3.0,4.0,1.0,2.0,2.0,0.0,5.0
202400015245,9.0,1.0,3.0,1.0,1.0,1.0,1.0,2.0
202400015267,1.0,2.0,2.0,2.0,1.0,3.0,,5.0
202400015291,9.0,3.0,3.0,1.0,1.0,1.0,0.0,3.0
202400015301,9.0,3.0,1.0,1.0,1.0,3.0,0.0,5.0
202400015303,1.0,3.0,3.0,1.0,1.0,1.0,,5.0
202400015334,2.0,3.0,2.0,1.0,1.0,1.0,0.0,2.0
202400015352,6.0,1.0,4.0,1.0,2.0,2.0,1.0,3.0
202400015353,3.0,2.0,4.0,1.0,2.0,2.0,0.0,3.0
202400015381,3.0,2.0,4.0,1.0,2.0,2.0,0.0,5.0
202400015407,9.0,3.0,1.0,1.0,3.0,5.0,1.0,2.0
202400015456,5.0,1.0,3.0,1.0,1.0,3.0,1.0,2.0
202400015461,9.0,1.0,4.0,2.0,3.0,5.0,0.0,5.0
202400015481,4.0,2.0,2.0,1.0,3.0,5.0,1.0,1.0
202400015501,1.0,2.0,2.0,1.0,2.0,3.0,1.0,1.0
202400015507,8.0,3.0,2.0,1.0,1.0,1.0,1.0,5.0
202400015547,1.0,3.0,4.0,1.0,4.0,4.0,,5.0
202400015558,9.0,2.0,3.0,1.0,1.0,3.0,,5.0
202400015596,3.0,3.0,2.0,2.0,1.0,1.0,0.0,3.0
202400015599,3.0,3.0,4.0,1.0,1.0,1.0,,5.0
202400015624,3.0,2.0,1.0,2.0,1.0,1.0,1.0,5.0
202400015626,1.0,3.0,3.0,1.0,2.0,2.0,,2.0
202400015630,1.0,3.0,2.0,2.0,1.0,1.0,1.0,5.0
202400015631,1.0,1.0,1.0,2.0,1.0,1.0,1.0,2.0
202400015654,9.0,1.0,3.0,1.0,2.0,2.0,1.0,2.0
202400015656,1.0,1.0,3.0,1.0,1.0,1.0,,4.0
202400015696,2.0,2.0,2.0,1.0,1.0,1.0,1.0,2.0
202400015706,,1.0,,1.0,1.0,1.0,1.0,2.0
202400015708,1.0,1.0,3.0,2.0,1.0,1.0,0.0,4.0
202400015713,6.0,1.0,2.0,2.0,1.0,1.0,1.0,2.0
202400015722,1.0,3.0,2.0,2.0,1.0,1.0,0.0,5.0
202400015723,3.0,3.0,2.0,1.0,1.0,1.0,0.0,5.0
202400015724,9.0,1.0,2.0,1.0,2.0,2.0,1.0,5.0
202400015737,1.0,3.0,2.0,2.0,5.0,3.0,0.0,5.0
202400015741,1.0,2.0,2.0,2.0,1.0,1.0,,5.0
202400015755,4.0,3.0,3.0,1.0,5.0,3.0,0.0,4.0
202400015758,8.0,1.0,3.0,1.0,2.0,2.0,0.0,1.0
202400015761,1.0,2.0,4.0,2.0,1.0,1.0,0.0,5.0
202400015772,9.0,2.0,3.0,2.0,1.0,1.0,0.0,5.0
202400015777,9.0,1.0,2.0,1.0,1.0,1.0,1.0,4.0
202400015814,,3.0,,1.0,1.0,1.0,0.0,5.0
202400015847,9.0,2.0,3.0,1.0,1.0,1.0,0.0,5.0
202400015848,3.0,2.0,3.0,1.0,5.0,3.0,,5.0
202400015872,7.0,2.0,2.0,1.0,1.0,1.0,0.0,4.0
202400015903,1.0,3.0,2.0,2.0,1.0,3.0,,1.0
202400015907,2.0,2.0,1.0,1.0,1.0,3.0,0.0,4.0
202400015924,8.0,1.0,4.0,1.0,1.0,1.0,0.0,5.0
202400015935,3.0,1.0,3.0,2.0,1.0,1.0,,4.0
202400015950,2.0,3.0,4.0,2.0,2.0,2.0,0.0,4.0
202400015953,4.0,3.0,2.0,1.0,1.0,1.0,1.0,2.0
202400015961,9.0,1.0,4.0,1.0,1.0,1.0,1.0,4.0
202400015977,9.0,3.0,2.0,1.0,1.0,1.0,0.0,2.0
202400015996,9.0,2.0,2.0,1.0,1.0,1.0,0.0,5.0
202400016002,3.0,1.0,2.0,1.0,1.0,3.0,1.0,5.0
202400016025,2.0,3.0,2.0,2.0,1.0,3.0,0.0,5.0
202400016038,1.0,3.0,3.0,1.0,2.0,2.0,1.0,5.0
202400016046,,1.0,4.0,2.0,1.0,1.0,0.0,5.0
202400016064,9.0,3.0,3.0,1.0,1.0,1.0,1.0,2.0
202400016070,,1.0,4.0,1.0,1.0,1.0,,5.0
202400016072,1.0,3.0,3.0,1.0,1.0,1.0,,5.0
202400016095,8.0,3.0,3.0,1.0,1.0,1.0,0.0,5.0
202400016100,1.0,3.0,2.0,1.0,1.0,1.0,0.0,5.0
202400016136,1.0,3.0,1.0,2.0,2.0,2.0,,4.0
202400016184,3.0,2.0,1.0,2.0,2.0,2.0,0.0,5.0
202400016197,3.0,3.0,2.0,2.0,1.0,3.0,1.0,5.0
202400016200,6.0,2.0,3.0,1.0,1.0,1.0,0.0,2.0
202400016207,2.0,3.0,1.0,1.0,1.0,1.0,0.0,2.0
202400016210,1.0,3.0,4.0,2.0,1.0,1.0,0.0,5.0
202400016234,1.0,3.0,2.0,2.0,1.0,1.0,1.0,1.0
202400016242,2.0,3.0,3.0,1.0,2.0,2.0,,5.0
202400016293,2.0,3.0,2.0,2.0,1.0,1.0,0.0,5.0
202400016318,9.0,1.0,2.0,2.0,5.0,3.0,1.0,5.0
202400016361,9.0,1.0,2.0,1.0,1.0,1.0,1.0,2.0
202400016387,8.0,1.0,4.0,1.0,2.0,2.0,1.0,5.0
202400016392,5.0,3.0,4.0,1.0,1.0,1.0,0.0,
202400016398,9.0,2.0,3.0,1.0,1.0,1.0,1.0,4.0
202400016407,1.0,3.0,1.0,2.0,3.0,5.0,1.0,1.0
202400016409,,2.0,4.0,1.0,5.0,3.0,,5.0
202400016421,9.0,2.0,1.0,1.0,1.0,1.0,1.0,2.0
202400016428,4.0,3.0,2.0,2.0,1.0,1.0,,5.0
202400016496,9.0,1.0,2.0,1.0,5.0,3.0,1.0,5.0
202400016497,7.0,3.0,1.0,2.0,1.0,1.0,0.0,2.0
202400016523,9.0,3.0,3.0,2.0,1.0,1.0,,3.0
202400016529,9.0,2.0,3.0,1.0,1.0,1.0,0.0,4.0
202400016530,1.0,3.0,2.0,2.0,5.0,3.0,,5.0
202400016560,1.0,3.0,4.0,2.0,1.0,1.0,,5.0
202400016567,4.0,2.0,2.0,1.0,1.0,1.0,1.0,4.0
202400016574,8.0,3.0,3.0,1.0,1.0,1.0,,5.0
202400016606,1.0,1.0,3.0,1.0,1.0,3.0,1.0,5.0
202400016619,4.0,3.0,4.0,1.0,1.0,1.0,0.0,5.0
202400016625,6.0,1.0,2.0,1.0,2.0,2.0,0.0,1.0
202400016626,3.0,2.0,1.0,1.0,1.0,1.0,0.0,4.0
202400016629,1.0,2.0,1.0,1.0,1.0,1.0,1.0,5.0
202400016639,3.0,3.0,2.0,1.0,1.0,3.0,1.0,3.0
202400016643,9.0,1.0,2.0,2.0,1.0,1.0,1.0,3.0
202400016647,9.0,1.0,2.0,1.0,3.0,5.0,1.0,2.0
202400016665,2.0,3.0,2.0,3.0,1.0,1.0,1.0,5.0
202400016674,1.0,2.0,1.0,2.0,3.0,5.0,1.0,4.0
202400016703,8.0,1.0,2.0,1.0,1.0,1.0,1.0,3.0
202400016739,2.0,1.0,4.0,2.0,1.0,1.0,1.0,5.0
202400016750,,2.0,4.0,2.0,1.0,1.0,,5.0
202400016759,1.0,2.0,4.0,2.0,2.0,2.0,,5.0
202400016788,,3.0,2.0,2.0,1.0,1.0,1.0,5.0
202400016827,9.0,3.0,1.0,1.0,1.0,3.0,1.0,2.0
202400016829,3.0,2.0,2.0,1.0,1.0,1.0,0.0,5.0
202400016845,9.0,1.0,3.0,2.0,1.0,1.0,0.0,5.0
202400016848,2.0,3.0,2.0,1.0,5.0,3.0,0.0,4.0
202400016862,1.0,1.0,3.0,1.0,3.0,5.0,,5.0
202400016867,9.0,1.0,2.0,2.0,3.0,5.0,0.0,4.0
202400016868,5.0,1.0,1.0,2.0,3.0,5.0,1.0,1.0
202400016882,8.0,1.0,2.0,1.0,4.0,3.0,0.0,4.0
202400016884,1.0,3.0,1.0,1.0,1.0,1.0,1.0,4.0
202400016895,1.0,3.0,1.0,2.0,1.0,1.0,0.0,5.0
202400016906,8.0,2.0,1.0,1.0,1.0,3.0,1.0,2.0
202400016910,1.0,1.0,2.0,2.0,1.0,1.0,1.0,5.0
202400016924,4.0,1.0,4.0,2.0,1.0,1.0,0.0,4.0
202400016953,9.0,1.0,2.0,1.0,3.0,5.0,1.0,1.0
202400016983,1.0,3.0,2.0,2.0,1.0,3.0,,5.0
202400016985,6.0,3.0,4.0,1.0,1.0,1.0,,5.0
202400017019,1.0,3.0,2.0,2.0,1.0,1.0,,5.0
202400017043,5.0,1.0,1.0,2.0,5.0,3.0,,1.0
202400017051,1.0,2.0,2.0,2.0,1.0,3.0,,5.0
202400017087,9.0,3.0,4.0,1.0,1.0,1.0,0.0,4.0
202400017108,1.0,3.0,1.0,2.0,5.0,3.0,0.0,4.0
202400017124,2.0,3.0,4.0,1.0,1.0,1.0,,4.0
202400017126,6.0,2.0,3.0,2.0,1.0,1.0,,5.0
202400017137,6.0,1.0,4.0,2.0,4.0,4.0,0.0,5.0
202400017141,9.0,2.0,4.0,1.0,1.0,1.0,,3.0
202400017159,9.0,1.0,2.0,1.0,3.0,5.0,0.0,1.0
202400017162,8.0,1.0,1.0,2.0,1.0,1.0,0.0,5.0
202400017170,9.0,2.0,2.0,1.0,1.0,3.0,0.0,4.0
202400017196,9.0,1.0,3.0,2.0,1.0,1.0,1.0,4.0
202400017205,1.0,3.0,4.0,2.0,1.0,1.0,0.0,2.0
202400017211,7.0,2.0,2.0,1.0,1.0,1.0,0.0,2.0
202400017213,3.0,1.0,1.0,3.0,1.0,3.0,1.0,4.0
202400017233,2.0,3.0,2.0,2.0,5.0,3.0,1.0,2.0
202400017240,9.0,2.0,3.0,1.0,1.0,1.0,0.0,4.0
202400017247,9.0,1.0,2.0,1.0,4.0,3.0,1.0,4.0
202400017256,1.0,3.0,1.0,2.0,1.0,1.0,1.0,5.0
202400017265,4.0,1.0,4.0,1.0,1.0,1.0,0.0,3.0
202400017271,1.0,3.0,4.0,2.0,1.0,1.0,0.0,5.0
202400017284,9.0,1.0,2.0,1.0,1.0,1.0,1.0,2.0
202400017350,4.0,2.0,2.0,1.0,1.0,1.0,1.0,2.0
202400017360,4.0,2.0,4.0,1.0,4.0,4.0,,4.0
202400017419,8.0,1.0,1.0,2.0,1.0,1.0,1.0,4.0
202400017420,7.0,3.0,2.0,2.0,1.0,1.0,1.0,5.0
202400017446,1.0,3.0,2.0,2.0,1.0,3.0,,2.0
202400017475,6.0,2.0,3.0,2.0,1.0,1.0,0.0,2.0
202400017482,8.0,2.0,2.0,2.0,1.0,1.0,1.0,2.0
202400017483,1.0,3.0,3.0,2.0,2.0,2.0,,5.0
202400017505,1.0,3.0,1.0,2.0,1.0,1.0,1.0,3.0
202400017518,9.0,3.0,2.0,1.0,1.0,1.0,0.0,3.0
202400017538,9.0,1.0,4.0,1.0,3.0,5.0,,5.0
202400017540,2.0,2.0,3.0,2.0,2.0,3.0,,1.0
202400017556,2.0,1.0,3.0,2.0,2.0,2.0,1.0,2.0
202400017561,9.0,2.0,2.0,1.0,,3.0,0.0,5.0
202400017567,9.0,2.0,2.0,1.0,1.0,1.0,0.0,3.0
202400017591,9.0,1.0,1.0,2.0,3.0,5.0,1.0,2.0
202400017614,2.0,3.0,1.0,1.0,3.0,5.0,1.0,2.0
202400017666,7.0,2.0,1.0,3.0,1.0,1.0,1.0,2.0
202400017720,9.0,3.0,2.0,1.0,1.0,1.0,1.0,5.0
202400017726,9.0,2.0,4.0,1.0,1.0,1.0,0.0,5.0
202400017760,3.0,2.0,3.0,2.0,1.0,1.0,0.0,2.0
202400017779,1.0,2.0,4.0,1.0,1.0,1.0,,4.0
202400017786,2.0,1.0,2.0,2.0,1.0,1.0,0.0,2.0
202400017787,9.0,1.0,2.0,1.0,1.0,1.0,1.0,2.0
202400017797,4.0,1.0,2.0,1.0,3.0,5.0,1.0,4.0
202400017816,9.0,1.0,4.0,2.0,1.0,1.0,1.0,2.0
202400017824,1.0,1.0,3.0,1.0,1.0,1.0,0.0,3.0
202400017829,4.0,2.0,3.0,2.0,1.0,1.0,0.0,3.0
202400017840,,1.0,,1.0,4.0,3.0,1.0,1.0
202400017851,2.0,2.0,2.0,2.0,2.0,2.0,0.0,5.0
202400017870,6.0,3.0,3.0,1.0,4.0,3.0,0.0,2.0
202400017883,1.0,1.0,1.0,1.0,1.0,3.0,1.0,2.0
202400017912,9.0,1.0,3.0,2.0,1.0,3.0,,5.0
202400017933,1.0,3.0,2.0,1.0,1.0,1.0,0.0,3.0
202400017940,3.0,1.0,3.0,1.0,1.0,1.0,0.0,2.0
202400017966,2.0,3.0,2.0,2.0,1.0,1.0,0.0,5.0
202400017969,9.0,1.0,2.0,1.0,1.0,1.0,1.0,2.0
202400017977,9.0,1.0,2.0,2.0,1.0,1.0,1.0,5.0
202400017982,7.0,2.0,1.0,2.0,4.0,4.0,0.0,5.0
202400017990,9.0,1.0,3.0,1.0,1.0,1.0,,3.0
202400017995,5.0,2.0,2.0,1.0,1.0,1.0,0.0,2.0
202400018027,8.0,1.0,3.0,1.0,1.0,3.0,,5.0
202400018081,9.0,3.0,1.0,1.0,1.0,1.0,1.0,2.0
202400018090,8.0,3.0,3.0,2.0,1.0,1.0,0.0,2.0
202400018101,,1.0,2.0,2.0,3.0,5.0,1.0,2.0
202400018103,5.0,3.0,1.0,1.0,1.0,1.0,1.0,5.0
202400018121,1.0,3.0,4.0,2.0,2.0,2.0,0.0,5.0
202400018147,9.0,2.0,3.0,1.0,1.0,1.0,0.0,5.0
202400018167,9.0,1.0,4.0,2.0,1.0,1.0,1.0,5.0
202400018171,1.0,3.0,1.0,2.0,5.0,3.0,0.0,5.0
202400018181,6.0,2.0,1.0,2.0,2.0,2.0,1.0,2.0
202400018225,9.0,1.0,2.0,1.0,2.0,2.0,1.0,3.0
202400018246,3.0,3.0,4.0,2.0,1.0,1.0,,4.0
202400018256,5.0,2.0,2.0,2.0,1.0,1.0,0.0,2.0
202400018264,5.0,1.0,2.0,1.0,,,1.0,3.0
202400018281,1.0,3.0,4.0,2.0,2.0,2.0,1.0,4.0
202400018301,6.0,1.0,2.0,1.0,4.0,3.0,1.0,1.0
202400018327,5.0,2.0,2.0,1.0,1.0,3.0,1.0,3.0
202400018333,1.0,1.0,2.0,1.0,3.0,5.0,0.0,1.0
202400018342,4.0,2.0,2.0,2.0,1.0,1.0,,5.0
202400018347,3.0,1.0,1.0,2.0,3.0,5.0,1.0,5.0
202400018354,7.0,3.0,2.0,1.0,1.0,1.0,,2.0
202400018360,9.0,1.0,2.0,1.0,4.0,4.0,0.0,5.0
202400018396,9.0,2.0,2.0,1.0,1.0,1.0,1.0,2.0
202400018414,3.0,2.0,2.0,1.0,2.0,2.0,1.0,5.0
202400018417,6.0,3.0,2.0,2.0,1.0,1.0,,5.0
202400018469,1.0,2.0,3.0,2.0,1.0,3.0,,4.0
202400018474,8.0,1.0,1.0,1.0,3.0,5.0,1.0,1.0
202400018569,9.0,1.0,2.0,2.0,2.0,2.0,1.0,1.0
202400018571,1.0,2.0,2.0,2.0,1.0,1.0,0.0,5.0
202400018592,9.0,1.0,1.0,1.0,4.0,4.0,1.0,2.0
202400018596,4.0,2.0,2.0,2.0,1.0,1.0,1.0,4.0
202400018603,9.0,3.0,4.0,1.0,1.0,1.0,,4.0
202400018656,1.0,3.0,2.0,2.0,1.0,3.0,,5.0
202400018659,2.0,2.0,1.0,1.0,1.0,1.0,0.0,5.0
202400018679,1.0,3.0,4.0,2.0,1.0,1.0,0.0,5.0
202400018707,9.0,1.0,2.0,2.0,1.0,1.0,,2.0
202400018728,7.0,1.0,2.0,2.0,5.0,3.0,,5.0
202400018738,5.0,2.0,1.0,2.0,1.0,3.0,1.0,2.0
202400018751,3.0,3.0,,1.0,1.0,1.0,0.0,5.0
202400018761,7.0,2.0,2.0,2.0,5.0,3.0,0.0,3.0
202400018771,,3.0,4.0,2.0,2.0,2.0,,5.0
202400018784,9.0,1.0,1.0,1.0,1.0,1.0,1.0,3.0
202400018785,2.0,2.0,1.0,1.0,5.0,3.0,0.0,2.0
202400018806,3.0,1.0,2.0,1.0,1.0,1.0,0.0,4.0
202400018838,5.0,1.0,1.0,1.0,3.0,5.0,1.0,2.0
202400018847,9.0,3.0,4.0,2.0,1.0,1.0,,4.0
202400018850,9.0,1.0,4.0,1.0,1.0,3.0,0.0,5.0
202400018855,6.0,2.0,1.0,2.0,1.0,1.0,1.0,2.0
202400018858,9.0,2.0,2.0,2.0,2.0,2.0,,5.0
202400018865,9.0,3.0,4.0,1.0,1.0,1.0,,5.0
202400018873,1.0,3.0,2.0,1.0,3.0,5.0,,5.0
202400018880,2.0,3.0,1.0,1.0,1.0,3.0,1.0,2.0
202400018899,9.0,3.0,4.0,1.0,1.0,1.0,0.0,5.0
202400018920,,3.0,1.0,1.0,,,1.0,3.0
202400018923,1.0,2.0,2.0,2.0,2.0,2.0,0.0,2.0
202400018927,9.0,2.0,3.0,1.0,1.0,1.0,1.0,1.0
202400018950,8.0,3.0,4.0,2.0,1.0,1.0,0.0,5.0
202400019018,3.0,2.0,3.0,2.0,1.0,1.0,,5.0
202400019023,,1.0,3.0,1.0,1.0,1.0,,3.0
202400019048,1.0,3.0,3.0,1.0,1.0,1.0,0.0,5.0
202400019097,7.0,1.0,2.0,1.0,1.0,3.0,1.0,3.0
202400019111,5.0,2.0,2.0,2.0,1.0,3.0,,4.0
202400019112,1.0,3.0,1.0,2.0,1.0,1.0,1.0,3.0
202400019114,9.0,3.0,4.0,1.0,1.0,1.0,0.0,5.0
202400019115,3.0,2.0,2.0,2.0,1.0,1.0,0.0,5.0
202400019125,,3.0,3.0,1.0,1.0,1.0,0.0,5.0
202400019150,6.0,1.0,2.0,2.0,1.0,1.0,0.0,3.0
202400019157,9.0,1.0,2.0,1.0,1.0,1.0,1.0,4.0
202400019182,8.0,3.0,1.0,1.0,4.0,4.0,1.0,5.0
202400019190,9.0,3.0,3.0,1.0,2.0,2.0,,5.0
202400019200,4.0,2.0,4.0,1.0,2.0,2.0,0.0,5.0
202400019265,5.0,2.0,2.0,2.0,1.0,1.0,0.0,5.0
202400019286,3.0,3.0,2.0,2.0,,3.0,,5.0
202400019290,1.0,3.0,4.0,2.0,2.0,2.0,,5.0
202400019297,5.0,2.0,4.0,2.0,1.0,1.0,,5.0
202400019298,8.0,1.0,2.0,1.0,3.0,5.0,1.0,3.0
202400019302,8.0,1.0,3.0,1.0,1.0,3.0,0.0,3.0
202400019324,9.0,2.0,2.0,1.0,1.0,1.0,1.0,2.0
202400019343,9.0,1.0,1.0,1.0,1.0,1.0,1.0,2.0
202400019386,9.0,2.0,3.0,2.0,1.0,1.0,1.0,3.0
202400019412,8.0,1.0,1.0,1.0,3.0,5.0,1.0,1.0
202400019445,1.0,1.0,3.0,2.0,1.0,1.0,0.0,5.0
202400019455,9.0,1.0,1.0,1.0,1.0,1.0,1.0,2.0
202400019469,5.0,1.0,3.0,2.0,1.0,1.0,1.0,2.0
202400019477,6.0,1.0,2.0,1.0,1.0,1.0,0.0,5.0
202400019520,8.0,1.0,4.0,1.0,1.0,1.0,0.0,5.0
202400019533,3.0,1.0,4.0,2.0,1.0,1.0,0.0,5.0
202400019541,7.0,1.0,1.0,1.0,1.0,1.0,1.0,3.0
202400019601,2.0,2.0,1.0,2.0,1.0,1.0,1.0,4.0
202400019602,4.0,2.0,2.0,2.0,1.0,1.0,0.0,3.0
202400019617,8.0,1.0,1.0,1.0,1.0,1.0,1.0,5.0
202400019620,1.0,1.0,2.0,1.0,1.0,1.0,0.0,2.0
202400019624,1.0,3.0,3.0,1.0,2.0,2.0,,5.0
202400019631,5.0,1.0,4.0,1.0,1.0,1.0,0.0,3.0
202400019632,9.0,1.0,4.0,1.0,1.0,1.0,0.0,4.0
202400019639,3.0,1.0,4.0,1.0,1.0,1.0,,3.0
202400019677,6.0,1.0,3.0,2.0,3.0,5.0,1.0,5.0
202400019678,2.0,3.0,3.0,1.0,1.0,1.0,,5.0
202400019689,8.0,2.0,3.0,1.0,1.0,1.0,0.0,4.0
202400019691,3.0,2.0,2.0,2.0,1.0,1.0,,5.0
202400019696,1.0,3.0,3.0,2.0,,,,5.0
202400019708,9.0,1.0,2.0,1.0,3.0,5.0,1.0,5.0
202400019749,8.0,1.0,2.0,2.0,1.0,1.0,1.0,4.0
202400019756,3.0,2.0,2.0,2.0,5.0,3.0,,5.0
202400019766,5.0,2.0,1.0,2.0,1.0,3.0,,1.0
202400019781,9.0,1.0,2.0,1.0,2.0,2.0,1.0,5.0
202400019784,4.0,1.0,1.0,1.0,1.0,1.0,1.0,2.0
202400019801,2.0,1.0,1.0,2.0,1.0,1.0,1.0,4.0
202400019813,9.0,1.0,2.0,2.0,3.0,5.0,1.0,3.0
202400019824,5.0,1.0,2.0,2.0,1.0,1.0,0.0,4.0
202400019853,1.0,3.0,3.0,1.0,1.0,1.0,1.0,2.0
202400019856,9.0,1.0,4.0,2.0,1.0,1.0,1.0,2.0
202400019877,2.0,3.0,4.0,1.0,1.0,1.0,,5.0
202400019886,9.0,1.0,3.0,1.0,3.0,5.0,1.0,4.0
202400019889,,3.0,1.0,,,3.0,0.0,5.0
202400019928,1.0,3.0,4.0,2.0,2.0,2.0,,5.0
202400019933,9.0,2.0,2.0,1.0,1.0,3.0,1.0,3.0
202400019964,1.0,3.0,2.0,2.0,1.0,1.0,,5.0
202400019980,9.0,2.0,3.0,2.0,1.0,1.0,0.0,5.0
202400019996,9.0,1.0,,2.0,2.0,2.0,1.0,1.0
202400020001,,2.0,1.0,,1.0,1.0,1.0,4.0
202400020019,4.0,1.0,3.0,1.0,1.0,3.0,0.0,5.0
202400020028,3.0,1.0,4.0,2.0,1.0,1.0,0.0,2.0
202400020039,9.0,2.0,2.0,2.0,1.0,1.0,,2.0
202400020052,9.0,1.0,2.0,1.0,,,1.0,1.0
202400020077,2.0,3.0,2.0,2.0,5.0,3.0,0.0,2.0
202400020110,1.0,3.0,1.0,,1.0,3.0,,5.0
202400020137,3.0,2.0,2.0,2.0,1.0,3.0,1.0,5.0
202400020141,9.0,2.0,3.0,1.0,1.0,1.0,0.0,5.0
202400020147,5.0,3.0,4.0,1.0,1.0,1.0,,5.0
202400020158,9.0,1.0,3.0,2.0,3.0,5.0,1.0,2.0
202400020169,1.0,2.0,3.0,2.0,1.0,1.0,0.0,5.0
202400020184,4.0,3.0,2.0,1.0,1.0,1.0,0.0,5.0
202400020201,8.0,2.0,2.0,1.0,4.0,4.0,1.0,4.0
202400020205,5.0,3.0,2.0,2.0,1.0,1.0,1.0,2.0
202400020215,4.0,3.0,1.0,1.0,2.0,2.0,1.0,2.0
202400020266,4.0,1.0,1.0,1.0,3.0,5.0,1.0,2.0
202400020290,6.0,1.0,2.0,2.0,3.0,5.0,,5.0
202400020331,9.0,1.0,3.0,1.0,4.0,4.0,1.0,5.0
202400020351,1.0,3.0,2.0,1.0,3.0,5.0,0.0,3.0
202400020359,6.0,3.0,2.0,1.0,1.0,1.0,0.0,5.0
202400020372,2.0,3.0,1.0,2.0,1.0,1.0,,5.0
202400020388,9.0,1.0,3.0,1.0,4.0,4.0,1.0,3.0
202400020400,9.0,1.0,1.0,1.0,1.0,3.0,1.0,5.0
202400020418,3.0,1.0,1.0,2.0,1.0,1.0,1.0,4.0
202400020441,1.0,3.0,4.0,2.0,1.0,1.0,,5.0
202400020456,4.0,3.0,1.0,2.0,1.0,1.0,1.0,1.0
202400020492,6.0,3.0,4.0,1.0,1.0,1.0,0.0,2.0
202400020493,9.0,2.0,2.0,1.0,5.0,3.0,0.0,5.0
202400020513,1.0,3.0,4.0,2.0,1.0,3.0,0.0,5.0
202400020515,9.0,2.0,2.0,1.0,1.0,1.0,1.0,4.0
202400020538,1.0,3.0,3.0,2.0,2.0,2.0,,5.0
202400020552,7.0,3.0,1.0,2.0,1.0,1.0,0.0,4.0
202400020561,5.0,1.0,4.0,2.0,1.0,1.0,1.0,3.0
202400020595,5.0,3.0,4.0,1.0,1.0,1.0,0.0,4.0
202400020639,9.0,1.0,3.0,1.0,1.0,1.0,0.0,5.0
202400020642,1.0,2.0,1.0,2.0,2.0,2.0,1.0,5.0
202400020644,1.0,3.0,2.0,2.0,1.0,1.0,,4.0
202400020645,1.0,3.0,2.0,2.0,1.0,1.0,,5.0
202400020651,3.0,3.0,2.0,1.0,1.0,3.0,0.0,3.0
202400020669,9.0,1.0,1.0,2.0,1.0,1.0,1.0,4.0
202400020712,1.0,2.0,1.0,2.0,1.0,1.0,0.0,5.0
202400020718,9.0,1.0,3.0,1.0,1.0,1.0,1.0,4.0
202400020727,9.0,3.0,3.0,1.0,5.0,3.0,,5.0
202400020734,1.0,3.0,4.0,2.0,1.0,1.0,0.0,5.0
202400020737,9.0,3.0,3.0,1.0,1.0,1.0,1.0,2.0
202400020738,2.0,2.0,2.0,2.0,5.0,3.0,0.0,3.0
202400020743,1.0,3.0,2.0,2.0,2.0,2.0,,5.0
202400020763,9.0,1.0,4.0,1.0,1.0,1.0,,2.0
202400020783,,1.0,4.0,2.0,1.0,1.0,,5.0
202400020792,9.0,2.0,1.0,2.0,4.0,4.0,1.0,3.0
202400020802,5.0,2.0,3.0,2.0,1.0,1.0,,5.0
202400020815,1.0,3.0,3.0,1.0,1.0,1.0,,5.0
202400020871,2.0,2.0,1.0,2.0,1.0,3.0,0.0,1.0
202400020889,1.0,3.0,1.0,2.0,1.0,1.0,1.0,5.0
202400020910,4.0,3.0,2.0,2.0,1.0,1.0,,5.0
202400020923,1.0,2.0,1.0,2.0,1.0,3.0,1.0,1.0
202400020924,2.0,3.0,4.0,2.0,1.0,1.0,,5.0
202400020935,2.0,3.0,1.0,1.0,1.0,3.0,1.0,3.0
202400020959,5.0,2.0,3.0,1.0,3.0,5.0,1.0,4.0
202400020993,9.0,1.0,3.0,1.0,1.0,3.0,1.0,5.0
202400020997,8.0,1.0,4.0,2.0,1.0,3.0,0.0,2.0
202400021016,1.0,3.0,3.0,1.0,1.0,1.0,1.0,5.0
202400021029,8.0,3.0,4.0,2.0,1.0,1.0,,5.0
202400021037,4.0,2.0,3.0,1.0,2.0,2.0,0.0,4.0
202400021043,9.0,1.0,3.0,1.0,3.0,5.0,0.0,4.0
202400021069,9.0,1.0,3.0,1.0,1.0,1.0,,5.0
202400021071,,1.0,4.0,2.0,1.0,1.0,1.0,3.0
202400021094,5.0,1.0,2.0,2.0,1.0,1.0,0.0,4.0
202400021095,6.0,1.0,2.0,1.0,1.0,1.0,1.0,4.0
202400021143,9.0,1.0,1.0,2.0,3.0,5.0,1.0,1.0
202400021157,7.0,2.0,4.0,2.0,1.0,1.0,,2.0
202400021159,9.0,2.0,3.0,1.0,1.0,1.0,1.0,5.0
202400021164,3.0,1.0,1.0,1.0,2.0,2.0,1.0,4.0
202400021199,1.0,1.0,1.0,2.0,3.0,5.0,1.0,5.0
202400021215,3.0,1.0,3.0,2.0,1.0,1.0,0.0,5.0
202400021228,9.0,1.0,3.0,2.0,2.0,2.0,1.0,5.0
202400021229,7.0,2.0,2.0,2.0,1.0,1.0,1.0,5.0
202400021238,6.0,2.0,2.0,1.0,1.0,1.0,1.0,5.0
202400021242,4.0,3.0,1.0,2.0,1.0,1.0,0.0,2.0
202400021279,6.0,1.0,1.0,1.0,1.0,1.0,1.0,1.0
202400021291,8.0,3.0,2.0,2.0,1.0,1.0,0.0,5.0
202400021292,7.0,3.0,2.0,2.0,1.0,1.0,0.0,2.0
202400021307,9.0,3.0,2.0,1.0,1.0,3.0,1.0,2.0
202400021321,4.0,2.0,4.0,1.0,1.0,1.0,,5.0
202400021326,3.0,2.0,1.0,1.0,1.0,3.0,0.0,5.0
202400021332,1.0,3.0,4.0,1.0,1.0,1.0,,4.0
202400021342,9.0,1.0,3.0,1.0,1.0,1.0,0.0,5.0
202400021349,3.0,2.0,1.0,1.0,1.0,1.0,1.0,5.0
202400021389,9.0,1.0,2.0,2.0,3.0,5.0,1.0,2.0
202400021416,3.0,1.0,2.0,1.0,3.0,5.0,1.0,2.0
202400021442,1.0,2.0,1.0,2.0,4.0,4.0,1.0,4.0
202400021443,,1.0,2.0,1.0,5.0,3.0,0.0,5.0
202400021445,2.0,3.0,1.0,2.0,1.0,1.0,0.0,4.0
202400021448,4.0,3.0,2.0,2.0,1.0,1.0,,5.0
202400021451,4.0,1.0,4.0,2.0,1.0,1.0,,5.0
202400021457,3.0,3.0,1.0,1.0,2.0,2.0,0.0,4.0
202400021483,9.0,1.0,2.0,1.0,3.0,5.0,1.0,4.0
202400021489,9.0,1.0,2.0,2.0,1.0,1.0,1.0,5.0
202400021491,5.0,1.0,1.0,1.0,1.0,1.0,1.0,1.0
202400021511,3.0,3.0,2.0,2.0,1.0,3.0,0.0,4.0
202400021520,9.0,1.0,2.0,2.0,1.0,1.0,0.0,5.0
202400021534,9.0,1.0,2.0,1.0,1.0,1.0,1.0,2.0
202400021546,9.0,1.0,2.0,1.0,2.0,2.0,1.0,3.0
202400021561,4.0,1.0,4.0,1.0,1.0,1.0,0.0,5.0
202400021608,2.0,1.0,2.0,2.0,3.0,5.0,1.0,3.0
202400021619,2.0,1.0,1.0,2.0,1.0,1.0,0.0,5.0
202400021641,8.0,1.0,3.0,1.0,1.0,3.0,1.0,2.0
202400021649,9.0,1.0,3.0,1.0,2.0,2.0,,3.0
202400021651,3.0,1.0,1.0,2.0,2.0,2.0,1.0,4.0
202400021677,6.0,2.0,2.0,1.0,1.0,1.0,0.0,2.0
202400021680,2.0,3.0,3.0,1.0,5.0,3.0,,5.0
202400021701,,2.0,1.0,2.0,4.0,4.0,1.0,5.0
202400021732,1.0,2.0,2.0,1.0,4.0,4.0,0.0,5.0
202400021738,9.0,1.0,4.0,2.0,1.0,1.0,0.0,4.0
202400021757,9.0,2.0,3.0,1.0,2.0,2.0,0.0,5.0
202400021761,6.0,1.0,2.0,1.0,1.0,1.0,1.0,5.0
202400021770,9.0,1.0,2.0,1.0,4.0,3.0,1.0,2.0
202400021777,3.0,2.0,3.0,2.0,1.0,1.0,,5.0
202400021794,3.0,2.0,4.0,1.0,1.0,1.0,,5.0
202400021826,1.0,1.0,1.0,1.0,3.0,5.0,,1.0
202400021838,3.0,3.0,4.0,1.0,1.0,1.0,0.0,5.0
202400021845,4.0,1.0,1.0,1.0,1.0,1.0,1.0,2.0
202400021860,6.0,3.0,4.0,1.0,1.0,1.0,0.0,4.0
202400021868,2.0,2.0,2.0,2.0,1.0,1.0,,5.0
202400021891,3.0,3.0,3.0,1.0,1.0,1.0,0.0,5.0
202400021894,9.0,1.0,2.0,1.0,1.0,1.0,1.0,1.0
202400021916,3.0,3.0,3.0,2.0,1.0,3.0,,2.0
202400021918,5.0,1.0,3.0,2.0,2.0,2.0,0.0,5.0
202400021944,8.0,1.0,4.0,1.0,3.0,5.0,0.0,3.0
202400021971,9.0,2.0,2.0,1.0,1.0,1.0,0.0,4.0
202400021995,1.0,2.0,1.0,2.0,2.0,2.0,1.0,5.0
202400022010,9.0,3.0,1.0,1.0,3.0,5.0,1.0,4.0
202400022013,4.0,3.0,1.0,1.0,2.0,2.0,0.0,5.0
202400022016,8.0,2.0,2.0,3.0,1.0,1.0,0.0,5.0
202400022020,5.0,3.0,3.0,1.0,2.0,2.0,0.0,4.0
202400022036,5.0,1.0,2.0,2.0,3.0,5.0,0.0,2.0
202400022049,8.0,1.0,2.0,2.0,1.0,1.0,1.0,3.0
202400022061,8.0,1.0,,,1.0,1.0,,2.0
202400022083,9.0,1.0,2.0,1.0,1.0,1.0,1.0,2.0
202400022084,9.0,2.0,4.0,1.0,1.0,1.0,0.0,4.0
202400022086,1.0,3.0,2.0,2.0,1.0,3.0,0.0,5.0
202400022102,7.0,1.0,4.0,2.0,1.0,1.0,,5.0
202400022107,2.0,2.0,3.0,2.0,2.0,2.0,,5.0
202400022135,7.0,2.0,1.0,2.0,1.0,1.0,0.0,5.0
202400022142,5.0,2.0,4.0,1.0,1.0,1.0,1.0,4.0
202400022149,9.0,2.0,1.0,2.0,1.0,1.0,1.0,2.0
202400022158,5.0,3.0,3.0,2.0,1.0,1.0,1.0,5.0
202400022171,9.0,1.0,4.0,1.0,1.0,1.0,,2.0
202400022175,4.0,3.0,2.0,2.0,2.0,2.0,0.0,2.0
202400022208,4.0,2.0,1.0,1.0,1.0,1.0,1.0,3.0
202400022214,9.0,1.0,4.0,1.0,1.0,1.0,1.0,2.0
202400022225,1.0,3.0,3.0,1.0,2.0,2.0,,5.0
202400022290,1.0,2.0,1.0,1.0,1.0,1.0,1.0,4.0
202400022303,4.0,3.0,3.0,1.0,2.0,2.0,1.0,3.0
202400022304,1.0,3.0,4.0,2.0,1.0,1.0,,5.0
202400022334,7.0,2.0,4.0,1.0,1.0,1.0,,5.0
202400022338,4.0,1.0,2.0,1.0,4.0,4.0,0.0,3.0
202400022347,1.0,1.0,1.0,2.0,5.0,3.0,,3.0
202400022368,2.0,2.0,2.0,2.0,1.0,1.0,,5.0
202400022378,,1.0,3.0,2.0,1.0,1.0,1.0,4.0
202400022392,9.0,3.0,3.0,1.0,1.0,1.0,0.0,5.0
202400022419,1.0,1.0,1.0,2.0,1.0,3.0,0.0,5.0
202400022434,,3.0,4.0,1.0,1.0,1.0,,5.0
202400022436,9.0,3.0,4.0,2.0,1.0,1.0,,5.0
202400022445,5.0,2.0,1.0,2.0,1.0,3.0,,5.0
202400022448,4.0,3.0,1.0,1.0,1.0,1.0,0.0,5.0
202400022453,9.0,1.0,2.0,1.0,3.0,5.0,1.0,5.0
202400022461,6.0,3.0,4.0,1.0,1.0,1.0,0.0,4.0
202400022485,1.0,2.0,2.0,2.0,4.0,4.0,1.0,5.0
202400022495,,1.0,,1.0,3.0,5.0,0.0,5.0
202400022500,4.0,1.0,4.0,2.0,1.0,1.0,,5.0
202400022502,2.0,2.0,4.0,2.0,2.0,2.0,,5.0
202400022538,4.0,1.0,1.0,1.0,3.0,5.0,1.0,5.0
202400022545,5.0,2.0,1.0,2.0,2.0,3.0,,3.0
202400022556,9.0,1.0,2.0,2.0,1.0,3.0,1.0,2.0
202400022558,1.0,3.0,2.0,2.0,1.0,1.0,1.0,2.0
202400022571,6.0,2.0,2.0,2.0,1.0,1.0,1.0,2.0
202400022574,6.0,3.0,4.0,2.0,1.0,1.0,,4.0
202400022641,5.0,3.0,2.0,2.0,1.0,3.0,0.0,5.0
202400022645,9.0,1.0,2.0,2.0,1.0,1.0,1.0,4.0
202400022653,4.0,1.0,1.0,1.0,3.0,5.0,1.0,2.0
202400022662,9.0,1.0,1.0,2.0,1.0,1.0,1.0,3.0
202400022668,9.0,1.0,4.0,2.0,1.0,1.0,0.0,4.0
202400022678,9.0,1.0,4.0,1.0,1.0,1.0,0.0,2.0
202400022689,3.0,3.0,2.0,1.0,5.0,3.0,,5.0
